/**
 * @file memcard.c
 * @brief Save-data SHA-1 and memory-card task unit (0x801CBBAC - 0x801D0AA0).
 *
 * Candidate reconstruction of the whole translation unit. Its sections are
 * .text 0x801CBBAC-0x801D0AA0, .rodata 0x802758E8-0x80279320 (banner, icon,
 * file-name strings), .data 0x8036DE70-0x8036E030 (the switch tables of
 * fn_801CDB04, fn_801CF9C8 and fn_801D0090), .bss 0x804670E8-0x80467378,
 * .sdata2 0x8047E160-0x8047E180 and .sbss 0x8047B3D0-0x8047B3D8.
 *
 * Unit flags: GC/2.5 -O4,p, -str reuse,readonly, -inline deferred.
 * Evidence for deferred inlining: with it MWCC emits the functions of a file
 * in reverse order and lays out .bss in reverse declaration order; this
 * source is written in reverse address order and gives the retail text
 * order and the retail .bss layout (SHA1Transform's workspace at +0x00, the
 * saved digest at +0x40, the block digest at +0x54, the key at +0x68). With
 * it fn_801CBCDC reaches the digest buffers off the unit's .bss base while
 * fn_801CBE44 names them directly, as retail does, and fn_801D0748 inlines
 * fn_801D055C (defined after it in the file).
 *
 * The small per-state handlers of fn_801CDB04 are static inline functions
 * returning the next state, like the five large ones that were not inlined
 * (fn_801CF320, fn_801CF568, fn_801CF7E4, fn_801CF9C8, fn_801CFD08). Their
 * returns give retail's shared "store next state" tails, and the handlers
 * whose early returns join (header read, write check, finish) cannot be
 * written as one flat case.
 *
 * task_kind and error_code are volatile: retail re-reads task_kind in nested
 * switches with no intervening store, and keeps the self-assignment
 * "error_code = error_code" in the end-access handler, which MWCC removes for
 * a non-volatile field.
 *
 * Status: all 23 functions are exact and the whole TU links (lane D9). The
 * last two:
 * - fn_801CDB04: the last-write check polls through memcardPollResultInto,
 *   which keeps the polled result in the caller's register (r30) for the
 *   store (RULE-EXCEPTION, listed in docs/RULE_EXCEPTIONS.md).
 * - fn_801CF9C8: the slot-header loop reads through a `task` copy of the
 *   state pointer and addresses each header as work_buffer + offset, without
 *   a header variable (retail colours the offset before the task pointer);
 *   the selected slot header is work_buffer + 0x1E000 + index * 0x200 and
 *   its save data header + 2 words, whose split constant gives retail's
 *   `addis; add r28,r0,r4; addi -0x1FF8`.
 * lbl_8047B3D0 and lbl_8047B3D4 are external: field_range_801CB180.c uses
 * them. sRandomArea is 8-byte aligned (retail 0x80467168).
 */
#include "dolphin/types.h"
#include "game/save/savedata_sha1.h"

typedef struct MemcardFileStatus {
    char file_name[0x20];
    u32 length;
    u32 time;
    u32 game_code;
    u16 company_code;
    u8 banner_format;
    u8 padding;
    u32 icon_address;
    u16 icon_format;
    u16 icon_speed;
    u32 comment_address;
    u32 banner_offset;
    u32 banner_tlut_offset;
    u32 icon_offsets[8];
    u32 icon_tlut_offset;
    u32 data_offset;
} MemcardFileStatus;

typedef struct SavedataBody {
    u8 data[0x1DFD0];
} SavedataBody;

/* Same size as SavedataBody; copied by value between the card image and the
 * live save data. */
typedef struct SavedataPayload {
    u8 bytes[0x1DFD0];
} SavedataPayload;

/* One 0x200-byte slot header after the save data (three of them). Word 1
 * holds the save count and word 3 makes the eight first words sum to zero. */
typedef struct MemcardSlotHeader {
    u32 words[0x80];
} MemcardSlotHeader;

typedef struct MemcardWorkBuffer {
    u8 header[8];
    SavedataBody savedata;
    u8 random[0x14];
    u8 hash[0x14];
    MemcardSlotHeader slot[3];
} MemcardWorkBuffer;

typedef struct MemcardDiskId {
    u32 game_code;
    u16 company_code;
    u8 disk_number;
    u8 game_version;
    u8 streaming;
    u8 streaming_buffer_size;
    u8 padding[0x16];
} MemcardDiskId;

typedef struct MemcardTaskState {
    volatile s32 task_kind;
    volatile s32 error_code;
    s32 task_result;
    s32 state;
    s32 resume_state;
    s32 card_channel;
    s32 mem_size;
    s32 sector_size;
    s32 field_20;
    s32 retry_count;
    s32 card_result;
    s32 field_2c;
    u32 serial_hi;
    s32 random_delay;
    u32 write_ticks;
    u8 callback_finished;
    u8 field_3d;
    u8 dialog_result;
    u8 initial_dialog_result;
    u8 format_requested;
    u8 serial_check_enabled;
    u64 card_serial;
    MemcardWorkBuffer* work_buffer;
    void* card_work_area;
    SavedataBody* savedata_status;
    s32 card_work_size;
    s32 next_state_after_delay;
    void* gapp;
    MemcardDiskId* disk_id;
    MemcardDiskId mounted_disk_id;
    struct {
        s32 chan;
        s32 file_no;
        u32 offset;
        u32 length;
        u16 start_block;
    } file_info;
    MemcardFileStatus stat;
} MemcardTaskState;


MemcardTaskState* lbl_8047B3D4;

typedef struct SavedataBlock {
    u8 field_0000[0xB328];
    u8 field_B328[0x16B4];
    u8 field_C9DC[0x1F8];
    u8 field_CBD4[0x58];
} SavedataBlock;

typedef union MemcardSaveHeader {
    struct {
        u8 valid;
        u8 initialized;
        u8 field_02;
        u8 field_03;
        s32 save_count;
        u8 savedata[0x18];
    } fields;
    u32 words[8];
} MemcardSaveHeader;

typedef struct MemcardSaveBuffer {
    MemcardSaveHeader header;
    u32 field_20;
    u8 field_24[0x1DFB4];
    u8 random[20];
    u8 hash[0x18];
} MemcardSaveBuffer;



#define CARD_RESULT_READY 0
#define CARD_RESULT_BUSY -1
#define CARD_RESULT_NOFILE -4
#define CARD_RESULT_BROKEN -6
#define CARD_RESULT_ENCODING -13

#define CARD_STAT_ICON_C8 1
#define CARD_STAT_ICON_MASK 3
#define CARD_STAT_BANNER_RGB5A3 2
#define CARD_STAT_BANNER_MASK 3
#define CARD_STAT_ANIM_LOOP 0x00
#define CARD_STAT_ANIM_MASK 0x04
#define CARD_STAT_SPEED_MIDDLE 2
#define CARD_STAT_SPEED_MASK 3

#define CARDSetIconAddress(stat, addr) ((stat)->icon_address = (u32)(addr))
#define CARDSetCommentAddress(stat, addr) ((stat)->comment_address = (u32)(addr))
#define CARDSetBannerFormat(stat, f) \
    ((stat)->banner_format = (u8)(((stat)->banner_format & ~CARD_STAT_BANNER_MASK) | (f)))
#define CARDSetIconAnim(stat, f) \
    ((stat)->banner_format = (u8)(((stat)->banner_format & ~CARD_STAT_ANIM_MASK) | (f)))
#define CARDSetIconFormat(stat, n, f) \
    ((stat)->icon_format = (u16)(((stat)->icon_format & ~(CARD_STAT_ICON_MASK << (2 * (n)))) | \
                                 ((f) << (2 * (n)))))
#define CARDSetIconSpeed(stat, n, f) \
    ((stat)->icon_speed = (u16)(((stat)->icon_speed & ~(CARD_STAT_SPEED_MASK << (2 * (n)))) | \
                                ((f) << (2 * (n)))))

typedef struct MemcardIconFile {
    char title[0x20];
    char comment[0x20];
    u8 banner[0x1800];
    u8 icon[0x2200];
    u32 checksum;
} MemcardIconFile;

u8 lbl_8047B3D0;

extern void* memcpy(void* dst, const void* src, u32 size);
extern void* memset(void* dst, s32 value, u32 size);
extern char* strcpy(char*, const char*);
extern s32 strcmp(const char* lhs, const char* rhs);

extern void* fn_800E202C(void* ptr);
extern void fn_800E24B0(void);
extern s32 fn_800E209C(void* ptr);
extern void fn_800E2C04(s32 size, s32 align);
extern void* fn_800E27B0(void);
extern void winMsgClose(s32 id);
extern void GSgappTerminate(void* app);
extern void* GSgappCreate(s32 state, u8 priority, void* param, void* callback);
extern u32 _fadeEffectGetRandom__FUl(u32 limit);
extern void _threadSwitch(void);
extern void* savedataGetStatus(void* data, s32 kind);
extern void savedataCreate(void* data, s32 index);
extern void winMsgOpen(s32 window, u32 message, s32 arg2, s32 arg3);
extern s8 menuSubOpenYesNo(s32 port, s32 x, s32 y, s32 initial);
extern void msgctrlSetValue(u32 id, u32 value);
extern s32 fn_800057A0(void);
extern s32 fn_800057A8(void);
extern u8 fn_800056C4(u8 value);
extern u8 fn_800056D4(void);
extern void fn_80072A00(s32 port);
extern s32 fn_80089D74(s32 port);
extern u8 fn_8008ABA0(s32 port);
extern void* gamedatasaveBiosGetPtr(void* ptr);
extern void gamedatasaveBiosSetMemcardID(void* ptr, u64 id);
extern u64 gamedatasaveBiosGetMemcardID(void* ptr);
extern u16 fn_8006A718(void* data);
extern void fn_8006AF44(void* data, void* arg);
extern u32 gamedatasaveGetStatus(void* data, s32 kind);
extern void gamedatasaveSetStatus(void* data, s32 kind, s32 value);
extern void* heroGetStatus(void* hero, s32 kind, s32 index);
extern void heroSetStatus(void* hero, s32 kind, void* data);
extern u16 fn_800E0C54(void);

typedef void (*CARDCallback)(s32 chan, s32 result);
typedef struct MemcardFileInfo MemcardFileInfo;
extern void CARDInit(void);
extern s32 CARDGetResultCode(s32 chan);
extern s32 CARDProbeEx(s32 chan, s32* mem_size, s32* sector_size);
extern s32 CARDMountAsync(s32 chan, void* work_area, CARDCallback detach_callback,
                          CARDCallback attach_callback);
extern s32 CARDUnmount(s32 chan);
extern s32 CARDCheckAsync(s32 chan, CARDCallback callback);
extern s32 CARDFormatAsync(s32 chan, CARDCallback callback);
extern s32 CARDFreeBlocks(s32 chan, s32* bytes_not_used, s32* files_not_used);
extern s32 CARDDeleteAsync(s32 chan, const char* file_name, CARDCallback callback);
extern s32 CARDCreateAsync(s32 chan, const char* file_name, u32 size, void* file_info,
                           CARDCallback callback);
extern s32 fn_800B4488(s32 chan, s32 file_no, void* file_info);
extern s32 CARDClose(void* file_info);
extern s32 CARDCancel(void* file_info);
extern s32 fn_800B4C7C(void* file_info, void* buffer, s32 length, s32 offset,
                       CARDCallback callback);
extern s32 CARDWriteAsync(void* file_info, const void* buffer, s32 length, s32 offset,
                          CARDCallback callback);
extern s32 fn_800B5530(s32 chan, s32 file_no, MemcardFileStatus* stat);
extern s32 CARDSetStatusAsync(s32 chan, s32 file_no, MemcardFileStatus* stat,
                              CARDCallback callback);
extern s32 CARDGetAttributes(s32 chan, s32 file_no, u8* attributes);
extern s32 fn_800B5BE4(s32 chan, s32 file_no, u8 attributes, CARDCallback callback);
extern s32 CARDGetSerialNo(s32 chan, u64* serial);
extern MemcardDiskId* fn_800B01AC(s32 chan);
extern s32 fn_800B01C4(s32 chan, MemcardDiskId* disk_id);

void fn_801CDB04(void);
s32 fn_801CF320(void);
s32 fn_801CF568(void);
s32 fn_801CF7E4(void);
s32 fn_801CF9C8(void);
s32 fn_801CFD08(void);
void fn_801D0080(s32 chan, s32 result);
u8 fn_801D0090(s32 error);
void* fn_801D0314(void* ptr);
void fn_801D039C(void);
s32 memcardGetTaskResult(void);
void fn_801D055C(s32 task_kind, s32 card_work_size, s32 card_channel);
u8 fn_801CBCDC(u8* data, u32 size, u32* expected, u32 offset);
void fn_801CBE44(u8* data, u32 size, u8* hash, u32 offset);

/* Backing store for the task state, which sits at a random 8-byte-aligned
 * offset inside it; u64 elements give retail's 8-byte alignment (0x804670E8
 * + 0x80, after sKey's padding). */
static u64 sRandomArea[0x210 / sizeof(u64)];
static u32 sKey[5];
static u32 sDigest[5];
static u32 sHash[5];

static const u8 sMemcardBanner[0x1800] = {
    0x00, 0x00, 0x00, 0x00, 0x00, 0x00, 0x00, 0x00, 0x00, 0x00, 0x00, 0x00, 0x00, 0x00, 0x00, 0x00,
    0x00, 0x00, 0x00, 0x00, 0x00, 0x00, 0x00, 0x00, 0x00, 0x00, 0x00, 0x00, 0x00, 0x00, 0x00, 0x00,
    0x00, 0x00, 0x00, 0x00, 0x00, 0x00, 0x00, 0x00, 0x00, 0x00, 0x00, 0x00, 0x00, 0x00, 0x00, 0x00,
    0x00, 0x00, 0x00, 0x00, 0x00, 0x00, 0x00, 0x00, 0x00, 0x00, 0x00, 0x00, 0x00, 0x00, 0x00, 0x00,
    0x00, 0x00, 0x00, 0x00, 0x00, 0x00, 0x00, 0x00, 0x00, 0x00, 0x00, 0x00, 0x00, 0x00, 0x00, 0x00,
    0x00, 0x00, 0x00, 0x00, 0x00, 0x00, 0x00, 0x00, 0x00, 0x00, 0x00, 0x00, 0x00, 0x00, 0x00, 0x00,
    0x00, 0x00, 0x00, 0x00, 0x00, 0x00, 0x00, 0x00, 0x00, 0x00, 0x00, 0x00, 0x00, 0x00, 0x00, 0x00,
    0x00, 0x00, 0x00, 0x00, 0x00, 0x00, 0x00, 0x00, 0x00, 0x00, 0x00, 0x00, 0x00, 0x00, 0x00, 0x00,
    0x00, 0x00, 0x00, 0x00, 0x00, 0x00, 0x00, 0x00, 0x00, 0x00, 0x00, 0x00, 0x00, 0x00, 0x00, 0x00,
    0x00, 0x00, 0x00, 0x00, 0x00, 0x00, 0x00, 0x00, 0x00, 0x00, 0x00, 0x00, 0x00, 0x00, 0x00, 0x00,
    0x00, 0x00, 0x00, 0x00, 0x00, 0x00, 0x00, 0x00, 0x00, 0x00, 0x00, 0x00, 0x00, 0x00, 0x00, 0x00,
    0x00, 0x00, 0x00, 0x00, 0x00, 0x00, 0x00, 0x00, 0x00, 0x00, 0x00, 0x00, 0x00, 0x00, 0x00, 0x00,
    0x00, 0x00, 0x00, 0x00, 0x00, 0x00, 0x00, 0x00, 0x00, 0x00, 0x00, 0x00, 0x00, 0x00, 0x00, 0x00,
    0x00, 0x00, 0x00, 0x00, 0x00, 0x00, 0x00, 0x00, 0x20, 0x13, 0x61, 0x59, 0x89, 0x95, 0x91, 0xB5,
    0x00, 0x00, 0x00, 0x00, 0x00, 0x00, 0x00, 0x00, 0x00, 0x00, 0x00, 0x00, 0x00, 0x00, 0x00, 0x00,
    0x00, 0x00, 0x00, 0x00, 0x00, 0x00, 0x00, 0x00, 0x95, 0xB4, 0x99, 0xD5, 0x95, 0xB6, 0x62, 0x6A,
    0x00, 0x00, 0x00, 0x00, 0x00, 0x00, 0x00, 0x00, 0x00, 0x00, 0x00, 0x00, 0x00, 0x00, 0x00, 0x00,
    0x00, 0x00, 0x00, 0x00, 0x00, 0x00, 0x00, 0x00, 0x21, 0x23, 0x00, 0x00, 0x00, 0x00, 0x00, 0x00,
    0x00, 0x00, 0x00, 0x00, 0x00, 0x00, 0x00, 0x00, 0x00, 0x00, 0x00, 0x00, 0x00, 0x00, 0x00, 0x00,
    0x00, 0x00, 0x00, 0x00, 0x00, 0x00, 0x00, 0x00, 0x00, 0x00, 0x41, 0x35, 0x89, 0x74, 0x8D, 0x95,
    0x00, 0x00, 0x00, 0x00, 0x00, 0x00, 0x00, 0x00, 0x00, 0x00, 0x00, 0x00, 0x00, 0x00, 0x00, 0x00,
    0x00, 0x01, 0x31, 0x34, 0x40, 0x25, 0x21, 0x23, 0x95, 0xB4, 0x91, 0xB5, 0x89, 0x74, 0x95, 0xB6,
    0x00, 0x00, 0x00, 0x00, 0x00, 0x00, 0x00, 0x00, 0x00, 0x00, 0x00, 0x00, 0x00, 0x00, 0x00, 0x00,
    0x00, 0x00, 0x00, 0x00, 0x00, 0x00, 0xA1, 0xF5, 0x52, 0x47, 0x00, 0x00, 0xA1, 0xD4, 0x89, 0x74,
    0x00, 0x00, 0x60, 0x36, 0x85, 0x75, 0x31, 0x24, 0x62, 0x58, 0x89, 0x72, 0xB6, 0x2E, 0x99, 0xD5,
    0xB6, 0x2E, 0xFF, 0x20, 0xFF, 0x20, 0x95, 0xD2, 0x89, 0x72, 0x85, 0x72, 0x8D, 0xB4, 0x50, 0x47,
    0x00, 0x00, 0x00, 0x00, 0x00, 0x00, 0x00, 0x00, 0x00, 0x00, 0x00, 0x00, 0x00, 0x00, 0x00, 0x00,
    0x61, 0x59, 0x00, 0x00, 0x00, 0x00, 0x00, 0x00, 0x00, 0x01, 0x51, 0x46, 0x61, 0x59, 0x61, 0x59,
    0x00, 0x00, 0x00, 0x00, 0x00, 0x00, 0x00, 0x00, 0x00, 0x00, 0x00, 0x00, 0x00, 0x00, 0x00, 0x00,
    0x00, 0x00, 0x00, 0x00, 0x00, 0x00, 0x00, 0x00, 0x85, 0x32, 0x8D, 0x74, 0x99, 0xD5, 0x99, 0xD5,
    0x00, 0x00, 0x00, 0x00, 0x00, 0x00, 0x00, 0x00, 0x00, 0x00, 0x00, 0x00, 0x00, 0x00, 0x00, 0x00,
    0x00, 0x00, 0x00, 0x00, 0x00, 0x00, 0x00, 0x00, 0x62, 0x69, 0x00, 0x00, 0x00, 0x00, 0x00, 0x00,
    0x00, 0x00, 0x00, 0x00, 0x00, 0x00, 0x00, 0x00, 0x00, 0x00, 0x00, 0x00, 0x00, 0x00, 0x00, 0x00,
    0x00, 0x00, 0x00, 0x00, 0x00, 0x00, 0x00, 0x00, 0x10, 0x01, 0x00, 0x00, 0x00, 0x00, 0x00, 0x00,
    0x00, 0x00, 0x00, 0x00, 0x00, 0x00, 0x00, 0x00, 0x00, 0x00, 0x00, 0x00, 0x00, 0x00, 0x00, 0x00,
    0x00, 0x00, 0x00, 0x00, 0x00, 0x00, 0x00, 0x00, 0x00, 0x00, 0x00, 0x00, 0x00, 0x00, 0x00, 0x00,
    0x00, 0x00, 0x00, 0x00, 0x00, 0x00, 0x00, 0x00, 0x00, 0x00, 0x00, 0x00, 0x00, 0x00, 0x00, 0x00,
    0x00, 0x00, 0x00, 0x00, 0x00, 0x00, 0x00, 0x00, 0x00, 0x00, 0x00, 0x00, 0x00, 0x00, 0x00, 0x00,
    0x00, 0x00, 0x00, 0x00, 0x00, 0x00, 0x00, 0x00, 0x00, 0x00, 0x00, 0x00, 0x00, 0x00, 0x00, 0x00,
    0x00, 0x00, 0x00, 0x00, 0x00, 0x00, 0x00, 0x00, 0x00, 0x00, 0x00, 0x00, 0x00, 0x00, 0x00, 0x00,
    0x00, 0x00, 0x00, 0x00, 0x00, 0x00, 0x00, 0x00, 0x00, 0x00, 0x00, 0x00, 0x00, 0x00, 0x00, 0x00,
    0x00, 0x00, 0x00, 0x00, 0x00, 0x00, 0x00, 0x00, 0x00, 0x00, 0x00, 0x00, 0x00, 0x00, 0x00, 0x00,
    0x00, 0x00, 0x00, 0x00, 0x00, 0x00, 0x00, 0x00, 0x00, 0x00, 0x00, 0x00, 0x00, 0x00, 0x00, 0x00,
    0x00, 0x00, 0x00, 0x00, 0x00, 0x00, 0x00, 0x00, 0x00, 0x00, 0x00, 0x00, 0x00, 0x00, 0x00, 0x00,
    0x00, 0x00, 0x00, 0x00, 0x00, 0x00, 0x00, 0x00, 0x00, 0x00, 0x00, 0x00, 0x00, 0x00, 0x00, 0x00,
    0x00, 0x00, 0x00, 0x00, 0x00, 0x00, 0x00, 0x00, 0x00, 0x00, 0x00, 0x00, 0x00, 0x00, 0x00, 0x00,
    0x00, 0x00, 0x00, 0x00, 0x00, 0x00, 0x00, 0x00, 0x00, 0x00, 0x00, 0x00, 0x00, 0x00, 0x00, 0x00,
    0x00, 0x00, 0x00, 0x00, 0x00, 0x00, 0x00, 0x00, 0x00, 0x00, 0x00, 0x00, 0x00, 0x00, 0x00, 0x00,
    0x00, 0x00, 0x00, 0x00, 0x00, 0x00, 0x00, 0x00, 0x00, 0x00, 0x00, 0x00, 0x00, 0x00, 0x00, 0x00,
    0x00, 0x00, 0x00, 0x00, 0x00, 0x00, 0x00, 0x00, 0x00, 0x00, 0x00, 0x00, 0x00, 0x00, 0x00, 0x00,
    0x00, 0x00, 0x00, 0x00, 0x00, 0x00, 0x00, 0x00, 0x00, 0x00, 0x00, 0x00, 0x00, 0x00, 0x00, 0x00,
    0x00, 0x00, 0x00, 0x00, 0x00, 0x00, 0x00, 0x00, 0x00, 0x00, 0x00, 0x00, 0x00, 0x00, 0x00, 0x00,
    0x00, 0x00, 0x00, 0x00, 0x00, 0x00, 0x00, 0x00, 0x00, 0x00, 0x00, 0x00, 0x00, 0x00, 0x00, 0x00,
    0x00, 0x00, 0x00, 0x00, 0x00, 0x00, 0x00, 0x00, 0x00, 0x00, 0x00, 0x00, 0x00, 0x00, 0x00, 0x00,
    0x00, 0x00, 0x00, 0x00, 0x00, 0x00, 0x00, 0x00, 0x00, 0x00, 0x00, 0x00, 0x00, 0x00, 0x00, 0x00,
    0x00, 0x00, 0x00, 0x00, 0x00, 0x00, 0x00, 0x00, 0x00, 0x00, 0x00, 0x00, 0x00, 0x00, 0x00, 0x00,
    0x00, 0x00, 0x00, 0x00, 0x00, 0x00, 0x00, 0x00, 0x00, 0x00, 0x00, 0x00, 0x00, 0x00, 0x00, 0x00,
    0x00, 0x00, 0x00, 0x00, 0x00, 0x00, 0x00, 0x00, 0x00, 0x00, 0x00, 0x00, 0x00, 0x00, 0x00, 0x00,
    0x00, 0x00, 0x00, 0x00, 0x40, 0x35, 0x89, 0x74, 0x00, 0x00, 0x84, 0xEF, 0x85, 0x74, 0xC6, 0x4A,
    0x00, 0x00, 0x85, 0x0F, 0x81, 0x32, 0xBA, 0x2C, 0x00, 0x00, 0x40, 0x24, 0x8D, 0x52, 0x89, 0x53,
    0x95, 0xB3, 0xB2, 0x2E, 0xCE, 0x69, 0xE2, 0xC5, 0xF7, 0x02, 0xFF, 0x20, 0xFF, 0x20, 0xFF, 0x21,
    0xFF, 0x40, 0xFF, 0x20, 0xFF, 0x20, 0xFF, 0x20, 0xBA, 0x2B, 0xDA, 0xA6, 0xFF, 0x20, 0xFF, 0x20,
    0xEE, 0xE3, 0xEA, 0xE4, 0xDA, 0xA7, 0xBA, 0x2E, 0xFF, 0x20, 0xFF, 0x20, 0xFF, 0x40, 0xFF, 0x20,
    0xFF, 0x20, 0xC2, 0x4A, 0xC6, 0x49, 0xF7, 0x02, 0xFB, 0x01, 0x95, 0x92, 0x80, 0xF3, 0xD6, 0x87,
    0x99, 0xD6, 0x41, 0x35, 0x00, 0x00, 0x00, 0x00, 0xD6, 0xA8, 0x95, 0xB5, 0x00, 0x00, 0x00, 0x00,
    0xFB, 0x21, 0xA9, 0xF1, 0x31, 0x35, 0x10, 0x12, 0xFF, 0x20, 0x9D, 0xD2, 0x91, 0x95, 0xAD, 0xF0,
    0x85, 0x10, 0x89, 0x72, 0xBA, 0x2C, 0xE6, 0xC5, 0x95, 0x73, 0x89, 0x73, 0xBA, 0x2C, 0xFF, 0x20,
    0x95, 0xB6, 0x81, 0x34, 0x95, 0x91, 0xFB, 0x01, 0xB6, 0x2E, 0xA5, 0xCF, 0x91, 0x93, 0xEE, 0xE3,
    0xFB, 0x01, 0x8D, 0x95, 0xAA, 0x0F, 0xE2, 0xC6, 0xFF, 0x20, 0xA5, 0xD0, 0xF3, 0x03, 0xFF, 0x20,
    0xFF, 0x20, 0xF2, 0xE2, 0xFF, 0x20, 0xFF, 0x20, 0xFF, 0x20, 0xFF, 0x20, 0xFB, 0x01, 0xA9, 0xEF,
    0xA5, 0xF3, 0x91, 0x73, 0x85, 0x12, 0x85, 0x53, 0xFB, 0x01, 0x9D, 0xD3, 0xA1, 0xF1, 0xF2, 0xE2,
    0xC6, 0x69, 0x99, 0xB1, 0xFF, 0x20, 0xE2, 0xC5, 0x81, 0x36, 0xB2, 0x0D, 0xFF, 0x20, 0xAD, 0xEF,
    0x85, 0x72, 0x8D, 0x92, 0x99, 0xD3, 0x99, 0xB6, 0xFF, 0x20, 0xFF, 0x20, 0xFF, 0x20, 0x95, 0xB4,
    0xB1, 0xEC, 0x99, 0x90, 0xFF, 0x20, 0xCE, 0x69, 0xD2, 0x68, 0xFF, 0x20, 0xCE, 0x69, 0x91, 0x93,
    0x8D, 0x51, 0x85, 0x32, 0xA9, 0xEF, 0xCA, 0x6A, 0x95, 0xB4, 0x85, 0x54, 0xDA, 0xA7, 0xFF, 0x40,
    0x89, 0x73, 0x89, 0x73, 0xE6, 0xC5, 0xFF, 0x20, 0x85, 0x54, 0x95, 0x91, 0xF7, 0x02, 0xFF, 0x20,
    0xB6, 0x2D, 0x91, 0xB3, 0xEE, 0xE3, 0xD2, 0x88, 0xF3, 0x02, 0xAE, 0x0E, 0xFF, 0x21, 0xEA, 0xE4,
    0xFB, 0x21, 0xDE, 0xA6, 0xFF, 0x20, 0xF7, 0x02, 0xFF, 0x21, 0xFF, 0x20, 0xFF, 0x21, 0xFB, 0x21,
    0x95, 0xB6, 0x00, 0x00, 0x00, 0x00, 0x50, 0x25, 0x95, 0xB5, 0x00, 0x01, 0x00, 0x00, 0x91, 0x50,
    0x9D, 0xD3, 0x41, 0x47, 0x61, 0x48, 0x95, 0x95, 0xA1, 0xD1, 0x99, 0xB3, 0xBA, 0x2C, 0xD2, 0x89,
    0x85, 0x32, 0x95, 0xB5, 0x99, 0xB5, 0x62, 0x59, 0x85, 0x53, 0xBA, 0x2C, 0xDE, 0xC6, 0xCE, 0x8A,
    0x85, 0x54, 0x91, 0x91, 0xFB, 0x21, 0xFF, 0x40, 0xC2, 0x4B, 0x99, 0xB1, 0xE2, 0xC5, 0xFF, 0x20,
    0x41, 0x46, 0x10, 0x01, 0x00, 0x00, 0x00, 0x00, 0xAA, 0x11, 0x8D, 0x74, 0x91, 0x94, 0x95, 0xB5,
    0xDA, 0xA7, 0x85, 0x76, 0xAE, 0x0E, 0xDA, 0xA7, 0xEE, 0xE4, 0x89, 0x74, 0xD6, 0x88, 0xFF, 0x20,
    0x00, 0x00, 0x00, 0x00, 0x00, 0x00, 0x00, 0x00, 0x62, 0x59, 0x21, 0x24, 0x00, 0x00, 0x00, 0x00,
    0xC2, 0x4C, 0x95, 0xB5, 0x41, 0x35, 0x00, 0x00, 0xDA, 0xA6, 0x8D, 0x75, 0x00, 0x00, 0x00, 0x00,
    0x00, 0x00, 0x00, 0x00, 0x00, 0x00, 0x00, 0x00, 0x00, 0x00, 0x00, 0x00, 0x00, 0x00, 0x00, 0x00,
    0x00, 0x00, 0x00, 0x00, 0x00, 0x00, 0x00, 0x00, 0x00, 0x00, 0x00, 0x00, 0x00, 0x00, 0x00, 0x00,
    0x00, 0x00, 0x00, 0x00, 0x00, 0x00, 0x00, 0x00, 0x00, 0x00, 0x00, 0x00, 0x00, 0x00, 0x00, 0x00,
    0x00, 0x00, 0x00, 0x00, 0x00, 0x00, 0x00, 0x00, 0x00, 0x00, 0x00, 0x00, 0x00, 0x00, 0x00, 0x00,
    0x00, 0x00, 0x00, 0x00, 0x00, 0x00, 0x00, 0x00, 0x00, 0x00, 0x00, 0x00, 0x00, 0x00, 0x00, 0x00,
    0x00, 0x00, 0x00, 0x00, 0x00, 0x00, 0x00, 0x00, 0x00, 0x00, 0x00, 0x00, 0x00, 0x00, 0x00, 0x00,
    0x00, 0x00, 0x00, 0x00, 0x00, 0x00, 0x00, 0x00, 0x00, 0x00, 0x00, 0x00, 0x00, 0x00, 0x00, 0x00,
    0x00, 0x00, 0x00, 0x00, 0x00, 0x00, 0x00, 0x00, 0x00, 0x00, 0x00, 0x00, 0x00, 0x00, 0x00, 0x00,
    0x00, 0x00, 0x00, 0x00, 0x00, 0x00, 0x00, 0x00, 0x00, 0x00, 0x00, 0x00, 0x00, 0x00, 0x00, 0x00,
    0x00, 0x00, 0x00, 0x00, 0x00, 0x00, 0x00, 0x00, 0x00, 0x00, 0x00, 0x00, 0x00, 0x00, 0x00, 0x00,
    0x00, 0x00, 0x00, 0x00, 0x00, 0x00, 0x00, 0x00, 0x00, 0x00, 0x00, 0x00, 0x00, 0x00, 0x00, 0x00,
    0x00, 0x00, 0x00, 0x00, 0x00, 0x00, 0x00, 0x00, 0x00, 0x00, 0x00, 0x00, 0x00, 0x00, 0x00, 0x00,
    0x00, 0x00, 0x00, 0x00, 0x00, 0x00, 0x00, 0x00, 0x00, 0x00, 0x00, 0x00, 0x00, 0x00, 0x00, 0x00,
    0x00, 0x00, 0x00, 0x00, 0x00, 0x00, 0x00, 0x00, 0x00, 0x00, 0x00, 0x00, 0x00, 0x00, 0x00, 0x00,
    0x00, 0x00, 0x00, 0x00, 0x00, 0x00, 0x00, 0x00, 0x00, 0x00, 0x00, 0x00, 0x00, 0x00, 0x00, 0x00,
    0x00, 0x00, 0x41, 0x11, 0xA0, 0xE7, 0xAC, 0xE7, 0x61, 0x11, 0xA8, 0x64, 0xCC, 0x43, 0xD8, 0x43,
    0x00, 0x00, 0x00, 0x00, 0x00, 0x00, 0x00, 0x00, 0x21, 0x11, 0x22, 0x22, 0x11, 0x11, 0x11, 0x11,
    0xB4, 0xE7, 0xB4, 0xE7, 0xB5, 0x08, 0xB5, 0x29, 0xD8, 0x43, 0xDC, 0x42, 0xDC, 0x42, 0xD8, 0x42,
    0x00, 0x00, 0x00, 0x00, 0x00, 0x00, 0x00, 0x00, 0x00, 0x00, 0x00, 0x00, 0x00, 0x00, 0x00, 0x00,
    0xB5, 0x4A, 0xB9, 0x8C, 0x67, 0x66, 0x33, 0x22, 0xD4, 0x43, 0xCC, 0x43, 0xC0, 0x84, 0xB1, 0x29,
    0x00, 0x00, 0x00, 0x00, 0x62, 0x58, 0x95, 0x93, 0x00, 0x00, 0x00, 0x00, 0x00, 0x01, 0x62, 0x47,
    0x00, 0x00, 0x00, 0x00, 0x00, 0x00, 0x00, 0x00, 0xA9, 0x4A, 0x64, 0x44, 0x00, 0x00, 0x00, 0x00,
    0x85, 0x54, 0x91, 0x72, 0xF2, 0xE3, 0xFF, 0x20, 0x8D, 0x31, 0x81, 0x33, 0xBE, 0x2B, 0xFF, 0x20,
    0x40, 0x24, 0x85, 0x11, 0x91, 0x72, 0xEE, 0xE3, 0x00, 0x00, 0x80, 0xEF, 0x81, 0x12, 0xBA, 0x0C,
    0xFF, 0x20, 0xB6, 0x0E, 0x85, 0x54, 0xFB, 0x01, 0xFF, 0x20, 0xFB, 0x01, 0xF7, 0x01, 0xF7, 0x01,
    0xFF, 0x20, 0xFF, 0x20, 0xCE, 0x69, 0x85, 0x34, 0xFF, 0x20, 0xFF, 0x21, 0xB6, 0x0E, 0x85, 0x34,
    0xFB, 0x01, 0x99, 0xB2, 0xEA, 0xE3, 0xFF, 0x20, 0xA9, 0xCE, 0xDE, 0xA6, 0xFF, 0x20, 0x95, 0x91,
    0x91, 0x72, 0xF7, 0x02, 0xFF, 0x20, 0x89, 0x53, 0x8D, 0x52, 0xEA, 0xE4, 0xFF, 0x20, 0xFF, 0x20,
    0xF7, 0x02, 0xFF, 0x20, 0xC6, 0x4A, 0xBA, 0x2C, 0x99, 0x91, 0xFF, 0x20, 0xF7, 0x02, 0xA5, 0xCF,
    0x8D, 0x73, 0xF7, 0x01, 0xF7, 0x02, 0xA5, 0xD0, 0xFF, 0x20, 0xFF, 0x20, 0xBA, 0x0C, 0xA5, 0xD0,
    0xFF, 0x20, 0xFF, 0x20, 0xE2, 0xA5, 0xA5, 0xD0, 0xFF, 0x20, 0xFF, 0x20, 0xFF, 0x20, 0xFF, 0x20,
    0xFF, 0x20, 0xBA, 0x2C, 0xA1, 0xAF, 0xF7, 0x01, 0xFF, 0x20, 0xCA, 0x4A, 0x81, 0x13, 0x85, 0x32,
    0x89, 0x75, 0x85, 0x54, 0xFF, 0x20, 0xFF, 0x20, 0xEA, 0xC4, 0xAD, 0xEE, 0x85, 0x54, 0xF7, 0x02,
    0xFF, 0x20, 0xF7, 0x02, 0xB6, 0x0D, 0x85, 0x54, 0xB1, 0xEC, 0xCA, 0x49, 0xF7, 0x02, 0xFB, 0x21,
    0xFF, 0x20, 0xCE, 0x69, 0xCE, 0x69, 0xFF, 0x20, 0xFF, 0x20, 0xFF, 0x20, 0xFF, 0x20, 0xFB, 0x20,
    0x85, 0x54, 0x85, 0x54, 0x9D, 0x90, 0x85, 0x32, 0xB6, 0x0D, 0x81, 0x14, 0x60, 0x26, 0x84, 0xCF,
    0xC6, 0x4A, 0x91, 0x93, 0xEE, 0xE3, 0xFF, 0x20, 0xAD, 0xEE, 0xA9, 0xCF, 0xFF, 0x21, 0xE2, 0xA6,
    0x81, 0x33, 0xDA, 0xA6, 0xFF, 0x20, 0xC2, 0x2B, 0x89, 0x32, 0xAD, 0xCE, 0xCA, 0x4A, 0xA5, 0xAF,
    0xFB, 0x21, 0xFB, 0x21, 0xFF, 0x20, 0xD2, 0x88, 0xD6, 0x88, 0xFB, 0x21, 0xFF, 0x20, 0xA9, 0xCF,
    0x9D, 0xB1, 0xCE, 0x69, 0xFB, 0x21, 0xCE, 0x68, 0x85, 0x33, 0x85, 0x54, 0xC6, 0x4A, 0xE2, 0xA6,
    0xA9, 0xEE, 0xD6, 0x87, 0xFB, 0x21, 0xFF, 0x20, 0xEE, 0xE3, 0xFB, 0x01, 0x85, 0x54, 0x85, 0x54,
    0xF2, 0xE3, 0xFF, 0x20, 0x95, 0x71, 0x89, 0x53, 0x85, 0x54, 0xE2, 0xA6, 0xFF, 0x20, 0xFF, 0x20,
    0xFB, 0x01, 0xE6, 0xC4, 0xB2, 0x0D, 0xFF, 0x20, 0xCA, 0x69, 0xFF, 0x20, 0xAD, 0xEE, 0xF3, 0x02,
    0xFF, 0x20, 0xEE, 0xE3, 0x85, 0x54, 0xF7, 0x01, 0xF2, 0xE3, 0x85, 0x54, 0xFB, 0x01, 0xE6, 0xC5,
    0xFF, 0x20, 0xA9, 0xEF, 0xF7, 0x01, 0xFF, 0x20, 0xFF, 0x20, 0xE2, 0xC5, 0xFF, 0x20, 0xF3, 0x02,
    0xFF, 0x20, 0xFF, 0x20, 0xFF, 0x20, 0xBA, 0x2C, 0xFB, 0x01, 0xFF, 0x20, 0xFF, 0x20, 0x99, 0x92,
    0xA9, 0xEF, 0x61, 0x49, 0x00, 0x00, 0x00, 0x00, 0x91, 0x74, 0x10, 0x12, 0x00, 0x00, 0x00, 0x00,
    0x89, 0x54, 0x00, 0x00, 0x00, 0x00, 0x00, 0x00, 0x31, 0x24, 0x00, 0x00, 0x00, 0x00, 0x94, 0x84,
    0x00, 0x00, 0x00, 0x00, 0x00, 0x00, 0x00, 0x00, 0x00, 0x00, 0x00, 0x00, 0x00, 0x00, 0x00, 0x00,
    0x21, 0x00, 0x44, 0x33, 0x55, 0x44, 0x65, 0x55, 0x90, 0x63, 0x90, 0x63, 0xC0, 0xA5, 0xC4, 0x84,
    0x00, 0x00, 0x00, 0x00, 0x00, 0x00, 0x00, 0x00, 0x00, 0x00, 0x00, 0x00, 0x00, 0x00, 0x00, 0x00,
    0x66, 0x55, 0xA0, 0xC6, 0xA9, 0x08, 0xB1, 0x29, 0xBC, 0xA5, 0x9C, 0xE7, 0x94, 0x42, 0xD4, 0x63,
    0x00, 0x00, 0x00, 0x00, 0x00, 0x00, 0x00, 0x00, 0x11, 0x11, 0x32, 0x22, 0x11, 0x11, 0x00, 0x00,
    0xB0, 0xE8, 0xAC, 0xE7, 0xBD, 0xAD, 0x00, 0x00, 0xD8, 0x43, 0xCC, 0x42, 0xB5, 0x4A, 0x12, 0x11,
    0x00, 0x00, 0x00, 0x00, 0x00, 0x00, 0x00, 0x00, 0x00, 0x00, 0x00, 0x00, 0x00, 0x00, 0x00, 0x00,
    0x00, 0x00, 0x00, 0x00, 0x00, 0x00, 0x00, 0x00, 0x00, 0x00, 0x00, 0x00, 0x00, 0x00, 0x00, 0x00,
    0x00, 0x00, 0x00, 0x00, 0x00, 0x00, 0x00, 0x00, 0x00, 0x00, 0x00, 0x00, 0x00, 0x00, 0x00, 0x00,
    0x00, 0x00, 0x00, 0x00, 0x00, 0x00, 0x00, 0x00, 0x00, 0x00, 0x00, 0x00, 0x00, 0x00, 0x00, 0x00,
    0x00, 0x00, 0x00, 0x00, 0x00, 0x00, 0x00, 0x00, 0x00, 0x00, 0x00, 0x00, 0x00, 0x00, 0x00, 0x00,
    0x00, 0x00, 0x00, 0x00, 0x00, 0x00, 0x00, 0x00, 0x00, 0x00, 0x00, 0x00, 0x00, 0x00, 0x00, 0x00,
    0x00, 0x00, 0x00, 0x00, 0x00, 0x00, 0x42, 0x00, 0x00, 0x00, 0x00, 0x00, 0x00, 0x00, 0x88, 0x21,
    0x00, 0x00, 0x00, 0x00, 0x50, 0x00, 0xA8, 0x63, 0x00, 0x00, 0x00, 0x00, 0x88, 0x21, 0xD0, 0x64,
    0xA4, 0x43, 0xDC, 0x43, 0xDC, 0x43, 0xDC, 0x43, 0xD0, 0x64, 0xDC, 0x43, 0xDC, 0x43, 0xDC, 0x43,
    0xE0, 0x63, 0xDC, 0x43, 0xDC, 0x43, 0xE0, 0x43, 0xDC, 0x43, 0xDC, 0x43, 0xDC, 0x43, 0xDC, 0x43,
    0xDC, 0x43, 0xCC, 0x63, 0xBC, 0x63, 0xD8, 0x64, 0xD4, 0x63, 0x9C, 0xA5, 0x84, 0x42, 0xCC, 0x64,
    0xC4, 0x84, 0x8C, 0xA5, 0x9C, 0x42, 0xDC, 0x63, 0xB0, 0xA5, 0x84, 0x63, 0xBC, 0x63, 0xE0, 0x43,
    0xDC, 0x43, 0xDC, 0x43, 0xE0, 0x43, 0xC8, 0x63, 0xDC, 0x43, 0xDC, 0x43, 0xDC, 0x43, 0xD4, 0x43,
    0xDC, 0x43, 0xDC, 0x43, 0xDC, 0x43, 0xC8, 0x64, 0xDC, 0x43, 0xDC, 0x43, 0xDC, 0x43, 0xB8, 0xA5,
    0xA9, 0x4A, 0xA1, 0x08, 0x64, 0x44, 0x00, 0x00, 0xA0, 0xE7, 0x94, 0xA5, 0x9C, 0xE7, 0x21, 0x11,
    0x90, 0x84, 0x80, 0x00, 0x98, 0xA5, 0xB0, 0xA5, 0x84, 0x42, 0x88, 0x21, 0xCC, 0x63, 0xDC, 0x43,
    0x00, 0x00, 0x50, 0x24, 0x80, 0xCF, 0x8D, 0x52, 0x54, 0x44, 0x53, 0x44, 0x88, 0xEF, 0x80, 0xF2,
    0xC0, 0xA5, 0xC4, 0xC5, 0xAC, 0xC8, 0x80, 0xCF, 0xD0, 0x63, 0xD8, 0x63, 0xDC, 0x42, 0xA0, 0xAA,
    0xEA, 0xC4, 0xFF, 0x40, 0xD6, 0x88, 0x8D, 0x74, 0xB6, 0x0C, 0xFF, 0x40, 0xF7, 0x02, 0x9D, 0xB3,
    0x8D, 0x52, 0xE2, 0xC6, 0xDA, 0xA7, 0x95, 0xB3, 0x81, 0x11, 0x8D, 0x31, 0x94, 0xEF, 0xA8, 0xCC,
    0x81, 0x11, 0xA5, 0xCE, 0xE2, 0xC5, 0xF7, 0x02, 0x89, 0x31, 0x81, 0x11, 0x89, 0x32, 0x8D, 0x31,
    0x9D, 0x4F, 0xA5, 0x2A, 0x8C, 0xA8, 0x60, 0x24, 0xC8, 0x65, 0xA8, 0xC6, 0x90, 0x83, 0x40, 0x00,
    0xF7, 0x01, 0xBA, 0x0C, 0x85, 0x34, 0xA5, 0xD0, 0x89, 0x11, 0x85, 0x12, 0x89, 0x53, 0x8D, 0x52,
    0x00, 0x00, 0x62, 0x34, 0x94, 0xEA, 0xA0, 0xC9, 0x90, 0x42, 0xAC, 0x83, 0xD0, 0x43, 0xD4, 0x43,
    0xFF, 0x20, 0xC2, 0x2C, 0x51, 0x37, 0x60, 0x36, 0x91, 0x71, 0x8D, 0x52, 0x21, 0x23, 0x00, 0x00,
    0xA4, 0xC9, 0xA9, 0x2A, 0xB9, 0xCE, 0x34, 0x44, 0xD0, 0x63, 0xD4, 0x42, 0xC4, 0x63, 0xB9, 0x8C,
    0x80, 0xF0, 0x81, 0x12, 0x95, 0x70, 0xC6, 0x4A, 0x00, 0x00, 0x50, 0x25, 0x80, 0xF0, 0x81, 0x12,
    0x00, 0x00, 0x30, 0x11, 0x9D, 0x09, 0x9C, 0xE9, 0x9C, 0xE6, 0x98, 0x42, 0xC8, 0x63, 0xD4, 0x43,
    0xB6, 0x0E, 0x91, 0x54, 0x00, 0x00, 0x60, 0x26, 0x85, 0x33, 0x99, 0x73, 0x00, 0x00, 0x00, 0x00,
    0x98, 0xCA, 0xA9, 0x2A, 0xB9, 0xAD, 0x67, 0x66, 0xD0, 0x63, 0xD4, 0x43, 0xC8, 0x43, 0xB9, 0x08,
    0x80, 0xEF, 0x80, 0xF1, 0x80, 0xF2, 0x81, 0x11, 0x00, 0x00, 0x00, 0x00, 0x00, 0x00, 0x00, 0x00,
    0x20, 0x00, 0x30, 0x00, 0x9C, 0xE7, 0xA9, 0x29, 0xAD, 0x6B, 0x8C, 0x42, 0xB8, 0x64, 0xD4, 0x43,
    0x81, 0x10, 0x81, 0x13, 0xB1, 0xED, 0xF3, 0x03, 0x61, 0x36, 0x85, 0x10, 0x89, 0x32, 0x91, 0x51,
    0xAD, 0x08, 0xA8, 0xE9, 0xA1, 0x2B, 0x9D, 0x4F, 0xD4, 0x43, 0xD4, 0x63, 0xD0, 0x43, 0xC0, 0xC6,
    0xC2, 0x2B, 0x85, 0x54, 0x85, 0x54, 0x85, 0x54, 0xA5, 0xAE, 0x8D, 0x53, 0x85, 0x12, 0x84, 0xF1,
    0x88, 0xCC, 0x88, 0xAB, 0xA5, 0x2B, 0x9D, 0x0B, 0xA5, 0x28, 0x8C, 0x42, 0xCC, 0x63, 0xD8, 0x43,
    0x85, 0x54, 0xDE, 0xA6, 0xFB, 0x21, 0xB1, 0xEE, 0x89, 0x33, 0xBA, 0x0C, 0xC2, 0x2A, 0xA5, 0xAF,
    0x90, 0xCB, 0x88, 0xCE, 0x80, 0xF1, 0x9D, 0x90, 0xD8, 0x43, 0xD8, 0x43, 0xA0, 0xAB, 0x85, 0x11,
    0xFB, 0x01, 0xFF, 0x20, 0xDA, 0xA6, 0x8D, 0x55, 0xFF, 0x21, 0xFF, 0x20, 0xB2, 0x0E, 0x52, 0x47,
    0xF7, 0x02, 0xF2, 0xE3, 0x99, 0x50, 0xA9, 0x29, 0x99, 0x70, 0x99, 0xB1, 0x98, 0x65, 0x84, 0x00,
    0x00, 0x00, 0x00, 0x00, 0x10, 0x00, 0x90, 0x84, 0x00, 0x00, 0x11, 0x11, 0x11, 0x11, 0x94, 0xA5,
    0xA9, 0x07, 0xB5, 0x08, 0xB4, 0xE7, 0xAD, 0x08, 0x80, 0x00, 0xD8, 0x42, 0xDC, 0x22, 0xBC, 0xA6,
    0x8C, 0x63, 0x8C, 0x42, 0xD4, 0x64, 0xE0, 0x43, 0x90, 0x63, 0x88, 0x42, 0xC8, 0x84, 0xDC, 0x43,
    0x94, 0xA5, 0x84, 0x42, 0xBC, 0x64, 0xE0, 0x43, 0x98, 0xE7, 0x84, 0x42, 0xB0, 0x63, 0xE0, 0x63,
    0xD8, 0x42, 0xAC, 0xE7, 0x98, 0xA5, 0xD8, 0x43, 0xDC, 0x43, 0xC4, 0x84, 0x98, 0xC6, 0xD0, 0x63,
    0xDC, 0x43, 0xD8, 0x43, 0xA4, 0xA5, 0xCC, 0x84, 0xDC, 0x43, 0xDC, 0x43, 0xC0, 0x84, 0xC4, 0x84,
    0xDC, 0x43, 0xDC, 0x43, 0xB8, 0xA5, 0x67, 0x77, 0xDC, 0x43, 0xDC, 0x43, 0xCC, 0x42, 0xB5, 0x8C,
    0xDC, 0x43, 0xDC, 0x43, 0xDC, 0x42, 0xBC, 0xC7, 0xDC, 0x43, 0xDC, 0x43, 0xDC, 0x43, 0xC8, 0x63,
    0x00, 0x00, 0x00, 0x00, 0x00, 0x00, 0x00, 0x00, 0x00, 0x00, 0x00, 0x00, 0x00, 0x00, 0x00, 0x00,
    0x45, 0x55, 0x00, 0x00, 0x00, 0x00, 0x00, 0x00, 0xB9, 0xCE, 0x00, 0x00, 0x00, 0x00, 0x00, 0x00,
    0x00, 0x00, 0x00, 0x00, 0x00, 0x00, 0x00, 0x00, 0x00, 0x00, 0x00, 0x00, 0x00, 0x00, 0x00, 0x00,
    0x00, 0x00, 0x00, 0x00, 0x00, 0x00, 0x00, 0x00, 0x00, 0x00, 0x00, 0x00, 0x00, 0x00, 0x00, 0x00,
    0x00, 0x00, 0x00, 0x00, 0x00, 0x00, 0x00, 0x00, 0x00, 0x00, 0x00, 0x00, 0x00, 0x00, 0x00, 0x00,
    0x00, 0x00, 0x00, 0x00, 0x00, 0x00, 0x00, 0x00, 0x00, 0x00, 0x00, 0x00, 0x00, 0x00, 0x00, 0x00,
    0x00, 0x00, 0x60, 0x00, 0xAC, 0x63, 0xE0, 0x63, 0x00, 0x00, 0x88, 0x21, 0xD0, 0x64, 0xDC, 0x43,
    0x60, 0x00, 0xB0, 0x63, 0xE0, 0x43, 0xDC, 0x43, 0x8C, 0x21, 0xD4, 0x64, 0xDC, 0x43, 0xDC, 0x43,
    0xDC, 0x43, 0xDC, 0x43, 0xDC, 0x43, 0xD0, 0x63, 0xDC, 0x43, 0xDC, 0x43, 0xDC, 0x43, 0xBC, 0x85,
    0xDC, 0x43, 0xDC, 0x43, 0xD8, 0x43, 0xA4, 0xC6, 0xDC, 0x43, 0xDC, 0x43, 0xC4, 0x64, 0x98, 0xC6,
    0x98, 0xA5, 0x94, 0x42, 0xD8, 0x64, 0xDC, 0x43, 0x8C, 0xA5, 0xAC, 0x63, 0xD8, 0x63, 0xD0, 0x63,
    0x88, 0x63, 0x8C, 0x42, 0x90, 0x42, 0x90, 0x43, 0x8C, 0x63, 0x8C, 0x84, 0x98, 0xE7, 0x98, 0xE7,
    0xDC, 0x43, 0xDC, 0x43, 0xD8, 0x43, 0xA0, 0xA5, 0xD0, 0x63, 0xD0, 0x63, 0xBC, 0x64, 0x8C, 0x63,
    0x90, 0x63, 0x8C, 0x63, 0x8C, 0x63, 0x84, 0x21, 0x9D, 0x08, 0xA1, 0x08, 0x98, 0xC6, 0x80, 0x00,
    0x84, 0x21, 0xC4, 0x43, 0xE0, 0x43, 0xD4, 0x63, 0x8C, 0x21, 0xDC, 0x63, 0xE0, 0x43, 0xC4, 0x64,
    0xA0, 0x42, 0xE0, 0x63, 0xDC, 0x43, 0xAC, 0x84, 0xC0, 0x64, 0xE0, 0x43, 0xD8, 0x43, 0x94, 0x63,
    0x98, 0xA5, 0xC0, 0x64, 0xE0, 0x43, 0xCC, 0x64, 0x84, 0x21, 0xB4, 0x42, 0xDC, 0x43, 0xD4, 0x43,
    0x88, 0x21, 0xC8, 0x43, 0xE0, 0x43, 0xC8, 0x64, 0x90, 0x22, 0xDC, 0x63, 0xE0, 0x43, 0xBC, 0xA5,
    0x94, 0xEB, 0x8C, 0x86, 0xD0, 0x64, 0xE0, 0x42, 0x80, 0x00, 0x90, 0x42, 0xDC, 0x63, 0xDC, 0x43,
    0x88, 0x42, 0xA0, 0x42, 0xE0, 0x63, 0xE0, 0x43, 0x80, 0x21, 0xB4, 0x42, 0xE0, 0x43, 0xDC, 0x43,
    0xD8, 0x43, 0x90, 0x63, 0x90, 0x63, 0x84, 0x00, 0xCC, 0x64, 0x84, 0x21, 0x8C, 0x42, 0x84, 0x00,
    0xC0, 0x84, 0x88, 0x42, 0x90, 0x42, 0x84, 0x00, 0xB8, 0xA5, 0x88, 0x42, 0x90, 0x63, 0x88, 0x21,
    0x94, 0x42, 0xDC, 0x63, 0xE0, 0x43, 0xBC, 0x64, 0xA8, 0x63, 0xE0, 0x63, 0xDC, 0x43, 0xB0, 0xA5,
    0xB8, 0x63, 0xE0, 0x43, 0xD8, 0x43, 0xAC, 0xA5, 0xC4, 0x64, 0xE0, 0x43, 0xD8, 0x43, 0xA4, 0xA6,
    0x9C, 0xA5, 0xD8, 0x63, 0xE0, 0x42, 0xC0, 0x85, 0x9C, 0xA5, 0xD8, 0x63, 0xE0, 0x43, 0xC4, 0x85,
    0xA4, 0x84, 0xDC, 0x63, 0xE0, 0x43, 0xC0, 0xA5, 0xAC, 0x84, 0xE0, 0x63, 0xE0, 0x43, 0xBC, 0xA5,
    0x90, 0xC6, 0xB8, 0x43, 0xE4, 0x43, 0xD4, 0x63, 0x90, 0xC6, 0xC0, 0x63, 0xE0, 0x43, 0xD4, 0x43,
    0x84, 0x21, 0x94, 0x21, 0xD8, 0x64, 0xE0, 0x43, 0x80, 0x00, 0x84, 0x21, 0x90, 0x63, 0xB4, 0x85,
    0x98, 0xA5, 0xC0, 0x84, 0xE4, 0x43, 0xD0, 0x63, 0xA8, 0xC6, 0xA4, 0xC6, 0xAC, 0x84, 0xA0, 0x63,
    0xD8, 0x43, 0xC4, 0x63, 0x80, 0x00, 0x88, 0x42, 0xD4, 0x64, 0xE0, 0x43, 0xD8, 0x42, 0xC0, 0xA5,
    0x9C, 0xE7, 0x98, 0x63, 0xDC, 0x63, 0xE0, 0x43, 0x94, 0xA5, 0x98, 0x63, 0xDC, 0x64, 0xDC, 0x43,
    0x84, 0x21, 0x90, 0x84, 0xBC, 0x63, 0xE0, 0x63, 0x88, 0x42, 0x90, 0x84, 0x80, 0x21, 0xA8, 0x84,
    0xB4, 0xA5, 0xA4, 0xA5, 0xE0, 0x63, 0xE0, 0x22, 0xC0, 0x85, 0x9C, 0xE6, 0xB0, 0x84, 0xB0, 0x43,
    0xDC, 0x43, 0xCC, 0x63, 0xB0, 0xC6, 0x90, 0xA5, 0xC8, 0x84, 0xE0, 0x43, 0xDC, 0x42, 0xBC, 0x63,
    0xB8, 0xE7, 0x8C, 0x84, 0xC4, 0x64, 0xE0, 0x43, 0xA0, 0x84, 0x8C, 0xA5, 0xB8, 0x63, 0xE0, 0x43,
    0x84, 0x21, 0x84, 0x42, 0xAC, 0x63, 0xE0, 0x63, 0x9C, 0xA5, 0x80, 0x00, 0x9C, 0x42, 0xDC, 0x64,
    0xDC, 0x43, 0xCC, 0x63, 0xBC, 0x43, 0x98, 0xC8, 0xD8, 0x43, 0xA8, 0xC6, 0x84, 0x21, 0x88, 0x42,
    0xD8, 0x43, 0xC8, 0x84, 0xB0, 0x84, 0xA8, 0xE7, 0xDC, 0x43, 0xE0, 0x43, 0xE4, 0x22, 0xC0, 0xA6,
    0x84, 0xAB, 0xA0, 0xAC, 0xC8, 0x44, 0xA0, 0x42, 0x84, 0x00, 0xD0, 0x84, 0xE0, 0x43, 0xD0, 0x64,
    0x80, 0x00, 0xB8, 0x63, 0xE0, 0x43, 0xD8, 0x43, 0x80, 0x21, 0xA4, 0x63, 0xE0, 0x64, 0xDC, 0x43,
    0x88, 0x21, 0xC4, 0x43, 0xE0, 0x43, 0xC8, 0x64, 0x8C, 0x63, 0xA8, 0x42, 0xE0, 0x43, 0xD4, 0x43,
    0x94, 0x63, 0x9C, 0x42, 0xE0, 0x43, 0xD8, 0x42, 0xA4, 0x64, 0x8C, 0x42, 0xD8, 0x63, 0xE0, 0x43,
    0xA1, 0x08, 0x84, 0x42, 0xA4, 0x63, 0xDC, 0x64, 0xA9, 0x08, 0x8C, 0x84, 0x98, 0x63, 0xDC, 0x64,
    0xB4, 0xC7, 0x90, 0xA5, 0x90, 0x42, 0xD4, 0x64, 0xC0, 0x85, 0x98, 0xE7, 0x88, 0x21, 0xD0, 0x64,
    0xDC, 0x43, 0xDC, 0x43, 0xD8, 0x63, 0xD0, 0x64, 0xDC, 0x43, 0xDC, 0x43, 0xDC, 0x43, 0xDC, 0x43,
    0xDC, 0x43, 0xCC, 0x64, 0xD4, 0x84, 0xDC, 0x43, 0xE0, 0x43, 0xC8, 0x63, 0xB8, 0xA5, 0xDC, 0x43,
    0xDC, 0x43, 0xDC, 0x43, 0xDC, 0x43, 0xD8, 0x42, 0xD8, 0x43, 0xDC, 0x43, 0xDC, 0x43, 0xDC, 0x43,
    0xDC, 0x43, 0xD8, 0x64, 0xD8, 0x43, 0xDC, 0x43, 0xDC, 0x43, 0xC0, 0x84, 0xCC, 0x84, 0xDC, 0x43,
    0xB5, 0x08, 0x44, 0x44, 0x00, 0x00, 0x00, 0x00, 0xC0, 0x64, 0xBD, 0xAD, 0x00, 0x00, 0x00, 0x00,
    0xD4, 0x42, 0xB5, 0x29, 0x33, 0x33, 0x00, 0x00, 0xDC, 0x43, 0xBC, 0x84, 0xBD, 0xAD, 0x00, 0x00,
    0x00, 0x00, 0x00, 0x00, 0x00, 0x00, 0x00, 0x00, 0x00, 0x00, 0x00, 0x00, 0x00, 0x00, 0x00, 0x00,
    0x00, 0x00, 0x00, 0x00, 0x00, 0x00, 0x00, 0x00, 0x00, 0x00, 0x00, 0x00, 0x00, 0x00, 0x00, 0x00,
    0x00, 0x00, 0x00, 0x00, 0x00, 0x00, 0x50, 0x00, 0x00, 0x00, 0x00, 0x00, 0x00, 0x00, 0x84, 0x21,
    0x00, 0x00, 0x00, 0x00, 0x50, 0x00, 0xA8, 0x63, 0x00, 0x00, 0x00, 0x00, 0x88, 0x21, 0xCC, 0x64,
    0xB0, 0x63, 0xE0, 0x43, 0xDC, 0x43, 0xDC, 0x43, 0xD0, 0x63, 0xDC, 0x43, 0xDC, 0x43, 0xDC, 0x43,
    0xDC, 0x63, 0xDC, 0x43, 0xDC, 0x43, 0xDC, 0x43, 0xDC, 0x43, 0xDC, 0x43, 0xDC, 0x43, 0xDC, 0x43,
    0xDC, 0x43, 0xDC, 0x43, 0xB0, 0xA6, 0x8C, 0x84, 0xDC, 0x43, 0xD0, 0x63, 0x9C, 0xC6, 0x84, 0x42,
    0xDC, 0x43, 0xBC, 0x85, 0x90, 0xA5, 0x94, 0x42, 0xD8, 0x43, 0xA4, 0xC6, 0x84, 0x63, 0xB4, 0x63,
    0x98, 0x84, 0xB4, 0xC7, 0xB8, 0xC7, 0xB8, 0xC6, 0xBC, 0x63, 0xDC, 0x43, 0xDC, 0x43, 0xDC, 0x43,
    0xD8, 0x64, 0xDC, 0x43, 0xDC, 0x43, 0xDC, 0x43, 0xE0, 0x43, 0xDC, 0x43, 0xDC, 0x43, 0xE0, 0x43,
    0xBC, 0xA5, 0xB0, 0xC6, 0x88, 0x63, 0x88, 0x21, 0xE0, 0x42, 0xA8, 0x85, 0x84, 0x21, 0x98, 0x42,
    0xD0, 0x63, 0x90, 0x63, 0x80, 0x21, 0xB4, 0x63, 0xC4, 0x84, 0x8C, 0x63, 0x84, 0x21, 0xC8, 0x64,
    0xD4, 0x64, 0xDC, 0x43, 0xD0, 0x63, 0x88, 0x42, 0xDC, 0x63, 0xE0, 0x43, 0xC0, 0x84, 0x84, 0x21,
    0xE0, 0x43, 0xDC, 0x43, 0xB0, 0xA5, 0x8C, 0x42, 0xDC, 0x43, 0xD8, 0x43, 0xAC, 0x64, 0xB8, 0x63,
    0xA4, 0x42, 0xE0, 0x43, 0xDC, 0x43, 0xB0, 0xC6, 0xC4, 0x43, 0xDC, 0x43, 0xD4, 0x43, 0x9C, 0xA5,
    0xD8, 0x63, 0xE0, 0x43, 0xC4, 0x64, 0x90, 0x84, 0xE0, 0x43, 0xDC, 0x43, 0xB0, 0xA5, 0x84, 0x42,
    0x80, 0x00, 0xC4, 0x63, 0xE0, 0x43, 0xD8, 0x43, 0x84, 0x00, 0xD0, 0x64, 0xDC, 0x43, 0xDC, 0x43,
    0x84, 0x00, 0xD8, 0x63, 0xDC, 0x43, 0xDC, 0x43, 0x9C, 0x42, 0xE0, 0x64, 0xE0, 0x43, 0xDC, 0x64,
    0xB0, 0xA5, 0xA4, 0xE7, 0x8C, 0x63, 0x84, 0x21, 0xD8, 0x43, 0xD4, 0x43, 0xA0, 0xC6, 0x90, 0x63,
    0xE0, 0x43, 0xD0, 0x63, 0x9C, 0xE7, 0x90, 0x63, 0xE0, 0x63, 0xC4, 0x84, 0x9C, 0xE7, 0x84, 0x42,
    0xCC, 0x64, 0xDC, 0x43, 0xD8, 0x43, 0x9C, 0xC6, 0xD4, 0x63, 0xDC, 0x43, 0xD4, 0x63, 0x94, 0xC5,
    0xD8, 0x64, 0xE0, 0x43, 0xD8, 0x43, 0xB4, 0x63, 0xB0, 0x84, 0xD4, 0x64, 0xD8, 0x63, 0xD4, 0x64,
    0xB0, 0x64, 0xE0, 0x43, 0xDC, 0x43, 0xB8, 0xA6, 0xB8, 0x64, 0xE0, 0x43, 0xDC, 0x43, 0xB0, 0xC6,
    0xD4, 0x63, 0xE0, 0x43, 0xC0, 0x64, 0x90, 0x84, 0xC8, 0x63, 0xAC, 0x63, 0x88, 0x42, 0x40, 0x00,
    0x80, 0x00, 0x80, 0x00, 0x84, 0x00, 0xAC, 0xA5, 0x84, 0x21, 0xBC, 0x42, 0xE0, 0x42, 0xD0, 0x43,
    0x80, 0x00, 0xB4, 0x84, 0xE0, 0x64, 0xDC, 0x63, 0x60, 0x00, 0x84, 0x21, 0xA0, 0x63, 0xBC, 0x63,
    0x9C, 0xC6, 0xC4, 0x84, 0xE0, 0x43, 0xDC, 0x22, 0x98, 0xE7, 0xA8, 0x84, 0xE0, 0x63, 0xE0, 0x43,
    0xD4, 0x64, 0xD8, 0x64, 0xE0, 0x64, 0xCC, 0x43, 0xCC, 0x63, 0xD0, 0x63, 0xA8, 0x43, 0x88, 0x21,
    0xAC, 0xA5, 0x8C, 0x83, 0x88, 0x21, 0xAC, 0xC6, 0xBC, 0xA6, 0x8C, 0x84, 0xCC, 0x43, 0xE0, 0x43,
    0xA4, 0xA5, 0x94, 0xC6, 0xB4, 0x64, 0xE0, 0x64, 0x51, 0x11, 0x21, 0x11, 0x90, 0x84, 0xA0, 0x63,
    0xA0, 0xA5, 0xAC, 0xA5, 0xD4, 0x64, 0xE0, 0x43, 0xCC, 0x64, 0x94, 0xE7, 0xB4, 0x64, 0xE0, 0x43,
    0xDC, 0x63, 0xD4, 0x84, 0xD8, 0x64, 0xDC, 0x63, 0xC0, 0x63, 0xD4, 0x64, 0xDC, 0x64, 0xD8, 0x64,
    0xD0, 0x43, 0x80, 0x00, 0x90, 0x42, 0xD8, 0x63, 0xDC, 0x42, 0xB4, 0xC6, 0x98, 0xA5, 0xD4, 0x43,
    0xE0, 0x43, 0xB8, 0xA5, 0x90, 0xA5, 0xD0, 0x64, 0xB8, 0x43, 0x98, 0x84, 0x8C, 0x84, 0xC4, 0x84,
    0xDC, 0x43, 0xD4, 0x63, 0xBC, 0x84, 0x90, 0x21, 0xDC, 0x43, 0xD0, 0x63, 0x94, 0xA5, 0x80, 0x00,
    0xDC, 0x43, 0xD8, 0x43, 0xC4, 0x64, 0xB8, 0x84, 0xDC, 0x63, 0xDC, 0x64, 0xE0, 0x43, 0xE4, 0x43,
    0x80, 0x00, 0x94, 0x63, 0xD8, 0x64, 0xE0, 0x43, 0x80, 0x00, 0x84, 0x21, 0xCC, 0x84, 0xE0, 0x43,
    0xA4, 0xA5, 0x80, 0x00, 0xB4, 0x63, 0xE0, 0x43, 0xD0, 0x63, 0x88, 0x63, 0x94, 0x42, 0xE0, 0x64,
    0xC0, 0x64, 0x84, 0x21, 0xD0, 0x64, 0xE0, 0x43, 0xD4, 0x63, 0x88, 0x42, 0xB0, 0x63, 0xE0, 0x43,
    0xD8, 0x43, 0xA4, 0xA5, 0xA4, 0x84, 0xDC, 0x63, 0xE0, 0x43, 0xCC, 0x64, 0xA4, 0xA5, 0xDC, 0x64,
    0xD0, 0x63, 0xA5, 0x08, 0x88, 0x42, 0xC4, 0x63, 0xD8, 0x42, 0xB0, 0xE7, 0x8C, 0x84, 0xBC, 0x63,
    0xDC, 0x43, 0xBC, 0xA5, 0x90, 0xC6, 0xB4, 0x43, 0xDC, 0x43, 0xCC, 0x64, 0x98, 0xE7, 0xA8, 0x63,
    0xE0, 0x43, 0xD8, 0x43, 0xA8, 0xA5, 0xD0, 0x64, 0xE0, 0x43, 0xDC, 0x43, 0xB0, 0x85, 0xB8, 0xA5,
    0xE0, 0x43, 0xDC, 0x43, 0xC4, 0x64, 0x9C, 0xA5, 0xE0, 0x63, 0xDC, 0x43, 0xD4, 0x43, 0xAD, 0x29,
    0xE0, 0x43, 0xBC, 0x84, 0xB8, 0xA5, 0xE0, 0x43, 0xE8, 0x63, 0xC4, 0x64, 0xA4, 0xC6, 0xD8, 0x63,
    0xAC, 0x63, 0xA4, 0x63, 0x90, 0xA5, 0xC8, 0x64, 0x90, 0xA5, 0x8C, 0x84, 0x88, 0x43, 0xB0, 0x63,
    0xDC, 0x43, 0xD0, 0x42, 0xB5, 0x4A, 0x22, 0x22, 0xDC, 0x43, 0xDC, 0x43, 0xBC, 0x85, 0xB9, 0xCE,
    0xDC, 0x43, 0xDC, 0x43, 0xD0, 0x42, 0xB5, 0x6B, 0xE0, 0x63, 0xDC, 0x43, 0xDC, 0x42, 0xBC, 0xC6,
    0x00, 0x00, 0x00, 0x00, 0x00, 0x00, 0x00, 0x00, 0x00, 0x00, 0x00, 0x00, 0x00, 0x00, 0x00, 0x00,
    0x00, 0x00, 0x00, 0x00, 0x00, 0x00, 0x00, 0x00, 0x55, 0x55, 0x00, 0x00, 0x00, 0x00, 0x00, 0x00,
    0x00, 0x00, 0x50, 0x00, 0xA8, 0x63, 0xE0, 0x63, 0x00, 0x00, 0x88, 0x21, 0xD0, 0x64, 0xDC, 0x43,
    0x50, 0x00, 0xAC, 0x63, 0xE0, 0x63, 0xDC, 0x43, 0x8C, 0x21, 0xD0, 0x64, 0xDC, 0x43, 0xDC, 0x43,
    0xDC, 0x43, 0xDC, 0x43, 0xDC, 0x43, 0xDC, 0x43, 0xDC, 0x43, 0xDC, 0x43, 0xDC, 0x43, 0xDC, 0x43,
    0xDC, 0x43, 0xDC, 0x43, 0xDC, 0x43, 0xDC, 0x43, 0xDC, 0x43, 0xDC, 0x43, 0xDC, 0x43, 0xDC, 0x43,
    0xC8, 0x64, 0x98, 0xE7, 0x98, 0x63, 0xD4, 0x63, 0xD4, 0x63, 0xC4, 0x84, 0xD4, 0x63, 0xDC, 0x43,
    0xDC, 0x43, 0xDC, 0x43, 0xDC, 0x43, 0xDC, 0x43, 0xDC, 0x43, 0xDC, 0x43, 0xE0, 0x43, 0xDC, 0x64,
    0xDC, 0x43, 0xDC, 0x43, 0xDC, 0x43, 0xDC, 0x43, 0xDC, 0x43, 0xDC, 0x43, 0xE0, 0x43, 0xC4, 0x64,
    0xE0, 0x43, 0xDC, 0x63, 0xC4, 0x64, 0x94, 0x64, 0xC4, 0x64, 0xA0, 0x43, 0x84, 0x21, 0x80, 0x00,
    0xAC, 0xA5, 0x88, 0x42, 0x88, 0x21, 0xD4, 0x64, 0x90, 0x84, 0x80, 0x00, 0x80, 0x00, 0xB8, 0x84,
    0x80, 0x00, 0x84, 0x00, 0x20, 0x00, 0x80, 0x00, 0x60, 0x00, 0x00, 0x00, 0x00, 0x00, 0x00, 0x00,
    0xDC, 0x43, 0xDC, 0x43, 0xDC, 0x43, 0xE0, 0x43, 0xDC, 0x64, 0xD4, 0x64, 0xC4, 0x63, 0xB0, 0x43,
    0x94, 0x42, 0x8C, 0x21, 0x84, 0x20, 0x60, 0x00, 0x00, 0x00, 0x00, 0x00, 0x00, 0x00, 0x00, 0x00,
    0xDC, 0x63, 0xB8, 0x64, 0x8C, 0x63, 0x80, 0x00, 0x9C, 0x42, 0x88, 0x21, 0x80, 0x00, 0x60, 0x00,
    0x20, 0x00, 0x00, 0x00, 0x00, 0x00, 0x00, 0x00, 0x00, 0x00, 0x00, 0x00, 0x00, 0x00, 0x00, 0x00,
    0xA4, 0x63, 0xBC, 0x64, 0xB0, 0x63, 0xA4, 0x42, 0x84, 0x00, 0x60, 0x00, 0x50, 0x00, 0x30, 0x00,
    0x00, 0x00, 0x00, 0x00, 0x00, 0x00, 0x00, 0x00, 0x00, 0x00, 0x00, 0x00, 0x00, 0x00, 0x00, 0x00,
    0x9C, 0x42, 0x8C, 0x42, 0x94, 0x84, 0x41, 0x11, 0x10, 0x00, 0x00, 0x00, 0x00, 0x00, 0x00, 0x00,
    0x00, 0x00, 0x00, 0x00, 0x00, 0x00, 0x00, 0x00, 0x00, 0x00, 0x00, 0x00, 0x00, 0x00, 0x00, 0x00,
    0x50, 0x00, 0x88, 0x21, 0x88, 0x21, 0x84, 0x21, 0x00, 0x00, 0x00, 0x00, 0x00, 0x00, 0x00, 0x00,
    0x00, 0x00, 0x00, 0x00, 0x00, 0x00, 0x00, 0x00, 0x00, 0x00, 0x00, 0x00, 0x00, 0x00, 0x00, 0x00,
    0x80, 0x00, 0x40, 0x00, 0x00, 0x00, 0x00, 0x00, 0x00, 0x00, 0x00, 0x00, 0x00, 0x00, 0x00, 0x00,
    0x00, 0x00, 0x00, 0x00, 0x00, 0x00, 0x00, 0x00, 0x00, 0x00, 0x00, 0x00, 0x00, 0x00, 0x00, 0x00,
    0x00, 0x00, 0x00, 0x00, 0x40, 0x00, 0x90, 0x84, 0x00, 0x00, 0x00, 0x00, 0x00, 0x00, 0x00, 0x00,
    0x00, 0x00, 0x00, 0x00, 0x00, 0x00, 0x00, 0x00, 0x00, 0x00, 0x00, 0x00, 0x00, 0x00, 0x00, 0x00,
    0x90, 0x84, 0x90, 0x84, 0x90, 0x84, 0x41, 0x11, 0x00, 0x00, 0x20, 0x00, 0x10, 0x00, 0x00, 0x00,
    0x00, 0x00, 0x00, 0x00, 0x00, 0x00, 0x00, 0x00, 0x00, 0x00, 0x00, 0x00, 0x00, 0x00, 0x00, 0x00,
    0x00, 0x00, 0x00, 0x00, 0x00, 0x00, 0x40, 0x00, 0x00, 0x00, 0x00, 0x00, 0x00, 0x00, 0x00, 0x00,
    0x00, 0x00, 0x00, 0x00, 0x00, 0x00, 0x00, 0x00, 0x00, 0x00, 0x00, 0x00, 0x00, 0x00, 0x00, 0x00,
    0x90, 0x84, 0x8C, 0x63, 0x8C, 0x63, 0x8C, 0x63, 0x00, 0x00, 0x00, 0x00, 0x00, 0x00, 0x00, 0x00,
    0x00, 0x00, 0x00, 0x00, 0x00, 0x00, 0x00, 0x00, 0x00, 0x00, 0x00, 0x00, 0x00, 0x00, 0x00, 0x00,
    0x61, 0x11, 0x41, 0x11, 0x90, 0x84, 0x8C, 0x21, 0x00, 0x00, 0x00, 0x00, 0x00, 0x00, 0x00, 0x00,
    0x00, 0x00, 0x00, 0x00, 0x00, 0x00, 0x00, 0x00, 0x00, 0x00, 0x00, 0x00, 0x00, 0x00, 0x00, 0x00,
    0x98, 0x42, 0xA0, 0x42, 0xAC, 0x63, 0xBC, 0x64, 0x10, 0x00, 0x30, 0x00, 0x50, 0x00, 0x60, 0x00,
    0x00, 0x00, 0x00, 0x00, 0x00, 0x00, 0x00, 0x00, 0x00, 0x00, 0x00, 0x00, 0x00, 0x00, 0x00, 0x00,
    0xC0, 0x64, 0x94, 0x84, 0x84, 0x21, 0xB0, 0x64, 0x80, 0x00, 0x88, 0x42, 0x98, 0xA6, 0x94, 0xA5,
    0x00, 0x00, 0x00, 0x00, 0x00, 0x00, 0x10, 0x00, 0x00, 0x00, 0x00, 0x00, 0x00, 0x00, 0x00, 0x00,
    0xDC, 0x64, 0xDC, 0x64, 0xDC, 0x64, 0xDC, 0x64, 0x9C, 0x84, 0xB8, 0x63, 0xD4, 0x64, 0xDC, 0x64,
    0x52, 0x33, 0x94, 0xA5, 0x90, 0x63, 0x9C, 0x63, 0x00, 0x00, 0x00, 0x00, 0x00, 0x00, 0x10, 0x00,
    0xDC, 0x63, 0xD8, 0x43, 0xA4, 0xE7, 0xA0, 0x84, 0xE0, 0x64, 0xD0, 0x63, 0x9C, 0xA5, 0x94, 0x64,
    0xA8, 0x43, 0x98, 0x63, 0x90, 0x84, 0x8C, 0x42, 0x20, 0x00, 0x10, 0x00, 0x32, 0x11, 0x63, 0x23,
    0xDC, 0x63, 0xDC, 0x43, 0xD8, 0x43, 0xB9, 0x09, 0xDC, 0x63, 0xDC, 0x43, 0xDC, 0x42, 0xBC, 0xC7,
    0xC4, 0x64, 0xD8, 0x63, 0xE0, 0x43, 0xC8, 0x84, 0x98, 0xA5, 0x98, 0x84, 0xA4, 0x63, 0xB0, 0x63,
    0xA0, 0xE7, 0x90, 0x84, 0x8C, 0x84, 0x9C, 0x63, 0xA5, 0x29, 0x90, 0x84, 0x90, 0x84, 0x8C, 0x63,
    0xB1, 0x6B, 0x98, 0xA5, 0x90, 0x84, 0x88, 0x63, 0xB1, 0x6B, 0xA0, 0xE7, 0x90, 0x84, 0x8C, 0x84,
    0xDC, 0x63, 0xDC, 0x43, 0xDC, 0x43, 0xC8, 0x63, 0xD0, 0x64, 0xDC, 0x43, 0xDC, 0x43, 0xD8, 0x42,
    0xB4, 0x84, 0xE0, 0x43, 0xDC, 0x43, 0xDC, 0x43, 0x98, 0x63, 0xDC, 0x64, 0xDC, 0x43, 0xDC, 0x43,
    0xB9, 0xAD, 0x00, 0x00, 0x00, 0x00, 0x00, 0x00, 0xB5, 0x08, 0x45, 0x55, 0x00, 0x00, 0x00, 0x00,
    0xC4, 0x63, 0xB9, 0xCE, 0x00, 0x00, 0x00, 0x00, 0xD4, 0x42, 0xB5, 0x08, 0x44, 0x44, 0x00, 0x00,
    0xA0, 0x42, 0xE0, 0x64, 0xDC, 0x43, 0xDC, 0x43, 0x9C, 0x63, 0xDC, 0x84, 0xE0, 0x43, 0xE0, 0x43,
    0x50, 0x00, 0xA0, 0x63, 0xC0, 0x84, 0xC0, 0x64, 0x00, 0x00, 0x30, 0x00, 0x60, 0x00, 0x60, 0x00,
    0xDC, 0x43, 0xDC, 0x43, 0xDC, 0x43, 0xE0, 0x43, 0xE0, 0x43, 0xDC, 0x63, 0xD8, 0x63, 0xC4, 0x63,
    0xB4, 0x63, 0xA4, 0x42, 0x90, 0x22, 0x84, 0x20, 0x60, 0x00, 0x30, 0x00, 0x00, 0x00, 0x00, 0x00,
    0xDC, 0x63, 0xD0, 0x64, 0xB4, 0x63, 0x98, 0x42, 0xA4, 0x63, 0x88, 0x21, 0x80, 0x00, 0x60, 0x00,
    0x60, 0x00, 0x30, 0x00, 0x00, 0x00, 0x00, 0x00, 0x00, 0x00, 0x00, 0x00, 0x00, 0x00, 0x00, 0x00,
    0x84, 0x21, 0x80, 0x00, 0x40, 0x00, 0x00, 0x00, 0x10, 0x00, 0x00, 0x00, 0x00, 0x00, 0x00, 0x00,
    0x00, 0x00, 0x00, 0x00, 0x00, 0x00, 0x00, 0x00, 0x00, 0x00, 0x00, 0x00, 0x00, 0x00, 0x00, 0x00,
    0x00, 0x00, 0x00, 0x00, 0x00, 0x00, 0x00, 0x00, 0x00, 0x00, 0x00, 0x00, 0x00, 0x00, 0x00, 0x00,
    0x00, 0x00, 0x00, 0x00, 0x00, 0x00, 0x00, 0x00, 0x00, 0x00, 0x00, 0x00, 0x00, 0x00, 0x00, 0x00,
    0x00, 0x00, 0x00, 0x00, 0x00, 0x00, 0x00, 0x00, 0x00, 0x00, 0x00, 0x00, 0x00, 0x00, 0x00, 0x00,
    0x00, 0x00, 0x00, 0x00, 0x00, 0x00, 0x00, 0x00, 0x00, 0x00, 0x00, 0x00, 0x00, 0x00, 0x00, 0x00,
    0x00, 0x00, 0x00, 0x00, 0x00, 0x00, 0x00, 0x00, 0x00, 0x00, 0x00, 0x00, 0x00, 0x00, 0x00, 0x00,
    0x00, 0x00, 0x00, 0x00, 0x00, 0x00, 0x00, 0x00, 0x00, 0x00, 0x00, 0x00, 0x00, 0x00, 0x00, 0x00,
    0x00, 0x00, 0x00, 0x00, 0x00, 0x00, 0x00, 0x00, 0x00, 0x00, 0x00, 0x00, 0x00, 0x00, 0x00, 0x00,
    0x00, 0x00, 0x00, 0x00, 0x00, 0x00, 0x00, 0x00, 0x00, 0x00, 0x00, 0x00, 0x00, 0x00, 0x00, 0x00,
    0x00, 0x00, 0x00, 0x00, 0x00, 0x00, 0x00, 0x00, 0x00, 0x00, 0x00, 0x00, 0x00, 0x00, 0x00, 0x00,
    0x00, 0x00, 0x00, 0x00, 0x00, 0x00, 0x00, 0x00, 0x00, 0x00, 0x00, 0x00, 0x00, 0x00, 0x00, 0x00,
    0x00, 0x00, 0x00, 0x00, 0x00, 0x00, 0x00, 0x00, 0x00, 0x00, 0x00, 0x00, 0x00, 0x00, 0x00, 0x00,
    0x00, 0x00, 0x00, 0x00, 0x00, 0x00, 0x00, 0x00, 0x00, 0x00, 0x00, 0x00, 0x00, 0x00, 0x00, 0x00,
    0x00, 0x00, 0x00, 0x00, 0x00, 0x00, 0x00, 0x00, 0x00, 0x00, 0x00, 0x00, 0x00, 0x00, 0x00, 0x00,
    0x00, 0x00, 0x00, 0x00, 0x00, 0x00, 0x00, 0x00, 0x00, 0x00, 0x00, 0x00, 0x00, 0x00, 0x00, 0x00,
    0x00, 0x00, 0x00, 0x00, 0x00, 0x00, 0x00, 0x00, 0x00, 0x00, 0x00, 0x00, 0x00, 0x00, 0x00, 0x00,
    0x00, 0x00, 0x00, 0x00, 0x00, 0x00, 0x00, 0x00, 0x00, 0x00, 0x00, 0x00, 0x00, 0x00, 0x00, 0x00,
    0x00, 0x00, 0x00, 0x00, 0x00, 0x00, 0x00, 0x00, 0x00, 0x00, 0x00, 0x00, 0x00, 0x00, 0x00, 0x00,
    0x00, 0x00, 0x00, 0x00, 0x00, 0x00, 0x00, 0x00, 0x00, 0x00, 0x00, 0x00, 0x00, 0x00, 0x00, 0x00,
    0x00, 0x00, 0x00, 0x00, 0x00, 0x00, 0x00, 0x00, 0x00, 0x00, 0x00, 0x00, 0x00, 0x00, 0x00, 0x00,
    0x00, 0x00, 0x00, 0x00, 0x00, 0x00, 0x00, 0x00, 0x00, 0x00, 0x00, 0x00, 0x00, 0x00, 0x00, 0x00,
    0x00, 0x00, 0x00, 0x00, 0x00, 0x00, 0x00, 0x00, 0x00, 0x00, 0x00, 0x00, 0x00, 0x00, 0x00, 0x00,
    0x00, 0x00, 0x00, 0x00, 0x00, 0x00, 0x00, 0x00, 0x00, 0x00, 0x00, 0x00, 0x00, 0x00, 0x00, 0x00,
    0x00, 0x00, 0x00, 0x00, 0x00, 0x00, 0x00, 0x00, 0x00, 0x00, 0x00, 0x00, 0x00, 0x00, 0x00, 0x00,
    0x00, 0x00, 0x00, 0x00, 0x00, 0x00, 0x00, 0x00, 0x00, 0x00, 0x00, 0x00, 0x00, 0x00, 0x00, 0x00,
    0x00, 0x00, 0x00, 0x00, 0x00, 0x00, 0x00, 0x00, 0x00, 0x00, 0x00, 0x00, 0x00, 0x00, 0x00, 0x00,
    0x00, 0x00, 0x00, 0x00, 0x00, 0x00, 0x00, 0x00, 0x00, 0x00, 0x00, 0x00, 0x00, 0x00, 0x00, 0x00,
    0x00, 0x00, 0x00, 0x00, 0x00, 0x00, 0x00, 0x00, 0x00, 0x00, 0x00, 0x00, 0x00, 0x00, 0x00, 0x00,
    0x00, 0x00, 0x00, 0x00, 0x00, 0x00, 0x00, 0x00, 0x00, 0x00, 0x00, 0x00, 0x00, 0x00, 0x00, 0x00,
    0x00, 0x00, 0x00, 0x00, 0x00, 0x00, 0x00, 0x00, 0x00, 0x00, 0x00, 0x00, 0x00, 0x00, 0x00, 0x00,
    0x00, 0x00, 0x00, 0x00, 0x00, 0x00, 0x00, 0x00, 0x00, 0x00, 0x00, 0x00, 0x00, 0x00, 0x00, 0x00,
    0x00, 0x00, 0x00, 0x00, 0x00, 0x00, 0x00, 0x00, 0x00, 0x00, 0x00, 0x00, 0x00, 0x00, 0x00, 0x00,
    0x00, 0x00, 0x00, 0x00, 0x00, 0x00, 0x00, 0x00, 0x00, 0x00, 0x00, 0x00, 0x00, 0x00, 0x00, 0x00,
    0x00, 0x00, 0x10, 0x11, 0x52, 0x22, 0x90, 0x84, 0x00, 0x00, 0x00, 0x00, 0x00, 0x00, 0x00, 0x00,
    0x00, 0x00, 0x00, 0x00, 0x00, 0x00, 0x00, 0x00, 0x00, 0x00, 0x00, 0x00, 0x00, 0x00, 0x00, 0x00,
    0x98, 0xA5, 0x63, 0x22, 0x90, 0x84, 0x90, 0x84, 0x00, 0x00, 0x00, 0x00, 0x63, 0x33, 0x9C, 0xE7,
    0x00, 0x00, 0x00, 0x00, 0x00, 0x00, 0x00, 0x00, 0x00, 0x00, 0x00, 0x00, 0x00, 0x00, 0x00, 0x00,
    0x88, 0x42, 0xCC, 0x84, 0xE0, 0x43, 0xDC, 0x43, 0x8C, 0x84, 0x9C, 0x63, 0xC0, 0x64, 0xD0, 0x63,
    0x21, 0x11, 0x62, 0x33, 0x94, 0xC6, 0x94, 0x84, 0x00, 0x00, 0x00, 0x00, 0x00, 0x00, 0x21, 0x11,
    0xDC, 0x43, 0xC0, 0x64, 0xB9, 0xAD, 0x00, 0x00, 0xDC, 0x63, 0xD8, 0x22, 0xB5, 0x29, 0x34, 0x33,
    0xA0, 0x63, 0xB8, 0x63, 0xB4, 0x84, 0xBD, 0xCE, 0x62, 0x33, 0x94, 0xC6, 0x94, 0x84, 0xA5, 0x08,
};

static const u8 sMemcardIcon[0x2200] = {
    0x78, 0x71, 0x72, 0x68, 0x67, 0x66, 0x5A, 0x58, 0x79, 0x78, 0x6F, 0x72, 0x68, 0x67, 0x66, 0x58,
    0x79, 0x77, 0x71, 0x6F, 0x72, 0x68, 0x66, 0x66, 0x7A, 0x79, 0x77, 0x71, 0x72, 0x68, 0x67, 0x66,
    0x4F, 0x4E, 0x4D, 0x48, 0x48, 0x47, 0x42, 0x25, 0x59, 0x4F, 0x4E, 0x4D, 0x48, 0x48, 0x56, 0x2E,
    0x5A, 0x59, 0x4F, 0x4E, 0x4D, 0x48, 0x47, 0x9A, 0x66, 0x58, 0x4F, 0x4F, 0x4D, 0x4D, 0x48, 0x54,
    0x25, 0x31, 0x3B, 0x3F, 0x3F, 0x3E, 0x3E, 0x3E, 0x28, 0x26, 0x32, 0x37, 0x3F, 0x3F, 0x3E, 0x3E,
    0x32, 0x03, 0x03, 0x2A, 0x2A, 0x3F, 0x3F, 0x3E, 0x46, 0x03, 0x2F, 0x03, 0x80, 0x3A, 0x3F, 0x3F,
    0x3E, 0x3E, 0x3E, 0x3E, 0x27, 0x2E, 0x32, 0x52, 0x3E, 0x3E, 0x3E, 0x3E, 0x63, 0x2A, 0x31, 0x99,
    0x3E, 0x3E, 0x3E, 0xB9, 0x8A, 0xA4, 0x41, 0x41, 0x3E, 0x3E, 0x55, 0xB8, 0x25, 0x30, 0x2A, 0x2A,
    0x7F, 0x7A, 0x79, 0x78, 0x71, 0x72, 0x68, 0x67, 0x7F, 0x7A, 0x7A, 0x79, 0x78, 0x71, 0x72, 0x68,
    0x82, 0x7F, 0x7F, 0x7A, 0x79, 0x78, 0x71, 0x72, 0x82, 0x82, 0x7F, 0x7F, 0x7A, 0x79, 0x78, 0x71,
    0x66, 0x5A, 0x58, 0x4F, 0x4E, 0x4D, 0x4D, 0x48, 0x67, 0x66, 0x5A, 0x59, 0x4F, 0x4E, 0x4D, 0x48,
    0x68, 0x67, 0x66, 0x5B, 0x58, 0x4F, 0x4E, 0x4E, 0x72, 0x68, 0x67, 0x66, 0x5B, 0x59, 0x59, 0x4E,
    0x8F, 0x41, 0x7B, 0x53, 0x61, 0x54, 0x3F, 0x3F, 0x48, 0x9D, 0x9D, 0x53, 0x61, 0x80, 0x4B, 0xC9,
    0x48, 0x48, 0x8B, 0x91, 0x4A, 0x46, 0x4B, 0xC9, 0x4E, 0x48, 0x48, 0x6D, 0x91, 0xB3, 0xD5, 0xAA,
    0x3E, 0x87, 0xD8, 0x9C, 0x26, 0x36, 0x31, 0x8A, 0xC9, 0xE4, 0xAD, 0x64, 0x22, 0x22, 0x61, 0x99,
    0xC9, 0xE4, 0xAD, 0x33, 0x23, 0x29, 0x46, 0x38, 0xAA, 0x02, 0x3B, 0x24, 0x2C, 0x2A, 0x90, 0x3D,
    0x83, 0x82, 0x82, 0x7F, 0x7F, 0x7A, 0x79, 0x78, 0x83, 0x83, 0x82, 0x82, 0x7F, 0x7F, 0x7A, 0x79,
    0xD0, 0x86, 0x86, 0x82, 0x7C, 0x75, 0x7F, 0x7A, 0xC9, 0xD9, 0xD9, 0xDF, 0x84, 0x46, 0x4A, 0x84,
    0x71, 0x72, 0x68, 0x67, 0x66, 0x5B, 0x59, 0x4F, 0x78, 0x71, 0x72, 0x68, 0x67, 0x66, 0x5B, 0x58,
    0x79, 0x78, 0x71, 0x72, 0x68, 0x67, 0x66, 0x65, 0x81, 0x81, 0x81, 0x6F, 0x72, 0x6E, 0xB0, 0xD9,
    0x4E, 0x4D, 0x48, 0x74, 0xD0, 0xC9, 0xB1, 0x02, 0x4C, 0x4C, 0xC0, 0xE1, 0xD9, 0xD5, 0x02, 0xA1,
    0xD2, 0xD2, 0xDF, 0xD9, 0xD5, 0x02, 0x02, 0x44, 0xDB, 0xDB, 0xD7, 0xC1, 0x02, 0x02, 0x2A, 0x41,
    0x02, 0x56, 0x3F, 0x3A, 0x2A, 0x33, 0x63, 0x3E, 0xA1, 0x40, 0x40, 0x3D, 0x41, 0x32, 0x39, 0x3F,
    0x63, 0x6D, 0x35, 0x3C, 0x2B, 0x4A, 0x3F, 0x3F, 0x41, 0x29, 0x2A, 0x4A, 0x6D, 0x62, 0x3F, 0x3F,
    0xCA, 0xDD, 0xDD, 0xDA, 0xC9, 0xBB, 0xD1, 0xE1, 0xA3, 0xE3, 0xE3, 0xD6, 0xDA, 0xC8, 0xCB, 0xCB,
    0xA3, 0xC1, 0xE3, 0xD6, 0xDA, 0xC8, 0xCB, 0xCB, 0xA3, 0x02, 0x02, 0xD6, 0xC9, 0xC7, 0xC6, 0xC2,
    0xCF, 0xCF, 0xDF, 0xDF, 0xD1, 0xE1, 0xC7, 0xDC, 0xCB, 0xCB, 0xCB, 0xC6, 0xC6, 0xC8, 0xDC, 0xD7,
    0xC4, 0xC4, 0xC4, 0xC6, 0xC6, 0xC8, 0xDC, 0xD7, 0xEF, 0xEF, 0xF6, 0xD4, 0xD5, 0xCB, 0xC6, 0xBA,
    0xD5, 0xD5, 0xC1, 0x02, 0x02, 0xFB, 0x2A, 0x1D, 0xDB, 0xB7, 0x02, 0x02, 0x99, 0x2E, 0x23, 0x1F,
    0xB7, 0x02, 0x02, 0x02, 0x9C, 0x2E, 0x80, 0x2D, 0x02, 0x02, 0x02, 0x9E, 0x42, 0x35, 0xFE, 0x06,
    0x1E, 0x1E, 0x30, 0x36, 0x1D, 0xA4, 0x43, 0x3F, 0x1E, 0x20, 0x1F, 0x25, 0x2F, 0x30, 0x8A, 0x3D,
    0x21, 0x25, 0x26, 0x26, 0x2F, 0x36, 0x8F, 0x40, 0xFE, 0x31, 0x27, 0x26, 0x05, 0x36, 0x80, 0x40,
    0xA3, 0x02, 0x02, 0xA3, 0xCC, 0xDA, 0xCB, 0xC4, 0xA7, 0xAD, 0xAD, 0xC0, 0xCE, 0xCA, 0xD7, 0xEB,
    0x8C, 0xAB, 0xAB, 0xE9, 0xD1, 0xF1, 0xE7, 0x34, 0xD0, 0xEF, 0xCF, 0xD2, 0xA3, 0xBD, 0xF2, 0xEA,
    0xEF, 0xEF, 0xF8, 0xEE, 0xD4, 0xD5, 0xE2, 0x02, 0x34, 0xF8, 0xF8, 0xF6, 0xEE, 0xC5, 0xD9, 0xE6,
    0x04, 0x34, 0xE7, 0xF8, 0xF6, 0xF1, 0xBD, 0xD2, 0x34, 0xFE, 0xFE, 0xF7, 0xF2, 0xD3, 0xA2, 0xE8,
    0x02, 0x02, 0x92, 0x7D, 0x42, 0x35, 0x06, 0xFF, 0x85, 0x85, 0x69, 0x7D, 0x8B, 0x35, 0xFD, 0xA8,
    0x7A, 0x70, 0x6C, 0x7D, 0x9A, 0x91, 0xFB, 0xFF, 0xCE, 0xCE, 0x76, 0x7E, 0xA0, 0x90, 0x4A, 0x32,
    0xA3, 0x05, 0xFB, 0x26, 0x23, 0x7B, 0x8F, 0x47, 0x02, 0xFF, 0xFE, 0x21, 0x23, 0x46, 0x60, 0x45,
    0xAE, 0x06, 0xFD, 0x23, 0x2B, 0x61, 0x63, 0x45, 0x2C, 0x2D, 0x2D, 0x2B, 0x33, 0x31, 0xA4, 0x45,
    0xE0, 0xE5, 0xE2, 0xBA, 0xA2, 0xB2, 0xF3, 0xD8, 0xE5, 0xE2, 0xBA, 0xD1, 0xF4, 0xAE, 0xB2, 0xF2,
    0xBF, 0xBA, 0x98, 0x8D, 0xB7, 0xF2, 0xF4, 0xF4, 0xBF, 0x94, 0x94, 0x8E, 0xBA, 0xDF, 0xD6, 0xDC,
    0xF2, 0xFD, 0xD8, 0xF8, 0xF4, 0xB2, 0xA2, 0xE9, 0xF0, 0xF7, 0xF7, 0xF2, 0xB2, 0xA9, 0xF4, 0xBA,
    0xF0, 0xF0, 0xF7, 0xF4, 0xF4, 0xF2, 0xD1, 0xB9, 0xD8, 0xED, 0xED, 0xD4, 0xC6, 0xB0, 0x2E, 0x53,
    0xE5, 0xE5, 0xD0, 0x9F, 0x9A, 0x9A, 0x8A, 0x91, 0xBE, 0xEF, 0xEF, 0xBF, 0xD2, 0x9A, 0x8B, 0x90,
    0xBA, 0xBE, 0xEF, 0xBF, 0xB0, 0x2C, 0x91, 0x91, 0x9F, 0xBA, 0xB5, 0xB4, 0xB6, 0xAF, 0x61, 0x80,
    0x91, 0x60, 0x4A, 0x32, 0x52, 0x61, 0x91, 0x4C, 0x91, 0x90, 0x90, 0x6D, 0x91, 0x9D, 0x57, 0x49,
    0x9D, 0x88, 0x5E, 0x5D, 0x51, 0x50, 0x50, 0x49, 0x8F, 0x9A, 0x5E, 0x5D, 0x5C, 0x51, 0x50, 0x50,
    0x95, 0x94, 0x94, 0x93, 0xBC, 0xBA, 0xDF, 0xDE, 0x95, 0x95, 0x94, 0x98, 0xBC, 0xDF, 0xBA, 0xD2,
    0x95, 0x95, 0x95, 0xA6, 0xD0, 0xDF, 0xC7, 0xDF, 0x95, 0x95, 0x9B, 0xBC, 0xCD, 0xC7, 0xC4, 0xC7,
    0xDE, 0xD8, 0xD5, 0xC6, 0xE2, 0x32, 0x2E, 0x2E, 0xCE, 0xCE, 0xC0, 0x41, 0x2B, 0x2C, 0x2C, 0x42,
    0xDF, 0xDF, 0xDF, 0x41, 0x23, 0x2C, 0x2C, 0x8B, 0xC7, 0xC7, 0xC7, 0xA4, 0x2D, 0x2C, 0x4A, 0x9A,
    0x9A, 0xA6, 0xBA, 0xB0, 0xB0, 0xAC, 0xBA, 0xA4, 0xA0, 0x42, 0x33, 0x27, 0x22, 0xAF, 0xAC, 0xAD,
    0x9A, 0x6D, 0x2C, 0x23, 0x22, 0x31, 0x46, 0x46, 0x9A, 0x35, 0x2C, 0x23, 0x2B, 0x52, 0x8F, 0x8F,
    0x8F, 0x9D, 0x5F, 0x5E, 0x5D, 0x5D, 0x51, 0x50, 0xAD, 0x9C, 0x6B, 0x5F, 0x5E, 0x5D, 0x5C, 0x51,
    0x8F, 0x80, 0x70, 0x6B, 0x5F, 0x5E, 0x5D, 0x51, 0x8F, 0x99, 0x70, 0x6C, 0x6B, 0x5F, 0x5E, 0x5D,
    0x95, 0x9B, 0xA5, 0xD1, 0xC7, 0xD4, 0xC4, 0xEB, 0x97, 0x9F, 0xC1, 0xCD, 0xC3, 0xC4, 0xF5, 0xEE,
    0x9B, 0xC1, 0xD1, 0xCD, 0xC3, 0xC4, 0xF5, 0xEE, 0xBC, 0xD1, 0xCC, 0xCA, 0xE7, 0xE7, 0xF8, 0xF5,
    0xC5, 0xC5, 0xD4, 0xBA, 0x33, 0x8F, 0x8A, 0x9A, 0xEB, 0xEB, 0xC5, 0xC0, 0x56, 0x8A, 0x8B, 0xA0,
    0xEB, 0xEB, 0xC5, 0xC0, 0x63, 0x9D, 0x8B, 0x90, 0xEE, 0xEE, 0xEB, 0xCE, 0xAB, 0x8B, 0x90, 0x8A,
    0x9A, 0x35, 0x2C, 0x33, 0x33, 0x61, 0x91, 0x9C, 0x9A, 0x4A, 0x2C, 0x31, 0x52, 0x61, 0x9D, 0x35,
    0x9A, 0x80, 0x33, 0x31, 0x32, 0x61, 0x42, 0x35, 0xA0, 0x6D, 0x07, 0x33, 0x52, 0x63, 0x35, 0x35,
    0x60, 0x99, 0x73, 0x6C, 0x69, 0x5F, 0x5F, 0x5E, 0x60, 0x96, 0x73, 0x6C, 0x6C, 0x6A, 0x5F, 0x5E,
    0x60, 0x96, 0x73, 0x73, 0x6C, 0x6C, 0x6A, 0x5F, 0x60, 0x89, 0x73, 0x73, 0x73, 0x6C, 0x6C, 0x6A,
    0x78, 0x71, 0x72, 0x68, 0x67, 0x66, 0x5A, 0x58, 0x79, 0x78, 0x6F, 0x72, 0x68, 0x67, 0x66, 0x58,
    0x79, 0x77, 0x71, 0x6F, 0x72, 0x68, 0x66, 0x66, 0x7A, 0x79, 0x77, 0x71, 0x72, 0x68, 0x67, 0x66,
    0x4F, 0x4E, 0x4D, 0x48, 0x48, 0x47, 0x42, 0x25, 0x59, 0x4F, 0x4E, 0x4D, 0x48, 0x48, 0x56, 0x2E,
    0x5A, 0x59, 0x4F, 0x4E, 0x4D, 0x48, 0x47, 0x9A, 0x66, 0x58, 0x4F, 0x4F, 0x4D, 0x4D, 0x48, 0x54,
    0x25, 0x31, 0x3B, 0x3F, 0x3F, 0x3E, 0x3E, 0x3E, 0x28, 0x26, 0x17, 0x37, 0x3F, 0x3F, 0x3E, 0x3E,
    0x32, 0x0C, 0x0D, 0x10, 0x17, 0x3F, 0x3F, 0x3E, 0x10, 0x0D, 0x0C, 0x0D, 0x4A, 0x3A, 0x3F, 0x3F,
    0x3E, 0x3E, 0x3E, 0x3E, 0x27, 0x90, 0x32, 0x52, 0x3E, 0x3E, 0x3E, 0x3E, 0x90, 0x13, 0x10, 0x80,
    0x3E, 0x3E, 0x3E, 0xB8, 0x8A, 0x10, 0x0E, 0x13, 0x3E, 0x3E, 0x55, 0xB8, 0x13, 0x0E, 0x0C, 0x13,
    0x7F, 0x7A, 0x79, 0x78, 0x71, 0x72, 0x68, 0x67, 0x7F, 0x7A, 0x7A, 0x79, 0x78, 0x71, 0x72, 0x68,
    0x82, 0x7F, 0x7F, 0x7A, 0x79, 0x78, 0x71, 0x72, 0x82, 0x82, 0x7F, 0x7F, 0x7A, 0x79, 0x78, 0x71,
    0x66, 0x5A, 0x58, 0x4F, 0x4E, 0x4D, 0x4D, 0x48, 0x67, 0x66, 0x5A, 0x59, 0x4F, 0x4E, 0x4D, 0x48,
    0x68, 0x67, 0x66, 0x5B, 0x58, 0x4F, 0x4E, 0x4E, 0x72, 0x68, 0x67, 0x66, 0x5B, 0x59, 0x59, 0x4E,
    0x17, 0x10, 0x0D, 0x53, 0x61, 0x54, 0x3F, 0x3F, 0x48, 0x17, 0x9D, 0x53, 0x61, 0x80, 0x4B, 0xC9,
    0x48, 0x48, 0x8B, 0x91, 0x4A, 0x46, 0x4B, 0xC9, 0x4E, 0x48, 0x48, 0x6D, 0x91, 0xB3, 0xD5, 0xAA,
    0x3E, 0x87, 0xD8, 0x9C, 0x26, 0x28, 0x13, 0x90, 0xC9, 0xE4, 0xAD, 0x64, 0x22, 0x22, 0x52, 0x80,
    0xC9, 0xE4, 0xAD, 0x33, 0x23, 0x29, 0x46, 0x38, 0xAA, 0x02, 0x3B, 0x24, 0x2C, 0x2A, 0x90, 0x3D,
    0x83, 0x82, 0x82, 0x7F, 0x7F, 0x7A, 0x79, 0x78, 0x83, 0x83, 0x82, 0x82, 0x7F, 0x7F, 0x7A, 0x79,
    0xD0, 0x86, 0x86, 0x82, 0x7C, 0x75, 0x7F, 0x7A, 0xC9, 0xD9, 0xD9, 0xDF, 0x84, 0x46, 0x4A, 0x84,
    0x71, 0x72, 0x68, 0x67, 0x66, 0x5B, 0x59, 0x4F, 0x78, 0x71, 0x72, 0x68, 0x67, 0x66, 0x5B, 0x58,
    0x79, 0x78, 0x71, 0x72, 0x68, 0x67, 0x66, 0x65, 0x81, 0x81, 0x81, 0x6F, 0x72, 0x6E, 0xB0, 0xD9,
    0x4E, 0x4D, 0x48, 0x74, 0xD0, 0xC9, 0xB1, 0x02, 0x4C, 0x4C, 0xC0, 0xE1, 0xD9, 0xD5, 0x02, 0xA1,
    0xD2, 0xD2, 0xDF, 0xD9, 0xD5, 0x02, 0x02, 0x44, 0xDB, 0xDB, 0xD7, 0xC1, 0x02, 0x02, 0x2A, 0x41,
    0x02, 0x56, 0x3F, 0x3A, 0x2A, 0x33, 0x63, 0x3E, 0xA1, 0x40, 0x40, 0x3D, 0x41, 0x32, 0x39, 0x3F,
    0x63, 0x6D, 0x35, 0x3C, 0x2B, 0x4A, 0x3F, 0x3F, 0x41, 0x29, 0x2A, 0x4A, 0x6D, 0x62, 0x3F, 0x3F,
    0xCA, 0xDD, 0xDD, 0xDA, 0xC9, 0xBB, 0xD1, 0xE1, 0xA3, 0xE3, 0xE3, 0xD6, 0xDA, 0xC8, 0xCB, 0xCB,
    0xA3, 0xC1, 0xE3, 0xD6, 0xDA, 0xC8, 0xCB, 0xCB, 0xA3, 0x02, 0x02, 0xD6, 0xC9, 0xC7, 0xC6, 0xC2,
    0xCF, 0xCF, 0xDF, 0xDF, 0xD1, 0xE1, 0xC7, 0xDC, 0xCB, 0xCB, 0xCB, 0xC6, 0xC6, 0xC8, 0xDC, 0xD7,
    0xC4, 0xC4, 0xC4, 0xC6, 0xC6, 0xC8, 0xDC, 0xD7, 0xEF, 0xEF, 0xF6, 0xD4, 0xD5, 0xCB, 0xC6, 0xBA,
    0xD5, 0xD5, 0xC1, 0x02, 0x02, 0xFB, 0x2A, 0x1D, 0xDB, 0xB7, 0x02, 0x02, 0x99, 0x2E, 0x23, 0x1F,
    0xB7, 0x02, 0x02, 0x02, 0x9C, 0x2E, 0x80, 0x2D, 0x02, 0x02, 0x02, 0x9E, 0x42, 0x35, 0xFE, 0x06,
    0x1E, 0x1E, 0x30, 0x36, 0x1D, 0x8F, 0x43, 0x3F, 0x1E, 0x20, 0x1F, 0x25, 0x0F, 0x36, 0x91, 0x3D,
    0x21, 0x25, 0x26, 0x26, 0x0B, 0x36, 0x8F, 0x40, 0xFE, 0x31, 0x27, 0x26, 0x0A, 0x36, 0x80, 0x40,
    0xA3, 0x02, 0x02, 0xA3, 0xCC, 0xDA, 0xCB, 0xC4, 0xA7, 0xAD, 0xAD, 0xC0, 0xCE, 0xCA, 0xD7, 0xEB,
    0x8C, 0xAB, 0xAB, 0xE9, 0xD1, 0xF1, 0xE7, 0xEC, 0xD0, 0xEF, 0xCF, 0xD2, 0xA3, 0xBD, 0xF2, 0xEA,
    0xEF, 0xEF, 0xF8, 0xEE, 0xD4, 0xD5, 0xE2, 0x02, 0xEF, 0xF8, 0xF8, 0xF6, 0xEE, 0xC5, 0xD9, 0xE6,
    0x34, 0xFC, 0xE7, 0xF8, 0xF6, 0xF1, 0xBD, 0xD2, 0xFF, 0xFE, 0xFE, 0xF7, 0xF2, 0xD3, 0xA2, 0xE8,
    0x02, 0x02, 0x92, 0x7D, 0x42, 0x35, 0x06, 0xFF, 0x85, 0x85, 0x69, 0x7D, 0x8B, 0x35, 0xFD, 0xA8,
    0x7A, 0x70, 0x6C, 0x7D, 0x9A, 0x91, 0xFB, 0xFF, 0xCE, 0xCE, 0x76, 0x7E, 0xA0, 0x90, 0x4A, 0x32,
    0xA3, 0x05, 0xFB, 0x26, 0x23, 0x0F, 0x8F, 0x47, 0x02, 0xFF, 0xFE, 0x21, 0x23, 0x46, 0x60, 0x45,
    0xAE, 0x06, 0xFD, 0x23, 0x2B, 0x61, 0x63, 0x45, 0x2C, 0x2D, 0x2D, 0x2B, 0x33, 0x31, 0xA4, 0x45,
    0xE0, 0xE5, 0xE2, 0xBA, 0xA2, 0xB2, 0xF3, 0xE7, 0xE5, 0xE2, 0xBA, 0xD1, 0xF4, 0xAE, 0xB2, 0xF2,
    0xBF, 0xBA, 0x98, 0x8D, 0xB7, 0xF2, 0xF4, 0xF4, 0xBF, 0x94, 0x94, 0x8E, 0xBA, 0xDF, 0xD6, 0xDC,
    0xF2, 0xFD, 0xD8, 0xF8, 0xF4, 0xB2, 0xA2, 0xE9, 0xF0, 0xF7, 0xF7, 0xF2, 0xB2, 0xA9, 0xF4, 0xBA,
    0xF0, 0xF0, 0xF7, 0xF4, 0xF4, 0xF2, 0xD1, 0xB9, 0xD8, 0xED, 0xED, 0xD4, 0xC6, 0xB0, 0x2E, 0x53,
    0xE5, 0xE5, 0xD0, 0x9F, 0x9A, 0x9A, 0x8A, 0x91, 0xBE, 0xEF, 0xEF, 0xBF, 0xD2, 0x9A, 0x8B, 0x90,
    0xBA, 0xBE, 0xEF, 0xBF, 0xB0, 0x2C, 0x91, 0x91, 0x9F, 0xBA, 0xB5, 0xB4, 0xB6, 0xAF, 0x61, 0x80,
    0x91, 0x60, 0x4A, 0x32, 0x52, 0x61, 0x91, 0x4C, 0x91, 0x90, 0x90, 0x6D, 0x91, 0x9D, 0x57, 0x49,
    0x9D, 0x88, 0x5E, 0x5D, 0x51, 0x50, 0x50, 0x49, 0x8F, 0x9A, 0x5E, 0x5D, 0x5C, 0x51, 0x50, 0x50,
    0x95, 0x94, 0x94, 0x93, 0xBC, 0xBA, 0xDF, 0xDE, 0x95, 0x95, 0x94, 0x98, 0xBC, 0xDF, 0xBA, 0xD2,
    0x95, 0x95, 0x95, 0xA6, 0xD0, 0xDF, 0xC7, 0xDF, 0x95, 0x95, 0x9B, 0xBC, 0xCD, 0xC7, 0xC4, 0xC7,
    0xDE, 0xD8, 0xD5, 0xC6, 0xE2, 0x32, 0x2E, 0x2E, 0xCE, 0xCE, 0xC0, 0x41, 0x2B, 0x2C, 0x2C, 0x42,
    0xDF, 0xDF, 0xDF, 0x41, 0x23, 0x2C, 0x2C, 0x8B, 0xC7, 0xC7, 0xC7, 0xA4, 0x2D, 0x2C, 0x4A, 0x9A,
    0x9A, 0xA6, 0xBA, 0xB0, 0xB0, 0xAC, 0xBA, 0xA4, 0xA0, 0x42, 0x33, 0x27, 0x22, 0xAF, 0xAC, 0xAD,
    0x9A, 0x6D, 0x2C, 0x23, 0x22, 0x31, 0x46, 0x46, 0x9A, 0x35, 0x2C, 0x23, 0x2B, 0x52, 0x8F, 0x8F,
    0x8F, 0x9D, 0x5F, 0x5E, 0x5D, 0x5D, 0x51, 0x50, 0xAD, 0x9C, 0x6B, 0x5F, 0x5E, 0x5D, 0x5C, 0x51,
    0x8F, 0x80, 0x70, 0x6B, 0x5F, 0x5E, 0x5D, 0x51, 0x8F, 0x99, 0x70, 0x6C, 0x6B, 0x5F, 0x5E, 0x5D,
    0x95, 0x9B, 0xA5, 0xD1, 0xC7, 0xD4, 0xC4, 0xEB, 0x97, 0x9F, 0xC1, 0xCD, 0xC3, 0xC4, 0xF5, 0xEE,
    0x9B, 0xC1, 0xD1, 0xCD, 0xC3, 0xC4, 0xF5, 0xEE, 0xBC, 0xD1, 0xCC, 0xCA, 0xE7, 0xE7, 0xF8, 0xF5,
    0xC5, 0xC5, 0xD4, 0xBA, 0x33, 0x8F, 0x8A, 0x9A, 0xEB, 0xEB, 0xC5, 0xC0, 0x56, 0x8A, 0x8B, 0xA0,
    0xEB, 0xEB, 0xC5, 0xC0, 0x63, 0x9D, 0x8B, 0x90, 0xEE, 0xEE, 0xEB, 0xCE, 0xAB, 0x8B, 0x90, 0x8A,
    0x9A, 0x35, 0x2C, 0x33, 0x33, 0x61, 0x91, 0x9C, 0x9A, 0x4A, 0x2C, 0x31, 0x52, 0x61, 0x9D, 0x35,
    0x9A, 0x80, 0x33, 0x31, 0x32, 0x61, 0x42, 0x35, 0xA0, 0x6D, 0x07, 0x33, 0x52, 0x63, 0x35, 0x35,
    0x60, 0x99, 0x73, 0x6C, 0x69, 0x5F, 0x5F, 0x5E, 0x60, 0x96, 0x73, 0x6C, 0x6C, 0x6A, 0x5F, 0x5E,
    0x60, 0x96, 0x73, 0x73, 0x6C, 0x6C, 0x6A, 0x5F, 0x60, 0x89, 0x73, 0x73, 0x73, 0x6C, 0x6C, 0x6A,
    0x78, 0x71, 0x72, 0x68, 0x67, 0x66, 0x5A, 0x58, 0x79, 0x78, 0x6F, 0x72, 0x68, 0x67, 0x66, 0x58,
    0x79, 0x77, 0x71, 0x6F, 0x72, 0x68, 0x66, 0x66, 0x7A, 0x79, 0x77, 0x71, 0x72, 0x68, 0x67, 0x66,
    0x4F, 0x4E, 0x4D, 0x48, 0x48, 0x47, 0x42, 0x25, 0x59, 0x4F, 0x4E, 0x4D, 0x48, 0x48, 0x56, 0x2E,
    0x5A, 0x59, 0x4F, 0x4E, 0x4D, 0x48, 0x47, 0x9A, 0x66, 0x58, 0x4F, 0x4F, 0x4D, 0x4D, 0x48, 0x54,
    0x25, 0x31, 0x3B, 0x3F, 0x3F, 0x3E, 0x3E, 0x3E, 0x28, 0x26, 0x12, 0x37, 0x3F, 0x3F, 0x3E, 0x3E,
    0x32, 0x1A, 0x11, 0x12, 0x13, 0x3F, 0x3F, 0x3E, 0x12, 0x11, 0x1A, 0x11, 0x80, 0x3A, 0x3F, 0x3F,
    0x3E, 0x3E, 0x3E, 0x3E, 0x27, 0x13, 0x32, 0x52, 0x3E, 0x3E, 0x3E, 0x3E, 0x13, 0x0F, 0x11, 0x99,
    0x3E, 0x3E, 0x3E, 0xF9, 0x0F, 0x11, 0x19, 0x11, 0x3E, 0x3E, 0x55, 0xF9, 0x0F, 0x11, 0x1A, 0x0F,
    0x7F, 0x7A, 0x79, 0x78, 0x71, 0x72, 0x68, 0x67, 0x7F, 0x7A, 0x7A, 0x79, 0x78, 0x71, 0x72, 0x68,
    0x82, 0x7F, 0x7F, 0x7A, 0x79, 0x78, 0x71, 0x72, 0x82, 0x82, 0x7F, 0x7F, 0x7A, 0x79, 0x78, 0x71,
    0x66, 0x5A, 0x58, 0x4F, 0x4E, 0x4D, 0x4D, 0x48, 0x67, 0x66, 0x5A, 0x59, 0x4F, 0x4E, 0x4D, 0x48,
    0x68, 0x67, 0x66, 0x5B, 0x58, 0x4F, 0x4E, 0x4E, 0x72, 0x68, 0x67, 0x66, 0x5B, 0x59, 0x59, 0x4E,
    0x13, 0x12, 0x11, 0x53, 0x61, 0x54, 0x3F, 0x3F, 0x48, 0x13, 0x6D, 0x53, 0x61, 0x80, 0x4B, 0xC9,
    0x48, 0x48, 0x8B, 0x91, 0x4A, 0x46, 0x4B, 0xC9, 0x4E, 0x48, 0x48, 0x6D, 0x91, 0xB3, 0xD5, 0xAA,
    0x3E, 0x87, 0xD8, 0x9C, 0x26, 0x36, 0x0F, 0x13, 0xC9, 0xE4, 0xAD, 0x64, 0x22, 0x22, 0x61, 0x9C,
    0xC9, 0xE4, 0xAD, 0x33, 0x23, 0x29, 0x46, 0x38, 0xAA, 0x02, 0x3B, 0x24, 0x2C, 0x2A, 0x90, 0x3D,
    0x83, 0x82, 0x82, 0x7F, 0x7F, 0x7A, 0x79, 0x78, 0x83, 0x83, 0x82, 0x82, 0x7F, 0x7F, 0x7A, 0x79,
    0xD0, 0x86, 0x86, 0x82, 0x7C, 0x75, 0x7F, 0x7A, 0xC9, 0xD9, 0xD9, 0xDF, 0x84, 0x46, 0x4A, 0x84,
    0x71, 0x72, 0x68, 0x67, 0x66, 0x5B, 0x59, 0x4F, 0x78, 0x71, 0x72, 0x68, 0x67, 0x66, 0x5B, 0x58,
    0x79, 0x78, 0x71, 0x72, 0x68, 0x67, 0x66, 0x65, 0x81, 0x81, 0x81, 0x6F, 0x72, 0x6E, 0xB0, 0xD9,
    0x4E, 0x4D, 0x48, 0x74, 0xD0, 0xC9, 0xB1, 0x02, 0x4C, 0x4C, 0xC0, 0xE1, 0xD9, 0xD5, 0x02, 0xA1,
    0xD2, 0xD2, 0xDF, 0xD9, 0xD5, 0x02, 0x02, 0x44, 0xDB, 0xDB, 0xD7, 0xC1, 0x02, 0x02, 0x2A, 0x41,
    0x02, 0x56, 0x3F, 0x3A, 0x2A, 0x33, 0x63, 0x3E, 0xA1, 0x40, 0x40, 0x3D, 0x41, 0x32, 0x39, 0x3F,
    0x63, 0x6D, 0x35, 0x3C, 0x2B, 0x4A, 0x3F, 0x3F, 0x41, 0x29, 0x2A, 0x4A, 0x6D, 0x62, 0x3F, 0x3F,
    0xCA, 0xDD, 0xDD, 0xDA, 0xC9, 0xBB, 0xD1, 0xE1, 0xA3, 0xE3, 0xE3, 0xD6, 0xDA, 0xC8, 0xCB, 0xCB,
    0xA3, 0xC1, 0xE3, 0xD6, 0xDA, 0xC8, 0xCB, 0xCB, 0xA3, 0x02, 0x02, 0xD6, 0xC9, 0xC7, 0xC6, 0xC2,
    0xCF, 0xCF, 0xDF, 0xDF, 0xD1, 0xE1, 0xC7, 0xDC, 0xCB, 0xCB, 0xCB, 0xC6, 0xC6, 0xC8, 0xDC, 0xD7,
    0xC4, 0xC4, 0xC4, 0xC6, 0xC6, 0xC8, 0xDC, 0xD7, 0xEF, 0xEF, 0xF6, 0xD4, 0xD5, 0xCB, 0xC6, 0xBA,
    0xD5, 0xD5, 0xC1, 0x02, 0x02, 0xFB, 0x2A, 0x1D, 0xDB, 0xB7, 0x02, 0x02, 0x99, 0x2E, 0x23, 0x1F,
    0xB7, 0x02, 0x02, 0x02, 0x9C, 0x2E, 0x80, 0x2D, 0x02, 0x02, 0x02, 0x9E, 0x42, 0x35, 0xFE, 0x06,
    0x1E, 0x1E, 0x30, 0x36, 0x1D, 0x0F, 0x43, 0x3F, 0x1E, 0x20, 0x1F, 0x25, 0x11, 0x36, 0x91, 0x3D,
    0x21, 0x25, 0x26, 0x26, 0x19, 0x36, 0x8F, 0x40, 0xFE, 0x31, 0x27, 0x26, 0x1A, 0x36, 0x80, 0x40,
    0xA3, 0x02, 0x02, 0xA3, 0xCC, 0xDA, 0xCB, 0xC4, 0xA7, 0xAD, 0xAD, 0xC0, 0xCE, 0xCA, 0xD7, 0xEB,
    0x8C, 0xAB, 0xAB, 0xE9, 0xD1, 0xF1, 0xE7, 0xEC, 0xD0, 0xEF, 0xCF, 0xD2, 0xA3, 0xBD, 0xF2, 0xEA,
    0xEF, 0xEF, 0xF8, 0xEE, 0xD4, 0xD5, 0xE2, 0x02, 0xEF, 0xF8, 0xF8, 0xF6, 0xEE, 0xC5, 0xD9, 0xE6,
    0xE7, 0xFC, 0xE7, 0xF8, 0xF6, 0xF1, 0xBD, 0xD2, 0xFF, 0xFE, 0xFE, 0xF7, 0xF2, 0xD3, 0xA2, 0xE8,
    0x02, 0x02, 0x92, 0x7D, 0x42, 0x35, 0x06, 0xFF, 0x85, 0x85, 0x69, 0x7D, 0x8B, 0x35, 0xFD, 0xA8,
    0x7A, 0x70, 0x6C, 0x7D, 0x9A, 0x91, 0xFB, 0xFF, 0xCE, 0xCE, 0x76, 0x7E, 0xA0, 0x90, 0x4A, 0x32,
    0xA3, 0x05, 0xFB, 0x26, 0x23, 0x11, 0x0F, 0x47, 0x02, 0xFF, 0xFE, 0x21, 0x23, 0x46, 0x60, 0x45,
    0xAE, 0x06, 0xFD, 0x23, 0x2B, 0x61, 0x63, 0x45, 0x2C, 0x2D, 0x2D, 0x2B, 0x33, 0x31, 0xA4, 0x45,
    0xE0, 0xE5, 0xE2, 0xBA, 0xA2, 0xB2, 0xF3, 0xE7, 0xE5, 0xE2, 0xBA, 0xD1, 0xF4, 0xAE, 0xB2, 0xF2,
    0xBF, 0xBA, 0x98, 0x8D, 0xB7, 0xF2, 0xF4, 0xF4, 0xBF, 0x94, 0x94, 0x8E, 0xBA, 0xDF, 0xD6, 0xDC,
    0xF2, 0xFD, 0xD8, 0xF8, 0xF4, 0xB2, 0xA2, 0xE9, 0xF0, 0xF7, 0xF7, 0xF2, 0xB2, 0xA9, 0xF4, 0xBA,
    0xF0, 0xF0, 0xF7, 0xF4, 0xF4, 0xF2, 0xD1, 0xB9, 0xD8, 0xED, 0xED, 0xD4, 0xC6, 0xB0, 0x2E, 0x53,
    0xE5, 0xE5, 0xD0, 0x9F, 0x9A, 0x9A, 0x8A, 0x91, 0xBE, 0xEF, 0xEF, 0xBF, 0xD2, 0x9A, 0x8B, 0x90,
    0xBA, 0xBE, 0xEF, 0xBF, 0xB0, 0x2C, 0x91, 0x91, 0x9F, 0xBA, 0xB5, 0xB4, 0xB6, 0xAF, 0x61, 0x80,
    0x91, 0x60, 0x4A, 0x32, 0x52, 0x61, 0x91, 0x4C, 0x91, 0x90, 0x90, 0x6D, 0x91, 0x9D, 0x57, 0x49,
    0x9D, 0x88, 0x5E, 0x5D, 0x51, 0x50, 0x50, 0x49, 0x8F, 0x9A, 0x5E, 0x5D, 0x5C, 0x51, 0x50, 0x50,
    0x95, 0x94, 0x94, 0x93, 0xBC, 0xBA, 0xDF, 0xDE, 0x95, 0x95, 0x94, 0x98, 0xBC, 0xDF, 0xBA, 0xD2,
    0x95, 0x95, 0x95, 0xA6, 0xD0, 0xDF, 0xC7, 0xDF, 0x95, 0x95, 0x9B, 0xBC, 0xCD, 0xC7, 0xC4, 0xC7,
    0xDE, 0xD8, 0xD5, 0xC6, 0xE2, 0x32, 0x2E, 0x2E, 0xCE, 0xCE, 0xC0, 0x41, 0x2B, 0x2C, 0x2C, 0x42,
    0xDF, 0xDF, 0xDF, 0x41, 0x23, 0x2C, 0x2C, 0x8B, 0xC7, 0xC7, 0xC7, 0xA4, 0x2D, 0x2C, 0x4A, 0x9A,
    0x9A, 0xA6, 0xBA, 0xB0, 0xB0, 0xAC, 0xBA, 0xA4, 0xA0, 0x42, 0x33, 0x27, 0x22, 0xAF, 0xAC, 0xAD,
    0x9A, 0x6D, 0x2C, 0x23, 0x22, 0x31, 0x46, 0x46, 0x9A, 0x35, 0x2C, 0x23, 0x2B, 0x52, 0x8F, 0x8F,
    0x8F, 0x9D, 0x5F, 0x5E, 0x5D, 0x5D, 0x51, 0x50, 0xAD, 0x9C, 0x6B, 0x5F, 0x5E, 0x5D, 0x5C, 0x51,
    0x8F, 0x80, 0x70, 0x6B, 0x5F, 0x5E, 0x5D, 0x51, 0x8F, 0x99, 0x70, 0x6C, 0x6B, 0x5F, 0x5E, 0x5D,
    0x95, 0x9B, 0xA5, 0xD1, 0xC7, 0xD4, 0xC4, 0xEB, 0x97, 0x9F, 0xC1, 0xCD, 0xC3, 0xC4, 0xF5, 0xEE,
    0x9B, 0xC1, 0xD1, 0xCD, 0xC3, 0xC4, 0xF5, 0xEE, 0xBC, 0xD1, 0xCC, 0xCA, 0xE7, 0xE7, 0xF8, 0xF5,
    0xC5, 0xC5, 0xD4, 0xBA, 0x33, 0x8F, 0x8A, 0x9A, 0xEB, 0xEB, 0xC5, 0xC0, 0x56, 0x8A, 0x8B, 0xA0,
    0xEB, 0xEB, 0xC5, 0xC0, 0x63, 0x9D, 0x8B, 0x90, 0xEE, 0xEE, 0xEB, 0xCE, 0xAB, 0x8B, 0x90, 0x8A,
    0x9A, 0x35, 0x2C, 0x33, 0x33, 0x61, 0x91, 0x9C, 0x9A, 0x4A, 0x2C, 0x31, 0x52, 0x61, 0x9D, 0x35,
    0x9A, 0x80, 0x33, 0x31, 0x32, 0x61, 0x42, 0x35, 0xA0, 0x6D, 0x07, 0x33, 0x52, 0x63, 0x35, 0x35,
    0x60, 0x99, 0x73, 0x6C, 0x69, 0x5F, 0x5F, 0x5E, 0x60, 0x96, 0x73, 0x6C, 0x6C, 0x6A, 0x5F, 0x5E,
    0x60, 0x96, 0x73, 0x73, 0x6C, 0x6C, 0x6A, 0x5F, 0x60, 0x89, 0x73, 0x73, 0x73, 0x6C, 0x6C, 0x6A,
    0x78, 0x71, 0x72, 0x68, 0x67, 0x66, 0x5A, 0x58, 0x79, 0x78, 0x6F, 0x72, 0x68, 0x67, 0x66, 0x58,
    0x79, 0x77, 0x71, 0x6F, 0x72, 0x68, 0x66, 0x66, 0x7A, 0x79, 0x77, 0x71, 0x72, 0x68, 0x67, 0x66,
    0x4F, 0x4E, 0x4D, 0x48, 0x48, 0x47, 0x42, 0x25, 0x59, 0x4F, 0x4E, 0x4D, 0x48, 0x48, 0x56, 0x2E,
    0x5A, 0x59, 0x4F, 0x4E, 0x4D, 0x48, 0x47, 0x9A, 0x66, 0x58, 0x4F, 0x4F, 0x4D, 0x4D, 0x48, 0x54,
    0x25, 0x31, 0x3B, 0x3F, 0x3F, 0x3E, 0x3E, 0x3E, 0x28, 0x26, 0x14, 0x37, 0x3F, 0x3F, 0x3E, 0x3E,
    0x32, 0x1B, 0x11, 0x14, 0x12, 0x3F, 0x3F, 0x3E, 0x14, 0x1B, 0x1B, 0x11, 0x4A, 0x3A, 0x3F, 0x3F,
    0x3E, 0x3E, 0x3E, 0x3E, 0x27, 0x13, 0x32, 0x52, 0x3E, 0x3E, 0x3E, 0x3E, 0x0F, 0x11, 0x1C, 0x99,
    0x3E, 0x3E, 0x3E, 0xFA, 0x11, 0x1C, 0x1C, 0x11, 0x3E, 0x3E, 0x55, 0xFA, 0x16, 0x1C, 0x11, 0x16,
    0x7F, 0x7A, 0x79, 0x78, 0x71, 0x72, 0x68, 0x67, 0x7F, 0x7A, 0x7A, 0x79, 0x78, 0x71, 0x72, 0x68,
    0x82, 0x7F, 0x7F, 0x7A, 0x79, 0x78, 0x71, 0x72, 0x82, 0x82, 0x7F, 0x7F, 0x7A, 0x79, 0x78, 0x71,
    0x66, 0x5A, 0x58, 0x4F, 0x4E, 0x4D, 0x4D, 0x48, 0x67, 0x66, 0x5A, 0x59, 0x4F, 0x4E, 0x4D, 0x48,
    0x68, 0x67, 0x66, 0x5B, 0x58, 0x4F, 0x4E, 0x4E, 0x72, 0x68, 0x67, 0x66, 0x5B, 0x59, 0x59, 0x4E,
    0x12, 0x14, 0x15, 0x53, 0x61, 0x54, 0x3F, 0x3F, 0x48, 0x12, 0x9D, 0x53, 0x61, 0x80, 0x4B, 0xC9,
    0x48, 0x48, 0x8B, 0x91, 0x4A, 0x46, 0x4B, 0xC9, 0x4E, 0x48, 0x48, 0x6D, 0x91, 0xB3, 0xD5, 0xAA,
    0x3E, 0x87, 0xD8, 0x9C, 0x26, 0x36, 0x16, 0x0F, 0xC9, 0xE4, 0xAD, 0x64, 0x22, 0x22, 0x61, 0x9C,
    0xC9, 0xE4, 0xAD, 0x33, 0x23, 0x29, 0x46, 0x38, 0xAA, 0x02, 0x3B, 0x24, 0x2C, 0x2A, 0x90, 0x3D,
    0x83, 0x82, 0x82, 0x7F, 0x7F, 0x7A, 0x79, 0x78, 0x83, 0x83, 0x82, 0x82, 0x7F, 0x7F, 0x7A, 0x79,
    0xD0, 0x86, 0x86, 0x82, 0x7C, 0x75, 0x7F, 0x7A, 0xC9, 0xD9, 0xD9, 0xDF, 0x84, 0x46, 0x4A, 0x84,
    0x71, 0x72, 0x68, 0x67, 0x66, 0x5B, 0x59, 0x4F, 0x78, 0x71, 0x72, 0x68, 0x67, 0x66, 0x5B, 0x58,
    0x79, 0x78, 0x71, 0x72, 0x68, 0x67, 0x66, 0x65, 0x81, 0x81, 0x81, 0x6F, 0x72, 0x6E, 0xB0, 0xD9,
    0x4E, 0x4D, 0x48, 0x74, 0xD0, 0xC9, 0xB1, 0x02, 0x4C, 0x4C, 0xC0, 0xE1, 0xD9, 0xD5, 0x02, 0xA1,
    0xD2, 0xD2, 0xDF, 0xD9, 0xD5, 0x02, 0x02, 0x44, 0xDB, 0xDB, 0xD7, 0xC1, 0x02, 0x02, 0x2A, 0x41,
    0x02, 0x56, 0x3F, 0x3A, 0x2A, 0x33, 0x63, 0x3E, 0xA1, 0x40, 0x40, 0x3D, 0x41, 0x32, 0x39, 0x3F,
    0x63, 0x6D, 0x35, 0x3C, 0x2B, 0x4A, 0x3F, 0x3F, 0x41, 0x29, 0x2A, 0x4A, 0x6D, 0x62, 0x3F, 0x3F,
    0xCA, 0xDD, 0xDD, 0xDA, 0xC9, 0xBB, 0xD1, 0xE1, 0xA3, 0xE3, 0xE3, 0xD6, 0xDA, 0xC8, 0xCB, 0xCB,
    0xA3, 0xC1, 0xE3, 0xD6, 0xDA, 0xC8, 0xCB, 0xCB, 0xA3, 0x02, 0x02, 0xD6, 0xC9, 0xC7, 0xC6, 0xC2,
    0xCF, 0xCF, 0xDF, 0xDF, 0xD1, 0xE1, 0xC7, 0xDC, 0xCB, 0xCB, 0xCB, 0xC6, 0xC6, 0xC8, 0xDC, 0xD7,
    0xC4, 0xC4, 0xC4, 0xC6, 0xC6, 0xC8, 0xDC, 0xD7, 0xEF, 0xEF, 0xF6, 0xD4, 0xD5, 0xCB, 0xC6, 0xBA,
    0xD5, 0xD5, 0xC1, 0x02, 0x02, 0xFB, 0x2A, 0x1D, 0xDB, 0xB7, 0x02, 0x02, 0x99, 0x2E, 0x23, 0x1F,
    0xB7, 0x02, 0x02, 0x02, 0x9C, 0x2E, 0x80, 0x2D, 0x02, 0x02, 0x02, 0x9E, 0x42, 0x35, 0xFE, 0x06,
    0x1E, 0x1E, 0x30, 0x36, 0x1D, 0x1C, 0x43, 0x3F, 0x1E, 0x20, 0x1F, 0x25, 0x1A, 0x36, 0x91, 0x3D,
    0x21, 0x25, 0x26, 0x26, 0x18, 0x36, 0x8F, 0x40, 0xFE, 0x31, 0x27, 0x26, 0x1A, 0x36, 0x80, 0x40,
    0xA3, 0x02, 0x02, 0xA3, 0xCC, 0xDA, 0xCB, 0xC4, 0xA7, 0xAD, 0xAD, 0xC0, 0xCE, 0xCA, 0xD7, 0xEB,
    0x8C, 0xAB, 0xAB, 0xE9, 0xD1, 0xF1, 0xE7, 0xEC, 0xD0, 0xEF, 0xCF, 0xD2, 0xA3, 0xBD, 0xF2, 0xEA,
    0xEF, 0xEF, 0xF8, 0xEE, 0xD4, 0xD5, 0xE2, 0x02, 0xEF, 0xF8, 0xF8, 0xF6, 0xEE, 0xC5, 0xD9, 0xE6,
    0xE7, 0xFC, 0xE7, 0xF8, 0xF6, 0xF1, 0xBD, 0xD2, 0xFF, 0xFE, 0xFE, 0xF7, 0xF2, 0xD3, 0xA2, 0xE8,
    0x02, 0x02, 0x92, 0x7D, 0x42, 0x35, 0x06, 0xFF, 0x85, 0x85, 0x69, 0x7D, 0x8B, 0x35, 0xFD, 0xA8,
    0x7A, 0x70, 0x6C, 0x7D, 0x9A, 0x91, 0xFB, 0xFF, 0xCE, 0xCE, 0x76, 0x7E, 0xA0, 0x90, 0x4A, 0x32,
    0xA3, 0x05, 0xFB, 0x26, 0x23, 0x1C, 0x0F, 0x47, 0x02, 0xFF, 0xFE, 0x21, 0x23, 0x96, 0x60, 0x45,
    0xAE, 0x06, 0xFD, 0x23, 0x2B, 0x61, 0x63, 0x45, 0x2C, 0x2D, 0x2D, 0x2B, 0x33, 0x31, 0xA4, 0x45,
    0xE0, 0xE5, 0xE2, 0xBA, 0xA2, 0xB2, 0xF3, 0xE7, 0xE5, 0xE2, 0xBA, 0xD1, 0xF4, 0xAE, 0xB2, 0xF2,
    0xBF, 0xBA, 0x98, 0x8D, 0xB7, 0xF2, 0xF4, 0xF4, 0xBF, 0x94, 0x94, 0x8E, 0xBA, 0xDF, 0xD6, 0xDC,
    0xF2, 0xFD, 0xD8, 0xF8, 0xF4, 0xB2, 0xA2, 0xE9, 0xF0, 0xF7, 0xF7, 0xF2, 0xB2, 0xA9, 0xF4, 0xBA,
    0xF0, 0xF0, 0xF7, 0xF4, 0xF4, 0xF2, 0xD1, 0xB9, 0xD8, 0xED, 0xED, 0xD4, 0xC6, 0xB0, 0x2E, 0x53,
    0xE5, 0xE5, 0xD0, 0x9F, 0x9A, 0x9A, 0x8A, 0x91, 0xBE, 0xEF, 0xEF, 0xBF, 0xD2, 0x9A, 0x8B, 0x90,
    0xBA, 0xBE, 0xEF, 0xBF, 0xB0, 0x2C, 0x91, 0x91, 0x9F, 0xBA, 0xB5, 0xB4, 0xB6, 0xAF, 0x61, 0x80,
    0x91, 0x60, 0x4A, 0x32, 0x52, 0x61, 0x91, 0x4C, 0x91, 0x90, 0x90, 0x6D, 0x91, 0x9D, 0x57, 0x49,
    0x9D, 0x88, 0x5E, 0x5D, 0x51, 0x50, 0x50, 0x49, 0x8F, 0x9A, 0x5E, 0x5D, 0x5C, 0x51, 0x50, 0x50,
    0x95, 0x94, 0x94, 0x93, 0xBC, 0xBA, 0xDF, 0xDE, 0x95, 0x95, 0x94, 0x98, 0xBC, 0xDF, 0xBA, 0xD2,
    0x95, 0x95, 0x95, 0xA6, 0xD0, 0xDF, 0xC7, 0xDF, 0x95, 0x95, 0x9B, 0xBC, 0xCD, 0xC7, 0xC4, 0xC7,
    0xDE, 0xD8, 0xD5, 0xC6, 0xE2, 0x32, 0x2E, 0x2E, 0xCE, 0xCE, 0xC0, 0x41, 0x2B, 0x2C, 0x2C, 0x42,
    0xDF, 0xDF, 0xDF, 0x41, 0x23, 0x2C, 0x2C, 0x8B, 0xC7, 0xC7, 0xC7, 0xA4, 0x2D, 0x2C, 0x4A, 0x9A,
    0x9A, 0xA6, 0xBA, 0xB0, 0xB0, 0xAC, 0xBA, 0xA4, 0xA0, 0x42, 0x33, 0x27, 0x22, 0xAF, 0xAC, 0xAD,
    0x9A, 0x6D, 0x2C, 0x23, 0x22, 0x31, 0x46, 0x46, 0x9A, 0x35, 0x2C, 0x23, 0x2B, 0x52, 0x8F, 0x8F,
    0x8F, 0x9D, 0x5F, 0x5E, 0x5D, 0x5D, 0x51, 0x50, 0xAD, 0x9C, 0x6B, 0x5F, 0x5E, 0x5D, 0x5C, 0x51,
    0x8F, 0x80, 0x70, 0x6B, 0x5F, 0x5E, 0x5D, 0x51, 0x8F, 0x99, 0x70, 0x6C, 0x6B, 0x5F, 0x5E, 0x5D,
    0x95, 0x9B, 0xA5, 0xD1, 0xC7, 0xD4, 0xC4, 0xEB, 0x97, 0x9F, 0xC1, 0xCD, 0xC3, 0xC4, 0xF5, 0xEE,
    0x9B, 0xC1, 0xD1, 0xCD, 0xC3, 0xC4, 0xF5, 0xEE, 0xBC, 0xD1, 0xCC, 0xCA, 0xE7, 0xE7, 0xF8, 0xF5,
    0xC5, 0xC5, 0xD4, 0xBA, 0x33, 0x8F, 0x8A, 0x9A, 0xEB, 0xEB, 0xC5, 0xC0, 0x56, 0x8A, 0x8B, 0xA0,
    0xEB, 0xEB, 0xC5, 0xC0, 0x63, 0x9D, 0x8B, 0x90, 0xEE, 0xEE, 0xEB, 0xCE, 0xAB, 0x8B, 0x90, 0x8A,
    0x9A, 0x35, 0x2C, 0x33, 0x33, 0x61, 0x91, 0x9C, 0x9A, 0x4A, 0x2C, 0x31, 0x52, 0x61, 0x9D, 0x35,
    0x9A, 0x80, 0x33, 0x31, 0x32, 0x61, 0x42, 0x35, 0xA0, 0x6D, 0x07, 0x33, 0x52, 0x63, 0x35, 0x35,
    0x60, 0x99, 0x73, 0x6C, 0x69, 0x5F, 0x5F, 0x5E, 0x60, 0x96, 0x73, 0x6C, 0x6C, 0x6A, 0x5F, 0x5E,
    0x60, 0x96, 0x73, 0x73, 0x6C, 0x6C, 0x6A, 0x5F, 0x60, 0x89, 0x73, 0x73, 0x73, 0x6C, 0x6C, 0x6A,
    0x78, 0x71, 0x72, 0x68, 0x67, 0x66, 0x5A, 0x58, 0x79, 0x78, 0x6F, 0x72, 0x68, 0x67, 0x66, 0x58,
    0x79, 0x77, 0x71, 0x6F, 0x72, 0x68, 0x66, 0x66, 0x7A, 0x79, 0x77, 0x71, 0x72, 0x68, 0x67, 0x66,
    0x4F, 0x4E, 0x4D, 0x48, 0x48, 0x47, 0x42, 0x25, 0x59, 0x4F, 0x4E, 0x4D, 0x48, 0x48, 0x56, 0x2E,
    0x5A, 0x59, 0x4F, 0x4E, 0x4D, 0x48, 0x47, 0x9A, 0x66, 0x58, 0x4F, 0x4F, 0x4D, 0x4D, 0x48, 0x54,
    0x25, 0x31, 0x3B, 0x3F, 0x3F, 0x3E, 0x3E, 0x3E, 0x28, 0x26, 0x08, 0x37, 0x3F, 0x3F, 0x3E, 0x3E,
    0x32, 0x04, 0x18, 0x08, 0x09, 0x3F, 0x3F, 0x3E, 0x08, 0x18, 0x04, 0x18, 0x4A, 0x3A, 0x3F, 0x3F,
    0x3E, 0x3E, 0x3E, 0x3E, 0x27, 0x13, 0x32, 0x52, 0x3E, 0x3E, 0x3E, 0x3E, 0x09, 0x08, 0x18, 0x99,
    0x3E, 0x3E, 0x3E, 0xB3, 0x08, 0x18, 0x04, 0x18, 0x3E, 0x3E, 0x55, 0xB3, 0x08, 0x04, 0x18, 0x08,
    0x7F, 0x7A, 0x79, 0x78, 0x71, 0x72, 0x68, 0x67, 0x7F, 0x7A, 0x7A, 0x79, 0x78, 0x71, 0x72, 0x68,
    0x82, 0x7F, 0x7F, 0x7A, 0x79, 0x78, 0x71, 0x72, 0x82, 0x82, 0x7F, 0x7F, 0x7A, 0x79, 0x78, 0x71,
    0x66, 0x5A, 0x58, 0x4F, 0x4E, 0x4D, 0x4D, 0x47, 0x67, 0x66, 0x5A, 0x59, 0x4F, 0x4E, 0x4D, 0x48,
    0x68, 0x67, 0x66, 0x5B, 0x58, 0x4F, 0x4E, 0x4E, 0x72, 0x68, 0x67, 0x66, 0x5B, 0x59, 0x59, 0x4E,
    0x05, 0x08, 0x18, 0x53, 0x61, 0x54, 0x3F, 0x3F, 0x47, 0x09, 0x9D, 0x53, 0x61, 0x80, 0x4B, 0xC9,
    0x48, 0x48, 0x8B, 0x91, 0x4A, 0x46, 0x4B, 0xC9, 0x4E, 0x48, 0x48, 0x6D, 0x91, 0xB3, 0xD5, 0xAA,
    0x3E, 0x87, 0xE7, 0x9C, 0x26, 0x36, 0x08, 0x09, 0xC9, 0xE4, 0xAD, 0x64, 0x22, 0x22, 0x61, 0x9C,
    0xC9, 0xE4, 0xAD, 0x33, 0x23, 0x29, 0x46, 0x38, 0xAA, 0x02, 0x3B, 0x24, 0x2C, 0x2A, 0x90, 0x3D,
    0x83, 0x82, 0x82, 0x7F, 0x7F, 0x7A, 0x79, 0x78, 0x83, 0x83, 0x82, 0x82, 0x7F, 0x7F, 0x7A, 0x79,
    0xD0, 0x86, 0x86, 0x82, 0x7C, 0x75, 0x7F, 0x7A, 0xC9, 0xD9, 0xD9, 0xDF, 0x84, 0x46, 0x4A, 0x84,
    0x71, 0x72, 0x68, 0x67, 0x66, 0x5B, 0x59, 0x4F, 0x78, 0x71, 0x72, 0x68, 0x67, 0x66, 0x5B, 0x58,
    0x79, 0x78, 0x71, 0x72, 0x68, 0x67, 0x66, 0x65, 0x81, 0x81, 0x81, 0x6F, 0x72, 0x6E, 0xB0, 0xD9,
    0x4E, 0x4D, 0x48, 0x74, 0xD0, 0xC9, 0xB1, 0x02, 0x4C, 0x4C, 0xC0, 0xE1, 0xD9, 0xD5, 0x02, 0xA1,
    0xD2, 0xD2, 0xDF, 0xD9, 0xD5, 0x02, 0x02, 0x44, 0xDB, 0xDB, 0xD7, 0xC1, 0x02, 0x02, 0x2A, 0x41,
    0x02, 0x56, 0x3F, 0x3A, 0x2A, 0x33, 0x63, 0x3E, 0xA1, 0x40, 0x40, 0x3D, 0x41, 0x32, 0x39, 0x3F,
    0x63, 0x6D, 0x35, 0x3C, 0x2B, 0x4A, 0x3F, 0x3F, 0x41, 0x29, 0x2A, 0x4A, 0x6D, 0x62, 0x3F, 0x3F,
    0xCA, 0xDD, 0xDD, 0xDA, 0xC9, 0xBB, 0xD1, 0xE1, 0xA3, 0xE3, 0xE3, 0xD6, 0xDA, 0xC8, 0xCB, 0xCB,
    0xA3, 0xC1, 0xE3, 0xD6, 0xDA, 0xC8, 0xCB, 0xCB, 0xA3, 0x02, 0x02, 0xD6, 0xC9, 0xC7, 0xC6, 0xC2,
    0xCF, 0xCF, 0xDF, 0xDF, 0xD1, 0xE1, 0xC7, 0xDC, 0xCB, 0xCB, 0xCB, 0xC6, 0xC6, 0xC8, 0xDC, 0xD7,
    0xC4, 0xC4, 0xC4, 0xC6, 0xC6, 0xC8, 0xDC, 0xD7, 0xEF, 0xEF, 0xF6, 0xD4, 0xD5, 0xCB, 0xC6, 0xBA,
    0xD5, 0xD5, 0xC1, 0x02, 0x02, 0xFB, 0x2A, 0x1D, 0xDB, 0xB7, 0x02, 0x02, 0x99, 0x2E, 0x23, 0x1F,
    0xB7, 0x02, 0x02, 0x02, 0x9C, 0x2E, 0x80, 0x2D, 0x02, 0x02, 0x02, 0x9E, 0x42, 0x35, 0xFE, 0x06,
    0x1E, 0x1E, 0x30, 0x36, 0x1D, 0x04, 0x43, 0x3F, 0x1E, 0x20, 0x1F, 0x25, 0x18, 0x36, 0x91, 0x3D,
    0x21, 0x25, 0x26, 0x26, 0x04, 0x36, 0x8F, 0x40, 0xFE, 0x31, 0x27, 0x26, 0x04, 0x36, 0x80, 0x40,
    0xA3, 0x02, 0x02, 0xA3, 0xCC, 0xDA, 0xCB, 0xC4, 0xA7, 0xAD, 0xAD, 0xC0, 0xCE, 0xCA, 0xD7, 0xEB,
    0x8C, 0xAB, 0xAB, 0xE9, 0xD1, 0xF1, 0xE7, 0xEC, 0xD0, 0xEF, 0xCF, 0xD2, 0xA3, 0xBD, 0xF2, 0xEA,
    0xEF, 0xEF, 0xF8, 0xEE, 0xD4, 0xD5, 0xE2, 0x02, 0xEF, 0xF8, 0xF8, 0xF6, 0xEE, 0xC5, 0xD9, 0xE6,
    0xE7, 0xFC, 0xE7, 0xF8, 0xF6, 0xF1, 0xBD, 0xD2, 0xFF, 0xFE, 0xFE, 0xF7, 0xF2, 0xD3, 0xA2, 0xE8,
    0x02, 0x02, 0x92, 0x7D, 0x42, 0x35, 0x06, 0xFF, 0x85, 0x85, 0x69, 0x7D, 0x8B, 0x35, 0xFD, 0xA8,
    0x7A, 0x70, 0x6C, 0x7D, 0x9A, 0x91, 0xFB, 0xFF, 0xCE, 0xCE, 0x76, 0x7E, 0xA0, 0x90, 0x4A, 0x32,
    0xA3, 0x05, 0xFB, 0x26, 0x23, 0x08, 0x09, 0x47, 0x02, 0xFF, 0xFE, 0x21, 0x23, 0x46, 0x60, 0x45,
    0xAE, 0x06, 0xFD, 0x23, 0x2B, 0x61, 0x63, 0x45, 0x2C, 0x2D, 0x2D, 0x2B, 0x33, 0x31, 0xA4, 0x45,
    0xE0, 0xE5, 0xE2, 0xBA, 0xA2, 0xB2, 0xF3, 0xE7, 0xE5, 0xE2, 0xBA, 0xD1, 0xF4, 0xAE, 0xB2, 0xF2,
    0xBF, 0xBA, 0x98, 0x8D, 0xB7, 0xF2, 0xF4, 0xF4, 0xBF, 0x94, 0x94, 0x8E, 0xBA, 0xDF, 0xD6, 0xDC,
    0xF2, 0xFD, 0xD8, 0xF8, 0xF4, 0xB2, 0xA2, 0xE9, 0xF0, 0xF7, 0xF7, 0xF2, 0xB2, 0xA9, 0xF4, 0xBA,
    0xF0, 0xF0, 0xF7, 0xF4, 0xF4, 0xF2, 0xD1, 0xB9, 0xD8, 0xED, 0xED, 0xD4, 0xC6, 0xB0, 0x2E, 0x53,
    0xE5, 0xE5, 0xD0, 0x9F, 0x9A, 0x9A, 0x8A, 0x91, 0xBE, 0xEF, 0xEF, 0xBF, 0xD2, 0x9A, 0x8B, 0x90,
    0xBA, 0xBE, 0xEF, 0xBF, 0xB0, 0x2C, 0x91, 0x91, 0x9F, 0xBA, 0xB5, 0xB4, 0xB6, 0xAF, 0x61, 0x80,
    0x91, 0x60, 0x4A, 0x32, 0x52, 0x61, 0x91, 0x4C, 0x91, 0x90, 0x90, 0x6D, 0x91, 0x9D, 0x57, 0x49,
    0x9D, 0x88, 0x5E, 0x5D, 0x51, 0x50, 0x50, 0x49, 0x8F, 0x9A, 0x5E, 0x5D, 0x5C, 0x51, 0x50, 0x50,
    0x95, 0x94, 0x94, 0x93, 0xBC, 0xBA, 0xDF, 0xDE, 0x95, 0x95, 0x94, 0x98, 0xBC, 0xDF, 0xBA, 0xD2,
    0x95, 0x95, 0x95, 0xA6, 0xD0, 0xDF, 0xC7, 0xDF, 0x95, 0x95, 0x9B, 0xBC, 0xCD, 0xC7, 0xC4, 0xC7,
    0xDE, 0xD8, 0xD5, 0xC6, 0xE2, 0x32, 0x2E, 0x2E, 0xCE, 0xCE, 0xC0, 0x41, 0x2B, 0x2C, 0x2C, 0x42,
    0xDF, 0xDF, 0xDF, 0x41, 0x23, 0x2C, 0x2C, 0x8B, 0xC7, 0xC7, 0xC7, 0xA4, 0x2D, 0x2C, 0x4A, 0x9A,
    0x9A, 0xA6, 0xBA, 0xB0, 0xB0, 0xAC, 0xBA, 0xA4, 0xA0, 0x42, 0x33, 0x27, 0x22, 0xAF, 0xAC, 0xAD,
    0x9A, 0x6D, 0x2C, 0x23, 0x22, 0x31, 0x46, 0x46, 0x9A, 0x35, 0x2C, 0x23, 0x2B, 0x52, 0x8F, 0x8F,
    0x8F, 0x9D, 0x5F, 0x5E, 0x5D, 0x5D, 0x51, 0x50, 0xAD, 0x9C, 0x6B, 0x5F, 0x5E, 0x5D, 0x5C, 0x51,
    0x8F, 0x80, 0x70, 0x6B, 0x5F, 0x5E, 0x5D, 0x51, 0x8F, 0x99, 0x70, 0x6C, 0x6B, 0x5F, 0x5E, 0x5D,
    0x95, 0x9B, 0xA5, 0xD1, 0xC7, 0xD4, 0xC4, 0xEB, 0x97, 0x9F, 0xC1, 0xCD, 0xC3, 0xC4, 0xF5, 0xEE,
    0x9B, 0xC1, 0xD1, 0xCD, 0xC3, 0xC4, 0xF5, 0xEE, 0xBC, 0xD1, 0xCC, 0xCA, 0xE7, 0xE7, 0xF8, 0xF5,
    0xC5, 0xC5, 0xD4, 0xBA, 0x33, 0x8F, 0x8A, 0x9A, 0xEB, 0xEB, 0xC5, 0xC0, 0x56, 0x8A, 0x8B, 0xA0,
    0xEB, 0xEB, 0xC5, 0xC0, 0x63, 0x9D, 0x8B, 0x90, 0xEE, 0xEE, 0xEB, 0xCE, 0xAB, 0x8B, 0x90, 0x8A,
    0x9A, 0x35, 0x2C, 0x33, 0x33, 0x61, 0x91, 0x9C, 0x9A, 0x4A, 0x2C, 0x31, 0x52, 0x61, 0x9D, 0x35,
    0x9A, 0x80, 0x33, 0x31, 0x32, 0x61, 0x42, 0x35, 0xA0, 0x6D, 0x07, 0x33, 0x52, 0x63, 0x35, 0x35,
    0x60, 0x99, 0x73, 0x6C, 0x69, 0x5F, 0x5F, 0x5E, 0x60, 0x96, 0x73, 0x6C, 0x6C, 0x6A, 0x5F, 0x5E,
    0x60, 0x96, 0x73, 0x73, 0x6C, 0x6C, 0x6A, 0x5F, 0x60, 0x89, 0x73, 0x73, 0x73, 0x6C, 0x6C, 0x6A,
    0x78, 0x71, 0x72, 0x68, 0x67, 0x66, 0x5A, 0x58, 0x79, 0x78, 0x6F, 0x72, 0x68, 0x67, 0x66, 0x58,
    0x79, 0x77, 0x71, 0x6F, 0x72, 0x68, 0x66, 0x66, 0x7A, 0x79, 0x77, 0x71, 0x72, 0x68, 0x67, 0x66,
    0x4F, 0x4E, 0x4D, 0x48, 0x48, 0x47, 0x42, 0x25, 0x59, 0x4F, 0x4E, 0x4D, 0x48, 0x48, 0x56, 0x2E,
    0x5A, 0x59, 0x4F, 0x4E, 0x4D, 0x48, 0x47, 0x9A, 0x66, 0x58, 0x4F, 0x4F, 0x4D, 0x4D, 0x48, 0x54,
    0x25, 0x31, 0x3B, 0x3F, 0x3F, 0x3E, 0x3E, 0x3E, 0x28, 0x26, 0x14, 0x37, 0x3F, 0x3F, 0x3E, 0x3E,
    0x32, 0x1B, 0x11, 0x14, 0x12, 0x3F, 0x3F, 0x3E, 0x14, 0x1B, 0x1B, 0x11, 0x4A, 0x3A, 0x3F, 0x3F,
    0x3E, 0x3E, 0x3E, 0x3E, 0x27, 0x13, 0x32, 0x52, 0x3E, 0x3E, 0x3E, 0x3E, 0x0F, 0x11, 0x1C, 0x99,
    0x3E, 0x3E, 0x3E, 0xFA, 0x11, 0x1C, 0x1C, 0x11, 0x3E, 0x3E, 0x55, 0xFA, 0x16, 0x1C, 0x11, 0x16,
    0x7F, 0x7A, 0x79, 0x78, 0x71, 0x72, 0x68, 0x67, 0x7F, 0x7A, 0x7A, 0x79, 0x78, 0x71, 0x72, 0x68,
    0x82, 0x7F, 0x7F, 0x7A, 0x79, 0x78, 0x71, 0x72, 0x82, 0x82, 0x7F, 0x7F, 0x7A, 0x79, 0x78, 0x71,
    0x66, 0x5A, 0x58, 0x4F, 0x4E, 0x4D, 0x4D, 0x48, 0x67, 0x66, 0x5A, 0x59, 0x4F, 0x4E, 0x4D, 0x48,
    0x68, 0x67, 0x66, 0x5B, 0x58, 0x4F, 0x4E, 0x4E, 0x72, 0x68, 0x67, 0x66, 0x5B, 0x59, 0x59, 0x4E,
    0x12, 0x14, 0x15, 0x53, 0x61, 0x54, 0x3F, 0x3F, 0x48, 0x12, 0x9D, 0x53, 0x61, 0x80, 0x4B, 0xC9,
    0x48, 0x48, 0x8B, 0x91, 0x4A, 0x46, 0x4B, 0xC9, 0x4E, 0x48, 0x48, 0x6D, 0x91, 0xB3, 0xD5, 0xAA,
    0x3E, 0x87, 0xD8, 0x9C, 0x26, 0x36, 0x16, 0x0F, 0xC9, 0xE4, 0xAD, 0x64, 0x22, 0x22, 0x61, 0x9C,
    0xC9, 0xE4, 0xAD, 0x33, 0x23, 0x29, 0x46, 0x38, 0xAA, 0x02, 0x3B, 0x24, 0x2C, 0x2A, 0x90, 0x3D,
    0x83, 0x82, 0x82, 0x7F, 0x7F, 0x7A, 0x79, 0x78, 0x83, 0x83, 0x82, 0x82, 0x7F, 0x7F, 0x7A, 0x79,
    0xD0, 0x86, 0x86, 0x82, 0x7C, 0x75, 0x7F, 0x7A, 0xC9, 0xD9, 0xD9, 0xDF, 0x84, 0x46, 0x4A, 0x84,
    0x71, 0x72, 0x68, 0x67, 0x66, 0x5B, 0x59, 0x4F, 0x78, 0x71, 0x72, 0x68, 0x67, 0x66, 0x5B, 0x58,
    0x79, 0x78, 0x71, 0x72, 0x68, 0x67, 0x66, 0x65, 0x81, 0x81, 0x81, 0x6F, 0x72, 0x6E, 0xB0, 0xD9,
    0x4E, 0x4D, 0x48, 0x74, 0xD0, 0xC9, 0xB1, 0x02, 0x4C, 0x4C, 0xC0, 0xE1, 0xD9, 0xD5, 0x02, 0xA1,
    0xD2, 0xD2, 0xDF, 0xD9, 0xD5, 0x02, 0x02, 0x44, 0xDB, 0xDB, 0xD7, 0xC1, 0x02, 0x02, 0x2A, 0x41,
    0x02, 0x56, 0x3F, 0x3A, 0x2A, 0x33, 0x63, 0x3E, 0xA1, 0x40, 0x40, 0x3D, 0x41, 0x32, 0x39, 0x3F,
    0x63, 0x6D, 0x35, 0x3C, 0x2B, 0x4A, 0x3F, 0x3F, 0x41, 0x29, 0x2A, 0x4A, 0x6D, 0x62, 0x3F, 0x3F,
    0xCA, 0xDD, 0xDD, 0xDA, 0xC9, 0xBB, 0xD1, 0xE1, 0xA3, 0xE3, 0xE3, 0xD6, 0xDA, 0xC8, 0xCB, 0xCB,
    0xA3, 0xC1, 0xE3, 0xD6, 0xDA, 0xC8, 0xCB, 0xCB, 0xA3, 0x02, 0x02, 0xD6, 0xC9, 0xC7, 0xC6, 0xC2,
    0xCF, 0xCF, 0xDF, 0xDF, 0xD1, 0xE1, 0xC7, 0xDC, 0xCB, 0xCB, 0xCB, 0xC6, 0xC6, 0xC8, 0xDC, 0xD7,
    0xC4, 0xC4, 0xC4, 0xC6, 0xC6, 0xC8, 0xDC, 0xD7, 0xEF, 0xEF, 0xF6, 0xD4, 0xD5, 0xCB, 0xC6, 0xBA,
    0xD5, 0xD5, 0xC1, 0x02, 0x02, 0xFB, 0x2A, 0x1D, 0xDB, 0xB7, 0x02, 0x02, 0x99, 0x2E, 0x23, 0x1F,
    0xB7, 0x02, 0x02, 0x02, 0x9C, 0x2E, 0x80, 0x2D, 0x02, 0x02, 0x02, 0x9E, 0x42, 0x35, 0xFE, 0x06,
    0x1E, 0x1E, 0x30, 0x36, 0x1D, 0x1C, 0x43, 0x3F, 0x1E, 0x20, 0x1F, 0x25, 0x1A, 0x36, 0x91, 0x3D,
    0x21, 0x25, 0x26, 0x26, 0x18, 0x36, 0x8F, 0x40, 0xFE, 0x31, 0x27, 0x26, 0x1A, 0x36, 0x80, 0x40,
    0xA3, 0x02, 0x02, 0xA3, 0xCC, 0xDA, 0xCB, 0xC4, 0xA7, 0xAD, 0xAD, 0xC0, 0xCE, 0xCA, 0xD7, 0xEB,
    0x8C, 0xAB, 0xAB, 0xE9, 0xD1, 0xF1, 0xE7, 0xEC, 0xD0, 0xEF, 0xCF, 0xD2, 0xA3, 0xBD, 0xF2, 0xEA,
    0xEF, 0xEF, 0xF8, 0xEE, 0xD4, 0xD5, 0xE2, 0x02, 0xEF, 0xF8, 0xF8, 0xF6, 0xEE, 0xC5, 0xD9, 0xE6,
    0xE7, 0xFC, 0xE7, 0xF8, 0xF6, 0xF1, 0xBD, 0xD2, 0xFF, 0xFE, 0xFE, 0xF7, 0xF2, 0xD3, 0xA2, 0xE8,
    0x02, 0x02, 0x92, 0x7D, 0x42, 0x35, 0x06, 0xFF, 0x85, 0x85, 0x69, 0x7D, 0x8B, 0x35, 0xFD, 0xA8,
    0x7A, 0x70, 0x6C, 0x7D, 0x9A, 0x91, 0xFB, 0xFF, 0xCE, 0xCE, 0x76, 0x7E, 0xA0, 0x90, 0x4A, 0x32,
    0xA3, 0x05, 0xFB, 0x26, 0x23, 0x1C, 0x0F, 0x47, 0x02, 0xFF, 0xFE, 0x21, 0x23, 0x96, 0x60, 0x45,
    0xAE, 0x06, 0xFD, 0x23, 0x2B, 0x61, 0x63, 0x45, 0x2C, 0x2D, 0x2D, 0x2B, 0x33, 0x31, 0xA4, 0x45,
    0xE0, 0xE5, 0xE2, 0xBA, 0xA2, 0xB2, 0xF3, 0xE7, 0xE5, 0xE2, 0xBA, 0xD1, 0xF4, 0xAE, 0xB2, 0xF2,
    0xBF, 0xBA, 0x98, 0x8D, 0xB7, 0xF2, 0xF4, 0xF4, 0xBF, 0x94, 0x94, 0x8E, 0xBA, 0xDF, 0xD6, 0xDC,
    0xF2, 0xFD, 0xD8, 0xF8, 0xF4, 0xB2, 0xA2, 0xE9, 0xF0, 0xF7, 0xF7, 0xF2, 0xB2, 0xA9, 0xF4, 0xBA,
    0xF0, 0xF0, 0xF7, 0xF4, 0xF4, 0xF2, 0xD1, 0xB9, 0xD8, 0xED, 0xED, 0xD4, 0xC6, 0xB0, 0x2E, 0x53,
    0xE5, 0xE5, 0xD0, 0x9F, 0x9A, 0x9A, 0x8A, 0x91, 0xBE, 0xEF, 0xEF, 0xBF, 0xD2, 0x9A, 0x8B, 0x90,
    0xBA, 0xBE, 0xEF, 0xBF, 0xB0, 0x2C, 0x91, 0x91, 0x9F, 0xBA, 0xB5, 0xB4, 0xB6, 0xAF, 0x61, 0x80,
    0x91, 0x60, 0x4A, 0x32, 0x52, 0x61, 0x91, 0x4C, 0x91, 0x90, 0x90, 0x6D, 0x91, 0x9D, 0x57, 0x49,
    0x9D, 0x88, 0x5E, 0x5D, 0x51, 0x50, 0x50, 0x49, 0x8F, 0x9A, 0x5E, 0x5D, 0x5C, 0x51, 0x50, 0x50,
    0x95, 0x94, 0x94, 0x93, 0xBC, 0xBA, 0xDF, 0xDE, 0x95, 0x95, 0x94, 0x98, 0xBC, 0xDF, 0xBA, 0xD2,
    0x95, 0x95, 0x95, 0xA6, 0xD0, 0xDF, 0xC7, 0xDF, 0x95, 0x95, 0x9B, 0xBC, 0xCD, 0xC7, 0xC4, 0xC7,
    0xDE, 0xD8, 0xD5, 0xC6, 0xE2, 0x32, 0x2E, 0x2E, 0xCE, 0xCE, 0xC0, 0x41, 0x2B, 0x2C, 0x2C, 0x42,
    0xDF, 0xDF, 0xDF, 0x41, 0x23, 0x2C, 0x2C, 0x8B, 0xC7, 0xC7, 0xC7, 0xA4, 0x2D, 0x2C, 0x4A, 0x9A,
    0x9A, 0xA6, 0xBA, 0xB0, 0xB0, 0xAC, 0xBA, 0xA4, 0xA0, 0x42, 0x33, 0x27, 0x22, 0xAF, 0xAC, 0xAD,
    0x9A, 0x6D, 0x2C, 0x23, 0x22, 0x31, 0x46, 0x46, 0x9A, 0x35, 0x2C, 0x23, 0x2B, 0x52, 0x8F, 0x8F,
    0x8F, 0x9D, 0x5F, 0x5E, 0x5D, 0x5D, 0x51, 0x50, 0xAD, 0x9C, 0x6B, 0x5F, 0x5E, 0x5D, 0x5C, 0x51,
    0x8F, 0x80, 0x70, 0x6B, 0x5F, 0x5E, 0x5D, 0x51, 0x8F, 0x99, 0x70, 0x6C, 0x6B, 0x5F, 0x5E, 0x5D,
    0x95, 0x9B, 0xA5, 0xD1, 0xC7, 0xD4, 0xC4, 0xEB, 0x97, 0x9F, 0xC1, 0xCD, 0xC3, 0xC4, 0xF5, 0xEE,
    0x9B, 0xC1, 0xD1, 0xCD, 0xC3, 0xC4, 0xF5, 0xEE, 0xBC, 0xD1, 0xCC, 0xCA, 0xE7, 0xE7, 0xF8, 0xF5,
    0xC5, 0xC5, 0xD4, 0xBA, 0x33, 0x8F, 0x8A, 0x9A, 0xEB, 0xEB, 0xC5, 0xC0, 0x56, 0x8A, 0x8B, 0xA0,
    0xEB, 0xEB, 0xC5, 0xC0, 0x63, 0x9D, 0x8B, 0x90, 0xEE, 0xEE, 0xEB, 0xCE, 0xAB, 0x8B, 0x90, 0x8A,
    0x9A, 0x35, 0x2C, 0x33, 0x33, 0x61, 0x91, 0x9C, 0x9A, 0x4A, 0x2C, 0x31, 0x52, 0x61, 0x9D, 0x35,
    0x9A, 0x80, 0x33, 0x31, 0x32, 0x61, 0x42, 0x35, 0xA0, 0x6D, 0x07, 0x33, 0x52, 0x63, 0x35, 0x35,
    0x60, 0x99, 0x73, 0x6C, 0x69, 0x5F, 0x5F, 0x5E, 0x60, 0x96, 0x73, 0x6C, 0x6C, 0x6A, 0x5F, 0x5E,
    0x60, 0x96, 0x73, 0x73, 0x6C, 0x6C, 0x6A, 0x5F, 0x60, 0x89, 0x73, 0x73, 0x73, 0x6C, 0x6C, 0x6A,
    0x78, 0x71, 0x72, 0x68, 0x67, 0x66, 0x5A, 0x58, 0x79, 0x78, 0x6F, 0x72, 0x68, 0x67, 0x66, 0x58,
    0x79, 0x77, 0x71, 0x6F, 0x72, 0x68, 0x66, 0x66, 0x7A, 0x79, 0x77, 0x71, 0x72, 0x68, 0x67, 0x66,
    0x4F, 0x4E, 0x4D, 0x48, 0x48, 0x47, 0x42, 0x25, 0x59, 0x4F, 0x4E, 0x4D, 0x48, 0x48, 0x56, 0x2E,
    0x5A, 0x59, 0x4F, 0x4E, 0x4D, 0x48, 0x47, 0x9A, 0x66, 0x58, 0x4F, 0x4F, 0x4D, 0x4D, 0x48, 0x54,
    0x25, 0x31, 0x3B, 0x3F, 0x3F, 0x3E, 0x3E, 0x3E, 0x28, 0x26, 0x12, 0x37, 0x3F, 0x3F, 0x3E, 0x3E,
    0x32, 0x1A, 0x11, 0x12, 0x13, 0x3F, 0x3F, 0x3E, 0x12, 0x11, 0x1A, 0x11, 0x80, 0x3A, 0x3F, 0x3F,
    0x3E, 0x3E, 0x3E, 0x3E, 0x27, 0x13, 0x32, 0x52, 0x3E, 0x3E, 0x3E, 0x3E, 0x13, 0x0F, 0x11, 0x99,
    0x3E, 0x3E, 0x3E, 0xF9, 0x0F, 0x11, 0x19, 0x11, 0x3E, 0x3E, 0x55, 0xF9, 0x0F, 0x11, 0x1A, 0x0F,
    0x7F, 0x7A, 0x79, 0x78, 0x71, 0x72, 0x68, 0x67, 0x7F, 0x7A, 0x7A, 0x79, 0x78, 0x71, 0x72, 0x68,
    0x82, 0x7F, 0x7F, 0x7A, 0x79, 0x78, 0x71, 0x72, 0x82, 0x82, 0x7F, 0x7F, 0x7A, 0x79, 0x78, 0x71,
    0x66, 0x5A, 0x58, 0x4F, 0x4E, 0x4D, 0x4D, 0x48, 0x67, 0x66, 0x5A, 0x59, 0x4F, 0x4E, 0x4D, 0x48,
    0x68, 0x67, 0x66, 0x5B, 0x58, 0x4F, 0x4E, 0x4E, 0x72, 0x68, 0x67, 0x66, 0x5B, 0x59, 0x59, 0x4E,
    0x13, 0x12, 0x11, 0x53, 0x61, 0x54, 0x3F, 0x3F, 0x48, 0x13, 0x6D, 0x53, 0x61, 0x80, 0x4B, 0xC9,
    0x48, 0x48, 0x8B, 0x91, 0x4A, 0x46, 0x4B, 0xC9, 0x4E, 0x48, 0x48, 0x6D, 0x91, 0xB3, 0xD5, 0xAA,
    0x3E, 0x87, 0xD8, 0x9C, 0x26, 0x36, 0x0F, 0x13, 0xC9, 0xE4, 0xAD, 0x64, 0x22, 0x22, 0x61, 0x9C,
    0xC9, 0xE4, 0xAD, 0x33, 0x23, 0x29, 0x46, 0x38, 0xAA, 0x02, 0x3B, 0x24, 0x2C, 0x2A, 0x90, 0x3D,
    0x83, 0x82, 0x82, 0x7F, 0x7F, 0x7A, 0x79, 0x78, 0x83, 0x83, 0x82, 0x82, 0x7F, 0x7F, 0x7A, 0x79,
    0xD0, 0x86, 0x86, 0x82, 0x7C, 0x75, 0x7F, 0x7A, 0xC9, 0xD9, 0xD9, 0xDF, 0x84, 0x46, 0x4A, 0x84,
    0x71, 0x72, 0x68, 0x67, 0x66, 0x5B, 0x59, 0x4F, 0x78, 0x71, 0x72, 0x68, 0x67, 0x66, 0x5B, 0x58,
    0x79, 0x78, 0x71, 0x72, 0x68, 0x67, 0x66, 0x65, 0x81, 0x81, 0x81, 0x6F, 0x72, 0x6E, 0xB0, 0xD9,
    0x4E, 0x4D, 0x48, 0x74, 0xD0, 0xC9, 0xB1, 0x02, 0x4C, 0x4C, 0xC0, 0xE1, 0xD9, 0xD5, 0x02, 0xA1,
    0xD2, 0xD2, 0xDF, 0xD9, 0xD5, 0x02, 0x02, 0x44, 0xDB, 0xDB, 0xD7, 0xC1, 0x02, 0x02, 0x2A, 0x41,
    0x02, 0x56, 0x3F, 0x3A, 0x2A, 0x33, 0x63, 0x3E, 0xA1, 0x40, 0x40, 0x3D, 0x41, 0x32, 0x39, 0x3F,
    0x63, 0x6D, 0x35, 0x3C, 0x2B, 0x4A, 0x3F, 0x3F, 0x41, 0x29, 0x2A, 0x4A, 0x6D, 0x62, 0x3F, 0x3F,
    0xCA, 0xDD, 0xDD, 0xDA, 0xC9, 0xBB, 0xD1, 0xE1, 0xA3, 0xE3, 0xE3, 0xD6, 0xDA, 0xC8, 0xCB, 0xCB,
    0xA3, 0xC1, 0xE3, 0xD6, 0xDA, 0xC8, 0xCB, 0xCB, 0xA3, 0x02, 0x02, 0xD6, 0xC9, 0xC7, 0xC6, 0xC2,
    0xCF, 0xCF, 0xDF, 0xDF, 0xD1, 0xE1, 0xC7, 0xDC, 0xCB, 0xCB, 0xCB, 0xC6, 0xC6, 0xC8, 0xDC, 0xD7,
    0xC4, 0xC4, 0xC4, 0xC6, 0xC6, 0xC8, 0xDC, 0xD7, 0xEF, 0xEF, 0xF6, 0xD4, 0xD5, 0xCB, 0xC6, 0xBA,
    0xD5, 0xD5, 0xC1, 0x02, 0x02, 0xFB, 0x2A, 0x1D, 0xDB, 0xB7, 0x02, 0x02, 0x99, 0x2E, 0x23, 0x1F,
    0xB7, 0x02, 0x02, 0x02, 0x9C, 0x2E, 0x80, 0x2D, 0x02, 0x02, 0x02, 0x9E, 0x42, 0x35, 0xFE, 0x06,
    0x1E, 0x1E, 0x30, 0x36, 0x1D, 0x0F, 0x43, 0x3F, 0x1E, 0x20, 0x1F, 0x25, 0x11, 0x36, 0x91, 0x3D,
    0x21, 0x25, 0x26, 0x26, 0x19, 0x36, 0x8F, 0x40, 0xFE, 0x31, 0x27, 0x26, 0x1A, 0x36, 0x80, 0x40,
    0xA3, 0x02, 0x02, 0xA3, 0xCC, 0xDA, 0xCB, 0xC4, 0xA7, 0xAD, 0xAD, 0xC0, 0xCE, 0xCA, 0xD7, 0xEB,
    0x8C, 0xAB, 0xAB, 0xE9, 0xD1, 0xF1, 0xE7, 0xEC, 0xD0, 0xEF, 0xCF, 0xD2, 0xA3, 0xBD, 0xF2, 0xEA,
    0xEF, 0xEF, 0xF8, 0xEE, 0xD4, 0xD5, 0xE2, 0x02, 0xEF, 0xF8, 0xF8, 0xF6, 0xEE, 0xC5, 0xD9, 0xE6,
    0xE7, 0xFC, 0xE7, 0xF8, 0xF6, 0xF1, 0xBD, 0xD2, 0xFF, 0xFE, 0xFE, 0xF7, 0xF2, 0xD3, 0xA2, 0xE8,
    0x02, 0x02, 0x92, 0x7D, 0x42, 0x35, 0x06, 0xFF, 0x85, 0x85, 0x69, 0x7D, 0x8B, 0x35, 0xFD, 0xA8,
    0x7A, 0x70, 0x6C, 0x7D, 0x9A, 0x91, 0xFB, 0xFF, 0xCE, 0xCE, 0x76, 0x7E, 0xA0, 0x90, 0x4A, 0x32,
    0xA3, 0x05, 0xFB, 0x26, 0x23, 0x11, 0x0F, 0x47, 0x02, 0xFF, 0xFE, 0x21, 0x23, 0x46, 0x60, 0x45,
    0xAE, 0x06, 0xFD, 0x23, 0x2B, 0x61, 0x63, 0x45, 0x2C, 0x2D, 0x2D, 0x2B, 0x33, 0x31, 0xA4, 0x45,
    0xE0, 0xE5, 0xE2, 0xBA, 0xA2, 0xB2, 0xF3, 0xE7, 0xE5, 0xE2, 0xBA, 0xD1, 0xF4, 0xAE, 0xB2, 0xF2,
    0xBF, 0xBA, 0x98, 0x8D, 0xB7, 0xF2, 0xF4, 0xF4, 0xBF, 0x94, 0x94, 0x8E, 0xBA, 0xDF, 0xD6, 0xDC,
    0xF2, 0xFD, 0xD8, 0xF8, 0xF4, 0xB2, 0xA2, 0xE9, 0xF0, 0xF7, 0xF7, 0xF2, 0xB2, 0xA9, 0xF4, 0xBA,
    0xF0, 0xF0, 0xF7, 0xF4, 0xF4, 0xF2, 0xD1, 0xB9, 0xD8, 0xED, 0xED, 0xD4, 0xC6, 0xB0, 0x2E, 0x53,
    0xE5, 0xE5, 0xD0, 0x9F, 0x9A, 0x9A, 0x8A, 0x91, 0xBE, 0xEF, 0xEF, 0xBF, 0xD2, 0x9A, 0x8B, 0x90,
    0xBA, 0xBE, 0xEF, 0xBF, 0xB0, 0x2C, 0x91, 0x91, 0x9F, 0xBA, 0xB5, 0xB4, 0xB6, 0xAF, 0x61, 0x80,
    0x91, 0x60, 0x4A, 0x32, 0x52, 0x61, 0x91, 0x4C, 0x91, 0x90, 0x90, 0x6D, 0x91, 0x9D, 0x57, 0x49,
    0x9D, 0x88, 0x5E, 0x5D, 0x51, 0x50, 0x50, 0x49, 0x8F, 0x9A, 0x5E, 0x5D, 0x5C, 0x51, 0x50, 0x50,
    0x95, 0x94, 0x94, 0x93, 0xBC, 0xBA, 0xDF, 0xDE, 0x95, 0x95, 0x94, 0x98, 0xBC, 0xDF, 0xBA, 0xD2,
    0x95, 0x95, 0x95, 0xA6, 0xD0, 0xDF, 0xC7, 0xDF, 0x95, 0x95, 0x9B, 0xBC, 0xCD, 0xC7, 0xC4, 0xC7,
    0xDE, 0xD8, 0xD5, 0xC6, 0xE2, 0x32, 0x2E, 0x2E, 0xCE, 0xCE, 0xC0, 0x41, 0x2B, 0x2C, 0x2C, 0x42,
    0xDF, 0xDF, 0xDF, 0x41, 0x23, 0x2C, 0x2C, 0x8B, 0xC7, 0xC7, 0xC7, 0xA4, 0x2D, 0x2C, 0x4A, 0x9A,
    0x9A, 0xA6, 0xBA, 0xB0, 0xB0, 0xAC, 0xBA, 0xA4, 0xA0, 0x42, 0x33, 0x27, 0x22, 0xAF, 0xAC, 0xAD,
    0x9A, 0x6D, 0x2C, 0x23, 0x22, 0x31, 0x46, 0x46, 0x9A, 0x35, 0x2C, 0x23, 0x2B, 0x52, 0x8F, 0x8F,
    0x8F, 0x9D, 0x5F, 0x5E, 0x5D, 0x5D, 0x51, 0x50, 0xAD, 0x9C, 0x6B, 0x5F, 0x5E, 0x5D, 0x5C, 0x51,
    0x8F, 0x80, 0x70, 0x6B, 0x5F, 0x5E, 0x5D, 0x51, 0x8F, 0x99, 0x70, 0x6C, 0x6B, 0x5F, 0x5E, 0x5D,
    0x95, 0x9B, 0xA5, 0xD1, 0xC7, 0xD4, 0xC4, 0xEB, 0x97, 0x9F, 0xC1, 0xCD, 0xC3, 0xC4, 0xF5, 0xEE,
    0x9B, 0xC1, 0xD1, 0xCD, 0xC3, 0xC4, 0xF5, 0xEE, 0xBC, 0xD1, 0xCC, 0xCA, 0xE7, 0xE7, 0xF8, 0xF5,
    0xC5, 0xC5, 0xD4, 0xBA, 0x33, 0x8F, 0x8A, 0x9A, 0xEB, 0xEB, 0xC5, 0xC0, 0x56, 0x8A, 0x8B, 0xA0,
    0xEB, 0xEB, 0xC5, 0xC0, 0x63, 0x9D, 0x8B, 0x90, 0xEE, 0xEE, 0xEB, 0xCE, 0xAB, 0x8B, 0x90, 0x8A,
    0x9A, 0x35, 0x2C, 0x33, 0x33, 0x61, 0x91, 0x9C, 0x9A, 0x4A, 0x2C, 0x31, 0x52, 0x61, 0x9D, 0x35,
    0x9A, 0x80, 0x33, 0x31, 0x32, 0x61, 0x42, 0x35, 0xA0, 0x6D, 0x07, 0x33, 0x52, 0x63, 0x35, 0x35,
    0x60, 0x99, 0x73, 0x6C, 0x69, 0x5F, 0x5F, 0x5E, 0x60, 0x96, 0x73, 0x6C, 0x6C, 0x6A, 0x5F, 0x5E,
    0x60, 0x96, 0x73, 0x73, 0x6C, 0x6C, 0x6A, 0x5F, 0x60, 0x89, 0x73, 0x73, 0x73, 0x6C, 0x6C, 0x6A,
    0x78, 0x71, 0x72, 0x68, 0x67, 0x66, 0x5A, 0x58, 0x79, 0x78, 0x6F, 0x72, 0x68, 0x67, 0x66, 0x58,
    0x79, 0x77, 0x71, 0x6F, 0x72, 0x68, 0x66, 0x66, 0x7A, 0x79, 0x77, 0x71, 0x72, 0x68, 0x67, 0x66,
    0x4F, 0x4E, 0x4D, 0x48, 0x48, 0x47, 0x42, 0x25, 0x59, 0x4F, 0x4E, 0x4D, 0x48, 0x48, 0x56, 0x2E,
    0x5A, 0x59, 0x4F, 0x4E, 0x4D, 0x48, 0x47, 0x9A, 0x66, 0x58, 0x4F, 0x4F, 0x4D, 0x4D, 0x48, 0x54,
    0x25, 0x31, 0x3B, 0x3F, 0x3F, 0x3E, 0x3E, 0x3E, 0x28, 0x26, 0x17, 0x37, 0x3F, 0x3F, 0x3E, 0x3E,
    0x32, 0x0C, 0x0D, 0x10, 0x17, 0x3F, 0x3F, 0x3E, 0x10, 0x0D, 0x0C, 0x0D, 0x4A, 0x3A, 0x3F, 0x3F,
    0x3E, 0x3E, 0x3E, 0x3E, 0x27, 0x90, 0x32, 0x52, 0x3E, 0x3E, 0x3E, 0x3E, 0x90, 0x13, 0x10, 0x80,
    0x3E, 0x3E, 0x3E, 0xB8, 0x8A, 0x10, 0x0E, 0x13, 0x3E, 0x3E, 0x55, 0xB8, 0x13, 0x0E, 0x0C, 0x13,
    0x7F, 0x7A, 0x79, 0x78, 0x71, 0x72, 0x68, 0x67, 0x7F, 0x7A, 0x7A, 0x79, 0x78, 0x71, 0x72, 0x68,
    0x82, 0x7F, 0x7F, 0x7A, 0x79, 0x78, 0x71, 0x72, 0x82, 0x82, 0x7F, 0x7F, 0x7A, 0x79, 0x78, 0x71,
    0x66, 0x5A, 0x58, 0x4F, 0x4E, 0x4D, 0x4D, 0x48, 0x67, 0x66, 0x5A, 0x59, 0x4F, 0x4E, 0x4D, 0x48,
    0x68, 0x67, 0x66, 0x5B, 0x58, 0x4F, 0x4E, 0x4E, 0x72, 0x68, 0x67, 0x66, 0x5B, 0x59, 0x59, 0x4E,
    0x17, 0x10, 0x0D, 0x53, 0x61, 0x54, 0x3F, 0x3F, 0x48, 0x17, 0x9D, 0x53, 0x61, 0x80, 0x4B, 0xC9,
    0x48, 0x48, 0x8B, 0x91, 0x4A, 0x46, 0x4B, 0xC9, 0x4E, 0x48, 0x48, 0x6D, 0x91, 0xB3, 0xD5, 0xAA,
    0x3E, 0x87, 0xD8, 0x9C, 0x26, 0x28, 0x13, 0x90, 0xC9, 0xE4, 0xAD, 0x64, 0x22, 0x22, 0x52, 0x80,
    0xC9, 0xE4, 0xAD, 0x33, 0x23, 0x29, 0x46, 0x38, 0xAA, 0x02, 0x3B, 0x24, 0x2C, 0x2A, 0x90, 0x3D,
    0x83, 0x82, 0x82, 0x7F, 0x7F, 0x7A, 0x79, 0x78, 0x83, 0x83, 0x82, 0x82, 0x7F, 0x7F, 0x7A, 0x79,
    0xD0, 0x86, 0x86, 0x82, 0x7C, 0x75, 0x7F, 0x7A, 0xC9, 0xD9, 0xD9, 0xDF, 0x84, 0x46, 0x4A, 0x84,
    0x71, 0x72, 0x68, 0x67, 0x66, 0x5B, 0x59, 0x4F, 0x78, 0x71, 0x72, 0x68, 0x67, 0x66, 0x5B, 0x58,
    0x79, 0x78, 0x71, 0x72, 0x68, 0x67, 0x66, 0x65, 0x81, 0x81, 0x81, 0x6F, 0x72, 0x6E, 0xB0, 0xD9,
    0x4E, 0x4D, 0x48, 0x74, 0xD0, 0xC9, 0xB1, 0x02, 0x4C, 0x4C, 0xC0, 0xE1, 0xD9, 0xD5, 0x02, 0xA1,
    0xD2, 0xD2, 0xDF, 0xD9, 0xD5, 0x02, 0x02, 0x44, 0xDB, 0xDB, 0xD7, 0xC1, 0x02, 0x02, 0x2A, 0x41,
    0x02, 0x56, 0x3F, 0x3A, 0x2A, 0x33, 0x63, 0x3E, 0xA1, 0x40, 0x40, 0x3D, 0x41, 0x32, 0x39, 0x3F,
    0x63, 0x6D, 0x35, 0x3C, 0x2B, 0x4A, 0x3F, 0x3F, 0x41, 0x29, 0x2A, 0x4A, 0x6D, 0x62, 0x3F, 0x3F,
    0xCA, 0xDD, 0xDD, 0xDA, 0xC9, 0xBB, 0xD1, 0xE1, 0xA3, 0xE3, 0xE3, 0xD6, 0xDA, 0xC8, 0xCB, 0xCB,
    0xA3, 0xC1, 0xE3, 0xD6, 0xDA, 0xC8, 0xCB, 0xCB, 0xA3, 0x02, 0x02, 0xD6, 0xC9, 0xC7, 0xC6, 0xC2,
    0xCF, 0xCF, 0xDF, 0xDF, 0xD1, 0xE1, 0xC7, 0xDC, 0xCB, 0xCB, 0xCB, 0xC6, 0xC6, 0xC8, 0xDC, 0xD7,
    0xC4, 0xC4, 0xC4, 0xC6, 0xC6, 0xC8, 0xDC, 0xD7, 0xEF, 0xEF, 0xF6, 0xD4, 0xD5, 0xCB, 0xC6, 0xBA,
    0xD5, 0xD5, 0xC1, 0x02, 0x02, 0xFB, 0x2A, 0x1D, 0xDB, 0xB7, 0x02, 0x02, 0x99, 0x2E, 0x23, 0x1F,
    0xB7, 0x02, 0x02, 0x02, 0x9C, 0x2E, 0x80, 0x2D, 0x02, 0x02, 0x02, 0x9E, 0x42, 0x35, 0xFE, 0x06,
    0x1E, 0x1E, 0x30, 0x36, 0x1D, 0x8F, 0x43, 0x3F, 0x1E, 0x20, 0x1F, 0x25, 0x0F, 0x36, 0x91, 0x3D,
    0x21, 0x25, 0x26, 0x26, 0x0B, 0x36, 0x8F, 0x40, 0xFE, 0x31, 0x27, 0x26, 0x0A, 0x36, 0x80, 0x40,
    0xA3, 0x02, 0x02, 0xA3, 0xCC, 0xDA, 0xCB, 0xC4, 0xA7, 0xAD, 0xAD, 0xC0, 0xCE, 0xCA, 0xD7, 0xEB,
    0x8C, 0xAB, 0xAB, 0xE9, 0xD1, 0xF1, 0xE7, 0xEC, 0xD0, 0xEF, 0xCF, 0xD2, 0xA3, 0xBD, 0xF2, 0xEA,
    0xEF, 0xEF, 0xF8, 0xEE, 0xD4, 0xD5, 0xE2, 0x02, 0xEF, 0xF8, 0xF8, 0xF6, 0xEE, 0xC5, 0xD9, 0xE6,
    0x34, 0xFC, 0xE7, 0xF8, 0xF6, 0xF1, 0xBD, 0xD2, 0xFF, 0xFE, 0xFE, 0xF7, 0xF2, 0xD3, 0xA2, 0xE8,
    0x02, 0x02, 0x92, 0x7D, 0x42, 0x35, 0x06, 0xFF, 0x85, 0x85, 0x69, 0x7D, 0x8B, 0x35, 0xFD, 0xA8,
    0x7A, 0x70, 0x6C, 0x7D, 0x9A, 0x91, 0xFB, 0xFF, 0xCE, 0xCE, 0x76, 0x7E, 0xA0, 0x90, 0x4A, 0x32,
    0xA3, 0x05, 0xFB, 0x26, 0x23, 0x0F, 0x8F, 0x47, 0x02, 0xFF, 0xFE, 0x21, 0x23, 0x46, 0x60, 0x45,
    0xAE, 0x06, 0xFD, 0x23, 0x2B, 0x61, 0x63, 0x45, 0x2C, 0x2D, 0x2D, 0x2B, 0x33, 0x31, 0xA4, 0x45,
    0xE0, 0xE5, 0xE2, 0xBA, 0xA2, 0xB2, 0xF3, 0xE7, 0xE5, 0xE2, 0xBA, 0xD1, 0xF4, 0xAE, 0xB2, 0xF2,
    0xBF, 0xBA, 0x98, 0x8D, 0xB7, 0xF2, 0xF4, 0xF4, 0xBF, 0x94, 0x94, 0x8E, 0xBA, 0xDF, 0xD6, 0xDC,
    0xF2, 0xFD, 0xD8, 0xF8, 0xF4, 0xB2, 0xA2, 0xE9, 0xF0, 0xF7, 0xF7, 0xF2, 0xB2, 0xA9, 0xF4, 0xBA,
    0xF0, 0xF0, 0xF7, 0xF4, 0xF4, 0xF2, 0xD1, 0xB9, 0xD8, 0xED, 0xED, 0xD4, 0xC6, 0xB0, 0x2E, 0x53,
    0xE5, 0xE5, 0xD0, 0x9F, 0x9A, 0x9A, 0x8A, 0x91, 0xBE, 0xEF, 0xEF, 0xBF, 0xD2, 0x9A, 0x8B, 0x90,
    0xBA, 0xBE, 0xEF, 0xBF, 0xB0, 0x2C, 0x91, 0x91, 0x9F, 0xBA, 0xB5, 0xB4, 0xB6, 0xAF, 0x61, 0x80,
    0x91, 0x60, 0x4A, 0x32, 0x52, 0x61, 0x91, 0x4C, 0x91, 0x90, 0x90, 0x6D, 0x91, 0x9D, 0x57, 0x49,
    0x9D, 0x88, 0x5E, 0x5D, 0x51, 0x50, 0x50, 0x49, 0x8F, 0x9A, 0x5E, 0x5D, 0x5C, 0x51, 0x50, 0x50,
    0x95, 0x94, 0x94, 0x93, 0xBC, 0xBA, 0xDF, 0xDE, 0x95, 0x95, 0x94, 0x98, 0xBC, 0xDF, 0xBA, 0xD2,
    0x95, 0x95, 0x95, 0xA6, 0xD0, 0xDF, 0xC7, 0xDF, 0x95, 0x95, 0x9B, 0xBC, 0xCD, 0xC7, 0xC4, 0xC7,
    0xDE, 0xD8, 0xD5, 0xC6, 0xE2, 0x32, 0x2E, 0x2E, 0xCE, 0xCE, 0xC0, 0x41, 0x2B, 0x2C, 0x2C, 0x42,
    0xDF, 0xDF, 0xDF, 0x41, 0x23, 0x2C, 0x2C, 0x8B, 0xC7, 0xC7, 0xC7, 0xA4, 0x2D, 0x2C, 0x4A, 0x9A,
    0x9A, 0xA6, 0xBA, 0xB0, 0xB0, 0xAC, 0xBA, 0xA4, 0xA0, 0x42, 0x33, 0x27, 0x22, 0xAF, 0xAC, 0xAD,
    0x9A, 0x6D, 0x2C, 0x23, 0x22, 0x31, 0x46, 0x46, 0x9A, 0x35, 0x2C, 0x23, 0x2B, 0x52, 0x8F, 0x8F,
    0x8F, 0x9D, 0x5F, 0x5E, 0x5D, 0x5D, 0x51, 0x50, 0xAD, 0x9C, 0x6B, 0x5F, 0x5E, 0x5D, 0x5C, 0x51,
    0x8F, 0x80, 0x70, 0x6B, 0x5F, 0x5E, 0x5D, 0x51, 0x8F, 0x99, 0x70, 0x6C, 0x6B, 0x5F, 0x5E, 0x5D,
    0x95, 0x9B, 0xA5, 0xD1, 0xC7, 0xD4, 0xC4, 0xEB, 0x97, 0x9F, 0xC1, 0xCD, 0xC3, 0xC4, 0xF5, 0xEE,
    0x9B, 0xC1, 0xD1, 0xCD, 0xC3, 0xC4, 0xF5, 0xEE, 0xBC, 0xD1, 0xCC, 0xCA, 0xE7, 0xE7, 0xF8, 0xF5,
    0xC5, 0xC5, 0xD4, 0xBA, 0x33, 0x8F, 0x8A, 0x9A, 0xEB, 0xEB, 0xC5, 0xC0, 0x56, 0x8A, 0x8B, 0xA0,
    0xEB, 0xEB, 0xC5, 0xC0, 0x63, 0x9D, 0x8B, 0x90, 0xEE, 0xEE, 0xEB, 0xCE, 0xAB, 0x8B, 0x90, 0x8A,
    0x9A, 0x35, 0x2C, 0x33, 0x33, 0x61, 0x91, 0x9C, 0x9A, 0x4A, 0x2C, 0x31, 0x52, 0x61, 0x9D, 0x35,
    0x9A, 0x80, 0x33, 0x31, 0x32, 0x61, 0x42, 0x35, 0xA0, 0x6D, 0x07, 0x33, 0x52, 0x63, 0x35, 0x35,
    0x60, 0x99, 0x73, 0x6C, 0x69, 0x5F, 0x5F, 0x5E, 0x60, 0x96, 0x73, 0x6C, 0x6C, 0x6A, 0x5F, 0x5E,
    0x60, 0x96, 0x73, 0x73, 0x6C, 0x6C, 0x6A, 0x5F, 0x60, 0x89, 0x73, 0x73, 0x73, 0x6C, 0x6C, 0x6A,
    0x80, 0x00, 0x80, 0x00, 0x80, 0x00, 0xB9, 0xCE, 0xFF, 0xFF, 0xDE, 0xF7, 0xF4, 0x42, 0xAD, 0x6A,
    0xF7, 0x9A, 0xE2, 0xF2, 0xFB, 0x95, 0xF3, 0x73, 0xDA, 0xAE, 0xCE, 0x4C, 0xD2, 0x6C, 0xCA, 0x2A,
    0xB9, 0xC8, 0xF3, 0x4C, 0xD6, 0x69, 0xAD, 0x44, 0xEF, 0x28, 0xF3, 0x48, 0xEA, 0xE6, 0x9C, 0xE3,
    0xFF, 0xFD, 0xFF, 0xD0, 0xFF, 0xF5, 0xFF, 0xEC, 0xFF, 0xE9, 0xB1, 0xAD, 0xB1, 0xAD, 0xAD, 0xAD,
    0xB5, 0xCE, 0xA5, 0x8C, 0xA5, 0x6B, 0xA1, 0x4B, 0xAD, 0xF0, 0xA9, 0x8C, 0xA9, 0x6C, 0xA5, 0x6C,
    0xA9, 0x8D, 0xA5, 0x4B, 0xA1, 0x4A, 0x9D, 0x4A, 0x99, 0x2A, 0x9D, 0x2A, 0x94, 0xE9, 0xC2, 0x31,
    0xAD, 0x8D, 0x9D, 0x2A, 0x99, 0x09, 0x9D, 0x2A, 0xF3, 0xDF, 0x90, 0xC8, 0xAD, 0x8C, 0xAA, 0x14,
    0xAA, 0x7A, 0xA6, 0x9B, 0xA6, 0x7B, 0xA6, 0x9C, 0xA2, 0x59, 0xA2, 0xBE, 0xA2, 0xDF, 0xA2, 0xBF,
    0x9E, 0xBF, 0xA1, 0x2A, 0x8C, 0xA6, 0xA6, 0x15, 0xA2, 0x17, 0x9A, 0x9F, 0x9C, 0xE8, 0x9E, 0x9E,
    0x9E, 0x9F, 0x9A, 0x7F, 0x98, 0xE8, 0xAA, 0x58, 0x9E, 0x7D, 0x9E, 0x7F, 0x9E, 0x7F, 0x9A, 0x7E,
    0x96, 0x7F, 0x96, 0x5F, 0x9D, 0x0A, 0x98, 0xE9, 0xA1, 0x8F, 0xAE, 0x37, 0xA1, 0xB1, 0xA5, 0xD3,
    0x9A, 0x5E, 0x9A, 0x5F, 0x9A, 0x5E, 0x9A, 0x5E, 0x96, 0x5F, 0x96, 0x5F, 0x96, 0x5F, 0x96, 0x3F,
    0x94, 0xC7, 0x9D, 0x09, 0x99, 0x0A, 0x9D, 0x4D, 0x95, 0x0B, 0xA6, 0x3B, 0x9A, 0x5E, 0x9A, 0x3E,
    0x9A, 0x3E, 0x96, 0x3E, 0x92, 0x3E, 0x92, 0x3F, 0x92, 0x1E, 0x90, 0xA6, 0x9E, 0x1B, 0x96, 0x1E,
    0x96, 0x1D, 0x96, 0x1E, 0x96, 0x3E, 0x92, 0x1E, 0xAE, 0x18, 0x9D, 0x92, 0x9A, 0x1C, 0x96, 0x1E,
    0x96, 0x1E, 0x96, 0x1E, 0x95, 0xFE, 0xBD, 0xF0, 0xA1, 0x93, 0x95, 0x50, 0x95, 0x30, 0x91, 0xFE,
    0x98, 0xC7, 0xA1, 0xF9, 0x91, 0xDE, 0x91, 0xBE, 0xA9, 0xD6, 0x90, 0xEC, 0x95, 0xDD, 0xA9, 0x91,
    0x98, 0xEB, 0x9D, 0x0B, 0x94, 0xA6, 0x8C, 0x85, 0x91, 0x7C, 0x8D, 0x5D, 0x89, 0x5E, 0x9C, 0xE8,
    0x90, 0x85, 0x94, 0xA6, 0x94, 0xCA, 0x91, 0x5B, 0x85, 0x3E, 0x85, 0x1E, 0x9C, 0xE9, 0x89, 0x1C,
    0x99, 0x36, 0x98, 0xC8, 0x88, 0x64, 0x9D, 0x11, 0x98, 0xC8, 0x94, 0xA6, 0x98, 0xC9, 0xA9, 0x4E,
    0x84, 0x23, 0x90, 0x87, 0x80, 0x07, 0x80, 0x01, 0xA1, 0x09, 0xA5, 0x0F, 0xA1, 0x0C, 0xB5, 0x92,
    0x8C, 0x0B, 0x90, 0x0D, 0xB1, 0x4F, 0xB5, 0x90, 0xC1, 0xB5, 0x88, 0x24, 0x90, 0x09, 0xC9, 0xF7,
    0xBD, 0x92, 0xB9, 0x70, 0xB0, 0x1A, 0xB5, 0x8F, 0xE6, 0xBD, 0xE6, 0x9D, 0xEA, 0xBE, 0xAD, 0x2E,
    0xA9, 0x2B, 0xAD, 0x2C, 0xA4, 0xEB, 0xB1, 0x4E, 0xAD, 0x0C, 0xAC, 0xEE, 0xE2, 0x9B, 0xD6, 0x38,
    0xB5, 0x4F, 0xB5, 0x4F, 0xF3, 0x1F, 0xDE, 0x9A, 0xF2, 0xFF, 0xF7, 0x1F, 0xEA, 0xDD, 0xE2, 0x9B,
    0xE6, 0x9B, 0xDA, 0x59, 0xE2, 0x9B, 0xEA, 0xBC, 0xD6, 0x37, 0xD2, 0x16, 0xCE, 0x16, 0xC9, 0xD4,
    0xC9, 0xF4, 0xC1, 0xB2, 0xBD, 0x91, 0xB0, 0xCF, 0xF7, 0x1F, 0xEE, 0xDE, 0xDE, 0x79, 0xEE, 0xDD,
    0xF2, 0xFF, 0xDA, 0x58, 0xE2, 0x7A, 0xE2, 0x9B, 0xE6, 0xBC, 0xDE, 0x7A, 0xE2, 0x9B, 0xCD, 0xF5,
    0xF2, 0xDF, 0xC5, 0xD3, 0xCD, 0xF6, 0xE2, 0x9B, 0xF6, 0xFF, 0xEA, 0xBD, 0x90, 0x25, 0xF2, 0xFE,
    0xC9, 0xD3, 0xB5, 0x4E, 0xFB, 0x3F, 0xF7, 0x1F, 0xFB, 0x3F, 0xFB, 0x3F, 0xFB, 0x3F, 0xFF, 0x3F,
    0xFF, 0x3F, 0xF6, 0xDE, 0xE6, 0x1A, 0xC0, 0xB1, 0xB4, 0x6E, 0xFF, 0x5F, 0xFF, 0x5F, 0xFF, 0xBF,
    0xFF, 0x7F, 0xB1, 0x4C, 0xB5, 0x6D, 0x98, 0xA6, 0xD9, 0x0F, 0xD0, 0x23, 0xE4, 0x22, 0xA4, 0x00,
};

static inline s32 memcardPollResult(void)
{
    s32 result = lbl_8047B3D4->card_result;

    if (result != CARD_RESULT_BUSY) {
        return result;
    }
    result = CARDGetResultCode(lbl_8047B3D4->card_channel);
    lbl_8047B3D4->card_result = result;
    return result;
}

static inline void memcardSetRequestResult(s32 result)
{
    if (result == CARD_RESULT_READY) {
        result = CARDGetResultCode(lbl_8047B3D4->card_channel);
    }
    lbl_8047B3D4->card_result = result;
}

static inline s32 memcardAsk(s32 error, s32 resume_state)
{
    lbl_8047B3D4->error_code = error;
    lbl_8047B3D4->resume_state = resume_state;
    return 0x30;
}


static inline s32 memcardSaveOffset(s32 slot)
{
    return slot * 0x1E000 + 0x6000;
}

static inline s32 memcardCheckIconFile(void)
{
    u32 checksum = 0;
    MemcardIconFile* file;
    u32 i;
    s32 result = memcardPollResult();

    switch (result) {
    case CARD_RESULT_BUSY:
        return 27;
    case CARD_RESULT_READY:
        file = (MemcardIconFile*)lbl_8047B3D4->work_buffer;
        for (i = 0; i < 0xE90; i++) {
            checksum += ((u32*)file)[i];
        }
        if (checksum != file->checksum) {
            lbl_8047B3D4->format_requested = 1;
        }
        return 28;
    }
    lbl_8047B3D4->error_code = result;
    return 0x2B;
}

/* RULE-EXCEPTION(title-path): single-use helper with an out-parameter,
 * only for register allocation — see docs/RULE_EXCEPTIONS.md. Retail stores
 * the polled result from the caller's own register (r30) in the last-write
 * check, keeping the early-return branch shape of memcardPollResult. */
static inline s32 memcardPollResultInto(s32* result)
{
    *result = lbl_8047B3D4->card_result;
    if (*result != CARD_RESULT_BUSY) {
        return *result;
    }
    *result = CARDGetResultCode(lbl_8047B3D4->card_channel);
    lbl_8047B3D4->card_result = *result;
    return *result;
}

static inline s32 memcardCheckLastWrite(void)
{
    s32 status;
    s32 result;

    switch (memcardPollResultInto(&result)) {
    case CARD_RESULT_BUSY:
        lbl_8047B3D4->write_ticks--;
        if (lbl_8047B3D4->field_3d == 0) {
            if (fn_8008ABA0(2) == 0) {
                CARDCancel(&lbl_8047B3D4->file_info);
                return 0x2B;
            }
            if ((s32)lbl_8047B3D4->write_ticks < 3) {
                if (fn_80089D74(2) != 0) {
                    CARDCancel(&lbl_8047B3D4->file_info);
                    return 0x2B;
                }
                lbl_8047B3D4->field_3d = 1;
            }
        }
        return 42;
    case CARD_RESULT_READY:
        if (lbl_8047B3D4->field_3d == 0) {
            fn_80089D74(2);
        }
        status = gamedatasaveGetStatus(savedataGetStatus(NULL, 1), 4);
        gamedatasaveSetStatus(savedataGetStatus(NULL, 1), 4, status + 1);
        lbl_8047B3D4->error_code = 0;
        lbl_8047B3D4->task_result = 4;
        if (lbl_8047B3D4->format_requested != 0) {
            return 17;
        }
        return 0x2C;
    }
    fn_80072A00(1);
    lbl_8047B3D4->error_code = result;
    return 0x2B;
}

static inline s32 memcardEndAccess(void)
{
    u64 serial;

    if (lbl_8047B3D4->dialog_result != 0) {
        if (fn_800057A8() == 4) {
            fn_800B01C4(lbl_8047B3D4->card_channel, lbl_8047B3D4->disk_id);
        }
        CARDGetSerialNo(lbl_8047B3D4->card_channel, &serial);
        CARDClose(&lbl_8047B3D4->file_info);
        lbl_8047B3D4->dialog_result = 0;
    }
    CARDUnmount(lbl_8047B3D4->card_channel);
    fn_800056C4(lbl_8047B3D4->initial_dialog_result);
    if (lbl_8047B3D4->callback_finished != 0) {
        return 0;
    }
    switch (lbl_8047B3D4->task_kind) {
    case 3:
    case 8:
        return 0x32;
    }
    switch (lbl_8047B3D4->task_result) {
    case 1:
    case 2:
    case 3:
    case 4:
        /* serial is only set when a file was open; retail reads it regardless. */
        lbl_8047B3D4->card_serial = serial;
        lbl_8047B3D4->serial_check_enabled = 1;
        break;
    }
    return memcardAsk(lbl_8047B3D4->error_code, 45);
}

static inline s32 memcardCheckCard(void)
{
    u64 serial;
    s32 result = memcardPollResult();

    if (lbl_8047B3D4->sector_size != 0x2000) {
        result = CARD_RESULT_BROKEN;
    }
    switch (result) {
    case CARD_RESULT_BUSY:
        return 5;
    case CARD_RESULT_READY:
        switch (lbl_8047B3D4->task_kind) {
        case 3:
        case 9:
        case 11:
            break;
        default:
            if (lbl_8047B3D4->serial_check_enabled) {
                CARDGetSerialNo(lbl_8047B3D4->card_channel, &serial);
                if (serial != lbl_8047B3D4->card_serial) {
                    lbl_8047B3D4->error_code = 0x10;
                    return 0x2B;
                }
            }
            break;
        }
        return 9;
    case CARD_RESULT_BROKEN:
    case CARD_RESULT_ENCODING:
        switch (lbl_8047B3D4->task_kind) {
        case 1:
        case 9:
            return memcardAsk(7, 6);
        }
        break;
    }
    lbl_8047B3D4->error_code = result;
    return 0x2B;
}

static inline s32 memcardCheckWrite(void)
{
    s32 status;
    s32 result = memcardPollResult();

    lbl_8047B3D4->write_ticks++;
    switch (result) {
    case CARD_RESULT_BUSY:
        return 39;
    case CARD_RESULT_READY:
        switch (lbl_8047B3D4->task_kind) {
        case 8:
            lbl_8047B3D4->resume_state = 40;
            return 0x31;
        case 1:
        case 2:
        case 3:
            lbl_8047B3D4->error_code = 0x12;
            lbl_8047B3D4->task_result = 3;
            break;
        case 4:
        case 9:
        case 10:
        case 11:
            status = gamedatasaveGetStatus(savedataGetStatus(NULL, 1), 4);
            gamedatasaveSetStatus(savedataGetStatus(NULL, 1), 4, status + 1);
            /* fallthrough */
        default:
            lbl_8047B3D4->error_code = 10;
            lbl_8047B3D4->task_result = 4;
            break;
        }
        if (lbl_8047B3D4->format_requested != 0) {
            return 17;
        }
        return 0x2C;
    }
    lbl_8047B3D4->error_code = result;
    return 0x2B;
}

static inline s32 memcardBeginHeaderRead(void)
{
    lbl_8047B3D4->serial_hi = 0;
    lbl_8047B3D4->field_20 = 0;
    switch (lbl_8047B3D4->task_kind) {
    case 1:
    case 2:
        if (lbl_8047B3D4->format_requested != 0) {
            lbl_8047B3D4->error_code = 5;
            break;
        }
        /* fallthrough */
    case 3:
    case 8:
        return 29;
    default:
        lbl_8047B3D4->error_code = 2;
        break;
    }
    lbl_8047B3D4->resume_state = 29;
    return 0x30;
}

static inline s32 memcardFinishTask(void)
{
    switch (lbl_8047B3D4->task_kind) {
    case 4:
    case 5:
    case 6:
    case 7:
    case 9:
    case 10:
    case 11:
    case 13:
        if (lbl_8047B3D4->task_result != 4) {
            return memcardAsk(0xF, 0x32);
        }
        break;
    case 1:
        if (lbl_8047B3D4->task_result == -1) {
            switch (lbl_8047B3D4->next_state_after_delay) {
            case 7:
                lbl_8047B3D4->error_code = 13;
                break;
            case 13:
                lbl_8047B3D4->error_code = 14;
                break;
            default:
                return 46;
            }
            lbl_8047B3D4->resume_state = 46;
            return 0x30;
        }
        break;
    }
    return 0x32;
}

static inline void memcardSetSaveId(void* data, u64 serial)
{
    gamedatasaveBiosSetMemcardID(gamedatasaveBiosGetPtr(savedataGetStatus(data, 1)), serial);
}

static inline void memcardFillRandom(u8* random, s32 count)
{
    while (count-- != 0) {
        *random++ = fn_800E0C54();
    }
}

static inline void SHA1Update(FieldSha1Context* context, const u8* data, u32 len)
{
    u32 i;
    u32 j;

    j = (context->count[0] >> 3) & 63;
    if ((context->count[0] += len << 3) < (len << 3)) {
        context->count[1]++;
    }
    context->count[1] += (len >> 29);
    if ((j + len) > 63) {
        memcpy(&context->buffer[j], data, (i = 64 - j));
        fn_801CC380(context->state, context->buffer);
        for (; i + 63 < len; i += 64) {
            fn_801CC380(context->state, &data[i]);
        }
        j = 0;
    } else {
        i = 0;
    }
    memcpy(&context->buffer[j], &data[i], len - i);
}

void fn_801D0A30(void)
{
    u32 offset;

    if (lbl_8047B3D0 == 0) {
        CARDInit();
        offset = _fadeEffectGetRandom__FUl(0x100) & ~7;
        lbl_8047B3D4 = (MemcardTaskState*)((u8*)sRandomArea + offset);
        lbl_8047B3D4->task_kind = 0;
        lbl_8047B3D4->work_buffer = NULL;
        lbl_8047B3D4->card_work_area = NULL;
        lbl_8047B3D4->field_2c = 0;
        lbl_8047B3D0 = 1;
    }
}

s32 fn_801D0748(s32 task_kind, s32 card_work_size, s32 card_channel)
{
    s32 result;

    fn_801D055C(task_kind, card_work_size, card_channel);

    do {
        _threadSwitch();
        result = memcardGetTaskResult();
    } while (result == 0);

    fn_801D039C();
    return result;
}

void fn_801D055C(s32 task_kind, s32 card_work_size, s32 card_channel)
{
    if (lbl_8047B3D4->task_kind != 0) {
        do {
            _threadSwitch();
        } while (memcardGetTaskResult() == 0);
        fn_801D039C();
    }

    if (card_work_size == 0) {
        card_work_size = 2;
    }

    lbl_8047B3D4->task_kind = task_kind;
    lbl_8047B3D4->card_channel = card_channel;
    lbl_8047B3D4->card_work_size = card_work_size;
    lbl_8047B3D4->task_result = 0;
    lbl_8047B3D4->state = 0;
    lbl_8047B3D4->error_code = 0;
    lbl_8047B3D4->dialog_result = 0;

    fn_800E2C04(0x1E600, 0x20);
    lbl_8047B3D4->work_buffer = fn_800E27B0();
    fn_800E2C04(0xA000, 0x20);
    lbl_8047B3D4->card_work_area = fn_800E27B0();
    lbl_8047B3D4->gapp = GSgappCreate(1, 0x17, NULL, fn_801CDB04);
    lbl_8047B3D4->savedata_status = savedataGetStatus(0, 0);
}

s32 memcardGetTaskResult(void)
{
    if (lbl_8047B3D4->state == 0x30) {
        lbl_8047B3D4->error_code = (u8)fn_801D0090(lbl_8047B3D4->error_code);
        lbl_8047B3D4->state = lbl_8047B3D4->resume_state;
    }

    if (lbl_8047B3D4->state != 0x32) {
        return 0;
    }
    return lbl_8047B3D4->task_result;
}

u8 fn_801D04E8(void)
{
    return lbl_8047B3D4->serial_check_enabled;
}

u8 fn_801D04D0(void)
{
    return lbl_8047B3D4->state == 0x31;
}

void fn_801D046C(u8 resume)
{
    if (lbl_8047B3D4->state == 0x31 && resume != 0) {
        lbl_8047B3D4->state = lbl_8047B3D4->resume_state;
        lbl_8047B3D4->random_delay = _fadeEffectGetRandom__FUl(0x3C);
    } else {
        lbl_8047B3D4->error_code = 0xF;
        lbl_8047B3D4->state = 0x2B;
    }
}

void fn_801D039C(void)
{
    if (lbl_8047B3D4->task_kind != 0) {
        if (lbl_8047B3D4->task_kind != 8) {
            winMsgClose(1);
        }

        GSgappTerminate(lbl_8047B3D4->gapp);

        lbl_8047B3D4->card_work_area = fn_801D0314(lbl_8047B3D4->card_work_area);
        lbl_8047B3D4->work_buffer = fn_801D0314(lbl_8047B3D4->work_buffer);
    }

    lbl_8047B3D4->task_kind = 0;
}

void fn_801D036C(void)
{
    fn_800E2C04(0x1DFD0, 0x20);
    fn_800E27B0();
}

void* fn_801D0314(void* ptr)
{
    void* aligned = fn_800E202C(ptr);

    fn_800E24B0();
    if (fn_800E209C(aligned) == 0) {
        return NULL;
    }
    return ptr;
}

u8 fn_801D0090(s32 error)
{
    u32 message;
    u8 ask;
    s32 initial;

    ask = 0;
    switch (error) {
    case 0:
        return 0;
    case 1:
        message = 0x3C29;
        break;
    case 2:
        switch (lbl_8047B3D4->task_kind) {
        case 5:
        case 6:
        case 7:
        case 13:
            message = 0x3C2C;
            break;
        default:
            message = 0x3C04;
            break;
        }
        break;
    case 3:
        message = 0x3BFB;
        break;
    case 4:
        message = 0x3C55;
        break;
    case 5:
        message = 0x4421;
        break;
    case 6:
        message = 0x3BFA;
        ask = 1;
        initial = 0;
        break;
    case 7:
        message = 0x3C33;
        ask = 1;
        initial = 0;
        break;
    case 8:
        message = 0x3D45;
        ask = 1;
        initial = 1;
        break;
    case 9:
        message = 0x3C57;
        break;
    case 10:
        switch (lbl_8047B3D4->task_kind) {
        case 5:
        case 6:
        case 7:
        case 13:
            message = 0x3C2E;
            break;
        default:
            message = 0x3C06;
            break;
        }
        break;
    case 11:
        message = 0x3BFD;
        break;
    case 12:
        message = 0x44E5;
        break;
    case 13:
        message = 0x3D43;
        break;
    case 14:
        message = 0x44D8;
        break;
    case 15:
        switch (lbl_8047B3D4->task_kind) {
        case 5:
        case 6:
        case 7:
        case 13:
            message = 0x44D8;
            break;
        default:
            message = 0x4444;
            break;
        }
        break;
    case 16:
        message = 0x3C34;
        break;
    case 17:
        message = 0x4422;
        if (lbl_8047B3D4->task_kind != 2) {
            winMsgOpen((s8)lbl_8047B3D4->card_work_size, message, 1, 1);
            message = 0x44E4;
        }
        break;
    case 18:
        message = 0x4423;
        break;
    case -2:
        message = 0x3C5D;
        break;
    case -3:
        message = 0x3C32;
        break;
    case -4:
        message = 0x3C31;
        break;
    case -5:
        message = 0x3C5B;
        break;
    case -6:
    case -13:
        switch (lbl_8047B3D4->task_kind) {
        case 1:
        case 2:
            message = 0x4424;
            if (lbl_8047B3D4->next_state_after_delay == 0x32) {
                break;
            }
            /* fall through */
        default:
            message = 0x3C30;
            break;
        }
        break;
    case -8:
    case -9:
        message = 0x3C5F;
        msgctrlSetValue(0x2F, 0x30);
        break;
    case 19:
        message = 0x3C30;
        break;
    default:
        message = 0x3C30;
        break;
    }

    winMsgOpen((s8)lbl_8047B3D4->card_work_size, message, 1, 1);
    if (ask && menuSubOpenYesNo(0, 0x3C, 0xAA, initial)) {
        ask = 0;
    }
    return ask;
}

void fn_801D0080(s32 chan, s32 result)
{
    lbl_8047B3D4->callback_finished = 1;
}

s32 fn_801CFD08(void)
{
    s32 free_bytes;
    s32 free_file_count;
    MemcardFileStatus opened_status;
    MemcardFileStatus status;
    s32 file_no;
    s32 result;
    s32 channel;
    void* file_info;
    s32 error;
    u8 valid;

    CARDFreeBlocks(lbl_8047B3D4->card_channel, &free_bytes,
                   &free_file_count);

    channel = lbl_8047B3D4->card_channel;
    file_info = &lbl_8047B3D4->file_info;
    for (file_no = 0; file_no < 0x7F; file_no++) {
        result = fn_800B4488(channel, file_no, file_info);
        if (result == 0) {
            result = fn_800B5530(channel, file_no, &status);
            if (result != 0) {
                goto invalid_file;
            }
            switch (fn_800057A0()) {
            case 0:
                if (strcmp(status.file_name, "pokemon_colosseum") != 0 ||
                    status.game_code != *(u32*)"GC6J" ||
                    status.company_code != *(u16*)"01")
                {
                    goto invalid_file;
                }
                valid = 1;
                goto file_checked;
            case 1:
                if (strcmp(status.file_name, "pokemon_colosseum") != 0 ||
                    status.game_code != *(u32*)"GC6E" ||
                    status.company_code != *(u16*)"01")
                {
                    goto invalid_file;
                }
                valid = 1;
                goto file_checked;
            case 2:
                if (strcmp(status.file_name, "pokemon_colosseum") != 0 ||
                    status.game_code != *(u32*)"GC6E" ||
                    status.company_code != *(u16*)"01")
                {
                    goto invalid_file;
                }
                valid = 1;
                goto file_checked;
            default:
            invalid_file:
                valid = 0;
                break;
            }
        file_checked:
            if (valid != 0) {
                result = 0;
                goto scan_done;
            }
        }
    }

    if (result == 0) {
        result = -4;
    }

scan_done:
    error = result;
    switch (error) {
    case 0:
        lbl_8047B3D4->dialog_result = 1;
        if (fn_800057A8() == 4) {
            lbl_8047B3D4->disk_id = fn_800B01AC(lbl_8047B3D4->card_channel);
            lbl_8047B3D4->mounted_disk_id = *lbl_8047B3D4->disk_id;
            lbl_8047B3D4->mounted_disk_id.game_code = *(u32*)"GC6J";
            lbl_8047B3D4->mounted_disk_id.company_code = *(u16*)"01";
            fn_800B01C4(lbl_8047B3D4->card_channel,
                       &lbl_8047B3D4->mounted_disk_id);
        }

        error = fn_800B5530(lbl_8047B3D4->card_channel,
                           lbl_8047B3D4->file_info.file_no,
                           &opened_status);
        if (error != 0) {
            break;
        }
        if (opened_status.comment_address != 0xFFFFFFFF) {
            if (lbl_8047B3D4->task_kind == 12) {
                lbl_8047B3D4->error_code = 2;
                lbl_8047B3D4->resume_state = 11;
                return 0x30;
            }
            if (lbl_8047B3D4->task_kind == 3) {
                return 0x1C;
            }
            return 0x19;
        }
        free_bytes += 0x60000;
        free_file_count++;
        error = -4;
        /* fallthrough */
    case -4:
        switch (lbl_8047B3D4->task_kind) {
        case 1:
            if (free_bytes < 0x60000) {
                error = -9;
                break;
            }
            if (free_file_count < 1) {
                error = -8;
                break;
            }
            lbl_8047B3D4->error_code = 6;
            lbl_8047B3D4->resume_state = 10;
            return 0x30;
        case 9:
            lbl_8047B3D4->error_code = 2;
            lbl_8047B3D4->resume_state = 11;
            return 0x30;
        }
        break;
    }

    lbl_8047B3D4->error_code = error;
    return 0x2B;
}

s32 fn_801CF9C8(void)
{
    u64 card_id;
    s32 j;
    u32 checksum;
    s32 offset = 0x1E000;
    s32 header_count;
    s32 newest_index = -1;
    MemcardTaskState* task;
    u32* header;
    s32 valid;
    s32 i;
    u64 current_id;
    s32 newest_count = 0;

    for (i = 0; i < 3; i++) {
        task = lbl_8047B3D4;
        checksum = 0;
        for (j = 0; j < 8; j++) {
            checksum += ((u32*)((u8*)task->work_buffer + offset))[j];
        }
        if (checksum != 0) {
            task->error_code = 0x11;
            return 0x2B;
        }

        valid = 0;
        if (((u8*)task->work_buffer + offset)[0] == 1) {
            if (((u8*)task->work_buffer + offset)[1] == 1) {
                valid = 1;
            }
        }
        if (valid == 0) {
            task->error_code = 0x13;
            return 0x2B;
        }

        header_count = ((s32*)((u8*)task->work_buffer + offset))[1];
        if (header_count > newest_count) {
            newest_count = header_count;
            newest_index = i;
            if (header_count > (s32)task->serial_hi) {
                task->serial_hi = header_count;
            }
        }
        offset += 0x200;
    }

    lbl_8047B3D4->field_20 = newest_index;

    switch (lbl_8047B3D4->task_kind) {
    case 10:
    case 11: {
        void* work_buffer = lbl_8047B3D4->work_buffer;

        *(SavedataPayload*)((u8*)work_buffer + 8) =
            *(SavedataPayload*)savedataGetStatus(0, 0);
        lbl_8047B3D4->field_2c = lbl_8047B3D4->serial_hi;
        return 0x25;
    }

    case 1:
    case 2:
    case 3:
    case 5:
    case 7:
    case 9:
    case 13:
        if (newest_index == -1) {
            if ((s32)lbl_8047B3D4->serial_hi > 0) {
                switch (lbl_8047B3D4->task_kind) {
                case 9:
                    return 0xB;
                case 3:
                    break;
                default:
                    lbl_8047B3D4->error_code = 0x11;
                    return 0x2B;
                }
            }

            switch (lbl_8047B3D4->task_kind) {
            case 1:
            case 2:
            case 3:
                lbl_8047B3D4->error_code = 0xC;
                lbl_8047B3D4->task_result = 1;
                if (lbl_8047B3D4->format_requested != 0) {
                    return 0x11;
                }
                return 0x2C;
            default:
                break;
            }

            memset(lbl_8047B3D4->work_buffer, 0, 0x1E000);
            savedataCreate((u8*)lbl_8047B3D4->work_buffer + 8, 0);
            lbl_8047B3D4->field_2c = 0;
            lbl_8047B3D4->field_20 = -1;
            return 0x24;
        }
        return 0x20;

    case 4:
    case 6:
    case 8:
        if (newest_index != -1) {
            if (newest_count <= lbl_8047B3D4->field_2c) {
                {
                    u32* selected_header =
                        (u32*)((u8*)lbl_8047B3D4->work_buffer +
                               (newest_index * 0x200 + 0x1E000));
                    header = selected_header;
                }
                current_id = gamedatasaveBiosGetMemcardID(
                    gamedatasaveBiosGetPtr((void*)savedataGetStatus(0, 1)));
                card_id = gamedatasaveBiosGetMemcardID(
                    gamedatasaveBiosGetPtr(
                        (void*)savedataGetStatus(header + 2, 1)));
                if (current_id == card_id) {
                    if (lbl_8047B3D4->task_kind == 6) {
                        lbl_8047B3D4->field_20 = newest_index;
                        return 0x20;
                    }

                    {
                        void* work_buffer = lbl_8047B3D4->work_buffer;
                        SavedataPayload* destination =
                            (SavedataPayload*)((u8*)work_buffer + 8);

                        *destination = *(SavedataPayload*)savedataGetStatus(0, 0);
                    }
                    return 0x25;
                }
            }
        }
        /* fall through */

    default:
        lbl_8047B3D4->error_code = 0x13;
        return 0x2B;
    }
}

s32 fn_801CF7E4(void)
{
    u8* save;
    u32* header;
    u32 sum;
    s32 i;

    save = (u8*)lbl_8047B3D4->work_buffer;
    ((u32*)save)[3] = 0;
    if (fn_801CBCDC(save, 0x1DFD8, (u32*)(save + 0x1DFEC), 0x18)) {
        if (lbl_8047B3D4->task_kind != 3) {
            lbl_8047B3D4->field_2c = ((s32*)save)[1];
            if ((s32)lbl_8047B3D4->serial_hi > lbl_8047B3D4->field_2c) {
                lbl_8047B3D4->field_2c = lbl_8047B3D4->serial_hi;
                lbl_8047B3D4->error_code = 5;
                switch (lbl_8047B3D4->task_kind) {
                case 1:
                case 2:
                    *(SavedataPayload*)lbl_8047B3D4->savedata_status =
                        *(SavedataPayload*)(save + 8);
                    lbl_8047B3D4->resume_state = 0x25;
                    break;
                default:
                    lbl_8047B3D4->resume_state = 0x24;
                    break;
                }
                return 0x30;
            }
        }
        switch (lbl_8047B3D4->task_kind) {
        case 1:
        case 2:
        case 3:
            *(SavedataPayload*)lbl_8047B3D4->savedata_status =
                *(SavedataPayload*)(save + 8);
            lbl_8047B3D4->error_code = 0xC;
            lbl_8047B3D4->task_result = 3;
            if (lbl_8047B3D4->format_requested != 0) {
                return 0x11;
            }
            return 0x2C;
        }
        return 0x24;
    }

    header = (u32*)((u8*)lbl_8047B3D4->work_buffer +
                    (lbl_8047B3D4->field_20 * 0x200 + 0x1E000));
    header[1] = 0;
    header[3] = 0;
    sum = 0;
    for (i = 0; i < 8; i++) {
        sum += header[i];
    }
    header[3] = -sum;
    return 0x1F;
}

s32 fn_801CF568(void)
{
    SavedataBlock temporary;
    SavedataBody* savedata = &lbl_8047B3D4->work_buffer->savedata;
    SavedataBlock* status1;
    SavedataBlock* status2;
    SavedataBlock* status14;
    SavedataBlock* default_status14;
    void* hero_status13;
    void* hero_status14;

    status1 = savedataGetStatus(savedata, 1);
    status2 = savedataGetStatus(savedata, 2);
    status14 = savedataGetStatus(savedata, 14);
    default_status14 = savedataGetStatus(NULL, 14);

    switch (lbl_8047B3D4->task_kind) {
    case 9:
        temporary = *status14;
        *savedata = *(SavedataBody*)savedataGetStatus(NULL, 0);
        *status14 = temporary;
        *lbl_8047B3D4->savedata_status = *savedata;
        break;
    case 5:
        fn_8006AF44(status14, default_status14->field_B328);
        break;
    case 13:
        memcpy(status14->field_C9DC, default_status14->field_C9DC, 0x1F8);
        break;
    case 6:
        hero_status13 = heroGetStatus(NULL, 13, 0);
        heroSetStatus(status2, 13, hero_status13);
        hero_status14 = heroGetStatus(NULL, 14, 0);
        heroSetStatus(status2, 14, hero_status14);
        *status14 = *(SavedataBlock*)savedataGetStatus(NULL, 14);
        break;
    }

    gamedatasaveSetStatus(status1, 9,
                          (u8)gamedatasaveGetStatus(NULL, 9));
    gamedatasaveSetStatus(status1, 10,
                          (u8)gamedatasaveGetStatus(NULL, 10));
    return 37;
}

s32 fn_801CF320(void)
{
    u64 serial;
    MemcardSaveBuffer* save;
    void* data;
    s32 status;

    CARDGetSerialNo(lbl_8047B3D4->card_channel, &serial);
    memcardSetSaveId(NULL, serial);

    lbl_8047B3D4->field_2c++;
    lbl_8047B3D4->field_20 = (lbl_8047B3D4->field_20 + 1) % 3;

    save = (MemcardSaveBuffer*)lbl_8047B3D4->work_buffer;
    save->header.fields.valid = 1;
    save->header.fields.initialized = 1;
    save->header.fields.field_02 = 0;
    save->header.fields.field_03 = 0;
    save->header.fields.save_count = lbl_8047B3D4->field_2c;

    memcardSetSaveId(save->header.fields.savedata, serial);

    switch (lbl_8047B3D4->task_kind) {
    case 9:
        data = savedataGetStatus(save->header.fields.savedata, 14);
        if (fn_8006A718(save->header.fields.savedata) == 1) {
            fn_8006AF44(data, NULL);
        }
        /* fallthrough */
    case 4:
    case 8:
    case 10:
    case 11:
        status = gamedatasaveGetStatus(
            savedataGetStatus(save->header.fields.savedata, 1), 4);
        gamedatasaveSetStatus(
            savedataGetStatus(save->header.fields.savedata, 1), 4,
            status + 1);
        break;
    }

    save->field_20 = 0;
    for (status = 0xC0; status != 0; status--) {
    }

    save->header.words[3] = 0;
    fn_801CBE44((u8*)save, 0x1DFD8, save->hash, sizeof(save->hash));

    status = save->header.words[0];
    status += save->header.words[1];
    status += save->header.words[2];
    status += save->header.words[3];
    status += save->header.words[4];
    status += save->header.words[5];
    status += save->header.words[6];
    status += save->header.words[7];
    save->header.words[3] = -status;

    memcardFillRandom(save->random, 20);

    if (lbl_8047B3D4->task_kind == 10) {
        save->header.words[6]++;
    }

    return 38;
}

void fn_801CDB04(void)
{
    s32 next;
    s32 result;
    s32 status;

    do {
        switch (lbl_8047B3D4->state) {
        case 0:
            lbl_8047B3D4->card_result = 0;
            lbl_8047B3D4->next_state_after_delay = 0x32;
            lbl_8047B3D4->format_requested = 0;
            lbl_8047B3D4->initial_dialog_result = fn_800056D4();
            lbl_8047B3D4->callback_finished = 0;
            fn_800056C4(lbl_8047B3D4->initial_dialog_result);
            switch (lbl_8047B3D4->task_kind) {
            case 1:
            case 2:
                lbl_8047B3D4->serial_check_enabled = 0;
                break;
            case 4:
                if (gamedatasaveGetStatus(NULL, 4) == 0) {
                    lbl_8047B3D4->task_kind = 9;
                }
                break;
            }
            lbl_8047B3D4->retry_count = 0;
            lbl_8047B3D4->state = 1;
            break;

        case 1:
            status = CARDProbeEx(lbl_8047B3D4->card_channel, &lbl_8047B3D4->mem_size,
                                 &lbl_8047B3D4->sector_size);
            memcardSetRequestResult(status);
            switch (status) {
            case CARD_RESULT_BUSY:
                next = 1;
                break;
            case CARD_RESULT_READY:
                next = 2;
                break;
            default:
                if (lbl_8047B3D4->retry_count++ < 6) {
                    lbl_8047B3D4->card_result = CARD_RESULT_BUSY;
                    next = 1;
                } else {
                    lbl_8047B3D4->error_code = status;
                    next = 0x2B;
                }
                break;
            }
            lbl_8047B3D4->state = next;
            break;

        case 2:
            memcardSetRequestResult(CARDMountAsync(lbl_8047B3D4->card_channel,
                                                   lbl_8047B3D4->card_work_area,
                                                   fn_801D0080, NULL));
            lbl_8047B3D4->state = 3;
            break;

        case 3:
            result = memcardPollResult();
            switch (result) {
            case CARD_RESULT_BUSY:
                next = 3;
                break;
            case CARD_RESULT_READY:
            case CARD_RESULT_BROKEN:
            case CARD_RESULT_ENCODING:
                next = 4;
                break;
            default:
                lbl_8047B3D4->error_code = result;
                next = 0x2B;
                break;
            }
            lbl_8047B3D4->state = next;
            break;

        case 4:
            memcardSetRequestResult(CARDCheckAsync(lbl_8047B3D4->card_channel, NULL));
            lbl_8047B3D4->state = 5;
            break;

        case 5:
            lbl_8047B3D4->state = memcardCheckCard();
            break;

        case 6:
            if ((u8)lbl_8047B3D4->error_code != 0) {
                CARDFormatAsync(lbl_8047B3D4->card_channel, NULL);
                if (lbl_8047B3D4->callback_finished != 0) {
                    lbl_8047B3D4->error_code = 0;
                    next = 0x2B;
                } else {
                    lbl_8047B3D4->next_state_after_delay = 7;
                    next = memcardAsk(4, 7);
                }
            } else {
                lbl_8047B3D4->error_code = 0;
                next = 0x2B;
            }
            lbl_8047B3D4->state = next;
            break;

        case 7:
            fn_800056D4();
            result = CARDFormatAsync(lbl_8047B3D4->card_channel, NULL);
            if (lbl_8047B3D4->callback_finished != 0) {
                lbl_8047B3D4->error_code = result;
                next = 0x2B;
            } else {
                memcardSetRequestResult(result);
                next = 8;
            }
            lbl_8047B3D4->state = next;
            break;

        case 8:
            result = memcardPollResult();
            switch (result) {
            case CARD_RESULT_BUSY:
                next = 8;
                break;
            case CARD_RESULT_READY:
                fn_800056C4(lbl_8047B3D4->initial_dialog_result);
                lbl_8047B3D4->next_state_after_delay = 0x32;
                next = memcardAsk(9, 9);
                break;
            default:
                lbl_8047B3D4->error_code = result;
                next = 0x2B;
                break;
            }
            lbl_8047B3D4->state = next;
            break;

        case 9:
            lbl_8047B3D4->state = fn_801CFD08();
            break;

        case 10:
            if (lbl_8047B3D4->error_code == 0) {
                lbl_8047B3D4->error_code = 0;
                next = 0x2B;
            } else {
                lbl_8047B3D4->error_code = 3;
                lbl_8047B3D4->next_state_after_delay = 13;
                lbl_8047B3D4->resume_state = 11;
                next = 0x30;
            }
            lbl_8047B3D4->state = next;
            break;

        case 11:
            fn_800056D4();
            memcardSetRequestResult(CARDDeleteAsync(lbl_8047B3D4->card_channel,
                                                    "pokemon_colosseum", NULL));
            lbl_8047B3D4->state = 12;
            break;

        case 12:
            result = memcardPollResult();
            switch (result) {
            case CARD_RESULT_BUSY:
                next = 12;
                break;
            case CARD_RESULT_READY:
            case CARD_RESULT_NOFILE:
                if (lbl_8047B3D4->task_kind == 12) {
                    lbl_8047B3D4->error_code = 10;
                    next = 0x2B;
                } else {
                    next = 13;
                }
                break;
            default:
                lbl_8047B3D4->error_code = result;
                next = 0x2B;
                break;
            }
            lbl_8047B3D4->state = next;
            break;

        case 13:
            memcardSetRequestResult(CARDCreateAsync(lbl_8047B3D4->card_channel,
                                                    "pokemon_colosseum", 0x60000,
                                                    &lbl_8047B3D4->file_info, NULL));
            lbl_8047B3D4->state = 14;
            break;

        case 14:
            result = memcardPollResult();
            switch (result) {
            case CARD_RESULT_BUSY:
                next = 14;
                break;
            case CARD_RESULT_READY:
                lbl_8047B3D4->dialog_result = 1;
                next = 15;
                break;
            default:
                lbl_8047B3D4->error_code = result;
                next = 0x2B;
                break;
            }
            lbl_8047B3D4->state = next;
            break;

        case 15: {
            u8 attributes;

            CARDGetAttributes(lbl_8047B3D4->card_channel, lbl_8047B3D4->file_info.file_no,
                              &attributes);
            attributes |= 0x18;
            memcardSetRequestResult(fn_800B5BE4(lbl_8047B3D4->card_channel,
                                                lbl_8047B3D4->file_info.file_no, attributes,
                                                NULL));
            lbl_8047B3D4->state = 16;
            break;
        }

        case 16:
            result = memcardPollResult();
            switch (result) {
            case CARD_RESULT_BUSY:
                next = 16;
                break;
            case CARD_RESULT_READY:
                next = 17;
                break;
            default:
                lbl_8047B3D4->error_code = result;
                next = 0x2B;
                break;
            }
            lbl_8047B3D4->state = next;
            break;

        case 17: {
            MemcardIconFile* file = (MemcardIconFile*)lbl_8047B3D4->work_buffer;
            u32 i;

            memset(file, 0, 0x6000);
            strcpy(file->title, "POK\xE9MON COLOSSEUM");
            strcpy(file->comment, "SAVE FILE");
            memcpy(file->banner, sMemcardBanner, sizeof(sMemcardBanner));
            memcpy(file->icon, sMemcardIcon, sizeof(sMemcardIcon));
            for (i = 0; i < 0xE90; i++) {
                file->checksum += ((u32*)file)[i];
            }
            lbl_8047B3D4->state = 18;
            break;
        }

        case 18:
            memcardSetRequestResult(CARDWriteAsync(&lbl_8047B3D4->file_info,
                                                   lbl_8047B3D4->work_buffer,
                                                   lbl_8047B3D4->format_requested != 0 ? 0x4000
                                                                                       : 0x6000,
                                                   0, NULL));
            lbl_8047B3D4->state = 19;
            break;

        case 19:
            result = memcardPollResult();
            switch (result) {
            case CARD_RESULT_BUSY:
                next = 19;
                break;
            case CARD_RESULT_READY:
                if (lbl_8047B3D4->format_requested != 0) {
                    next = 0x2C;
                } else {
                    next = 20;
                }
                break;
            default:
                lbl_8047B3D4->error_code = result;
                next = 0x2B;
                break;
            }
            lbl_8047B3D4->state = next;
            break;

        case 20: {
            MemcardSaveHeader* header = (MemcardSaveHeader*)lbl_8047B3D4->work_buffer;
            u32 sum;
            s32 i;

            memset(header, 0, 0x2000);
            header->fields.valid = 1;
            header->fields.initialized = 1;
            header->fields.field_02 = 0;
            header->fields.field_03 = 0;
            sum = 0;
            for (i = 0; i < 8; i++) {
                sum += header->words[i];
            }
            header->words[3] = -sum;
            lbl_8047B3D4->field_20 = 0;
            lbl_8047B3D4->state = 21;
            break;
        }

        case 21:
            memcardSetRequestResult(CARDWriteAsync(&lbl_8047B3D4->file_info,
                                                   lbl_8047B3D4->work_buffer, 0x2000,
                                                   memcardSaveOffset(lbl_8047B3D4->field_20),
                                                   NULL));
            lbl_8047B3D4->state = 22;
            break;

        case 22:
            result = memcardPollResult();
            switch (result) {
            case CARD_RESULT_BUSY:
                next = 22;
                break;
            case CARD_RESULT_READY:
                if ((u32)++lbl_8047B3D4->field_20 < 3) {
                    next = 21;
                } else {
                    next = 23;
                }
                break;
            default:
                lbl_8047B3D4->error_code = result;
                next = 0x2B;
                break;
            }
            lbl_8047B3D4->state = next;
            break;

        case 23: {
            s32 i;

            result = fn_800B5530(lbl_8047B3D4->card_channel, lbl_8047B3D4->file_info.file_no,
                                 &lbl_8047B3D4->stat);
            if (result == CARD_RESULT_READY) {
                CARDSetCommentAddress(&lbl_8047B3D4->stat, 0);
                CARDSetIconAddress(&lbl_8047B3D4->stat, 0x40);
                CARDSetBannerFormat(&lbl_8047B3D4->stat, CARD_STAT_BANNER_RGB5A3);
                CARDSetIconAnim(&lbl_8047B3D4->stat, CARD_STAT_ANIM_LOOP);
                for (i = 0; i < 8; i++) {
                    CARDSetIconFormat(&lbl_8047B3D4->stat, i, CARD_STAT_ICON_C8);
                    CARDSetIconSpeed(&lbl_8047B3D4->stat, i, CARD_STAT_SPEED_MIDDLE);
                }
                memcardSetRequestResult(CARDSetStatusAsync(lbl_8047B3D4->card_channel,
                                                           lbl_8047B3D4->file_info.file_no,
                                                           &lbl_8047B3D4->stat, NULL));
                next = 24;
            } else {
                lbl_8047B3D4->error_code = result;
                next = 0x2B;
            }
            lbl_8047B3D4->state = next;
            break;
        }

        case 24:
            result = memcardPollResult();
            switch (result) {
            case CARD_RESULT_BUSY:
                next = 24;
                break;
            case CARD_RESULT_READY:
                if (lbl_8047B3D4->task_kind == 9) {
                    MemcardWorkBuffer* buffer = lbl_8047B3D4->work_buffer;

                    buffer->savedata = *(SavedataBody*)savedataGetStatus(NULL, 0);
                    lbl_8047B3D4->field_2c = 0;
                    lbl_8047B3D4->field_20 = -1;
                    next = 37;
                } else {
                    lbl_8047B3D4->error_code = 11;
                    lbl_8047B3D4->task_result = 2;
                    next = 0x2C;
                }
                break;
            default:
                lbl_8047B3D4->error_code = result;
                next = 0x2B;
                break;
            }
            lbl_8047B3D4->state = next;
            break;

        case 25:
            lbl_8047B3D4->state = 26;
            break;

        case 26:
            memcardSetRequestResult(fn_800B4C7C(&lbl_8047B3D4->file_info,
                                                lbl_8047B3D4->work_buffer, 0x4000, 0, NULL));
            lbl_8047B3D4->state = 27;
            break;

        case 27:
            lbl_8047B3D4->state = memcardCheckIconFile();
            break;

        case 28:
            lbl_8047B3D4->state = memcardBeginHeaderRead();
            break;

        case 30:
            result = memcardPollResult();
            switch (result) {
            case CARD_RESULT_BUSY:
                next = 34;
                break;
            case CARD_RESULT_READY:
                if ((u32)++lbl_8047B3D4->field_20 < 3) {
                    next = 29;
                } else {
                    next = 31;
                }
                break;
            default:
                lbl_8047B3D4->error_code = result;
                next = 0x2B;
                break;
            }
            lbl_8047B3D4->state = next;
            break;

        case 29:
            memcardSetRequestResult(fn_800B4C7C(&lbl_8047B3D4->file_info,
                                                (u8*)lbl_8047B3D4->work_buffer +
                                                    (lbl_8047B3D4->field_20 * 0x200 + 0x1E000),
                                                0x200, memcardSaveOffset(lbl_8047B3D4->field_20),
                                                NULL));
            lbl_8047B3D4->state = 30;
            break;

        case 31:
            lbl_8047B3D4->state = fn_801CF9C8();
            break;

        case 32:
            lbl_8047B3D4->state = 33;
            break;

        case 33:
            memcardSetRequestResult(fn_800B4C7C(&lbl_8047B3D4->file_info,
                                                lbl_8047B3D4->work_buffer, 0x1E000,
                                                memcardSaveOffset(lbl_8047B3D4->field_20),
                                                NULL));
            lbl_8047B3D4->state = 34;
            break;

        case 34:
            result = memcardPollResult();
            switch (result) {
            case CARD_RESULT_BUSY:
                next = 34;
                break;
            case CARD_RESULT_READY:
                next = 35;
                break;
            default:
                lbl_8047B3D4->error_code = result;
                next = 0x2B;
                break;
            }
            lbl_8047B3D4->state = next;
            break;

        case 35:
            lbl_8047B3D4->state = fn_801CF7E4();
            break;

        case 36:
            lbl_8047B3D4->state = fn_801CF568();
            break;

        case 37:
            lbl_8047B3D4->state = fn_801CF320();
            break;

        case 38: {
            s32 length = lbl_8047B3D4->task_kind == 8 ? 0x1C000 : 0x1E000;

            fn_800056D4();
            memcardSetRequestResult(CARDWriteAsync(&lbl_8047B3D4->file_info,
                                                   lbl_8047B3D4->work_buffer, length,
                                                   memcardSaveOffset(lbl_8047B3D4->field_20),
                                                   NULL));
            lbl_8047B3D4->write_ticks = 0;
            lbl_8047B3D4->state = 39;
            break;
        }

        case 39:
            lbl_8047B3D4->state = memcardCheckWrite();
            break;

        case 40:
            if (lbl_8047B3D4->random_delay-- != 0) {
                lbl_8047B3D4->card_result = CARD_RESULT_BUSY;
                next = 40;
            } else {
                lbl_8047B3D4->card_result = CARD_RESULT_READY;
                next = 41;
            }
            lbl_8047B3D4->state = next;
            break;

        case 41:
            if (fn_8008ABA0(2) == 0) {
                next = 0x2B;
            } else {
                memcardSetRequestResult(CARDWriteAsync(&lbl_8047B3D4->file_info,
                                                       (u8*)lbl_8047B3D4->work_buffer + 0x1C000,
                                                       0x2000,
                                                       memcardSaveOffset(lbl_8047B3D4->field_20) + 0x1C000,
                                                       NULL));
                lbl_8047B3D4->write_ticks /= 14;
                lbl_8047B3D4->field_3d = 0;
                next = 42;
            }
            lbl_8047B3D4->state = next;
            break;

        case 42:
            lbl_8047B3D4->state = memcardCheckLastWrite();
            break;

        case 43:
            lbl_8047B3D4->task_result = -1;
            lbl_8047B3D4->state = 0x2C;
            break;

        case 44:
            lbl_8047B3D4->state = memcardEndAccess();
            break;

        case 45:
            lbl_8047B3D4->state = memcardFinishTask();
            break;

        case 46:
            lbl_8047B3D4->state = memcardAsk(8, 47);
            break;

        case 47:
            if ((u8)lbl_8047B3D4->error_code != 0) {
                lbl_8047B3D4->task_result = 5;
            }
            lbl_8047B3D4->state = 0x32;
            break;

        case 48:
        case 49:
        case 50:
            return;
        }
    } while (lbl_8047B3D4->card_result != CARD_RESULT_BUSY);
}


typedef union SHA1Block {
    u8 bytes[64];
    u32 words[16];
} SHA1Block;

#define SHA1_ROTL(value, bits) \
    (((value) << (bits)) | ((value) >> (32 - (bits))))
#define SHA1_BLK0(i) (block->words[(i)])
#define SHA1_BLK(i) \
    (block->words[(i) & 15] = SHA1_ROTL(block->words[((i) + 13) & 15] ^ \
                                             block->words[((i) + 8) & 15] ^ \
                                             block->words[((i) + 2) & 15] ^ \
                                             block->words[(i) & 15], 1))
#define SHA1_R0(v, w, x, y, z, i) \
    z += ((w & (x ^ y)) ^ y) + SHA1_BLK0(i) + 0x5A827999 + SHA1_ROTL(v, 5); \
    w = SHA1_ROTL(w, 30)
#define SHA1_R1(v, w, x, y, z, i) \
    z += ((w & (x ^ y)) ^ y) + SHA1_BLK(i) + 0x5A827999 + SHA1_ROTL(v, 5); \
    w = SHA1_ROTL(w, 30)
#define SHA1_R2(v, w, x, y, z, i) \
    z += (w ^ x ^ y) + SHA1_BLK(i) + 0x6ED9EBA1 + SHA1_ROTL(v, 5); \
    w = SHA1_ROTL(w, 30)
#define SHA1_R3(v, w, x, y, z, i) \
    z += (((w | x) & y) | (w & x)) + SHA1_BLK(i) + 0x8F1BBCDC + \
         SHA1_ROTL(v, 5); \
    w = SHA1_ROTL(w, 30)
#define SHA1_R4(v, w, x, y, z, i) \
    z += (w ^ x ^ y) + SHA1_BLK(i) + 0xCA62C1D6 + SHA1_ROTL(v, 5); \
    w = SHA1_ROTL(w, 30)

void fn_801CC380(u32 state[5], const u8 input[64])
{
    u32 a;
    u32 b;
    u32 c;
    u32 d;
    u32 e;
    static u8 workspace[64];
    SHA1Block* block = (SHA1Block*) workspace;

    memcpy(block, input, 64);

    a = state[0];
    b = state[1];
    c = state[2];
    d = state[3];
    e = state[4];

    SHA1_R0(a, b, c, d, e, 0);
    SHA1_R0(e, a, b, c, d, 1);
    SHA1_R0(d, e, a, b, c, 2);
    SHA1_R0(c, d, e, a, b, 3);
    SHA1_R0(b, c, d, e, a, 4);
    SHA1_R0(a, b, c, d, e, 5);
    SHA1_R0(e, a, b, c, d, 6);
    SHA1_R0(d, e, a, b, c, 7);
    SHA1_R0(c, d, e, a, b, 8);
    SHA1_R0(b, c, d, e, a, 9);
    SHA1_R0(a, b, c, d, e, 10);
    SHA1_R0(e, a, b, c, d, 11);
    SHA1_R0(d, e, a, b, c, 12);
    SHA1_R0(c, d, e, a, b, 13);
    SHA1_R0(b, c, d, e, a, 14);
    SHA1_R0(a, b, c, d, e, 15);
    SHA1_R1(e, a, b, c, d, 16);
    SHA1_R1(d, e, a, b, c, 17);
    SHA1_R1(c, d, e, a, b, 18);
    SHA1_R1(b, c, d, e, a, 19);
    SHA1_R2(a, b, c, d, e, 20);
    SHA1_R2(e, a, b, c, d, 21);
    SHA1_R2(d, e, a, b, c, 22);
    SHA1_R2(c, d, e, a, b, 23);
    SHA1_R2(b, c, d, e, a, 24);
    SHA1_R2(a, b, c, d, e, 25);
    SHA1_R2(e, a, b, c, d, 26);
    SHA1_R2(d, e, a, b, c, 27);
    SHA1_R2(c, d, e, a, b, 28);
    SHA1_R2(b, c, d, e, a, 29);
    SHA1_R2(a, b, c, d, e, 30);
    SHA1_R2(e, a, b, c, d, 31);
    SHA1_R2(d, e, a, b, c, 32);
    SHA1_R2(c, d, e, a, b, 33);
    SHA1_R2(b, c, d, e, a, 34);
    SHA1_R2(a, b, c, d, e, 35);
    SHA1_R2(e, a, b, c, d, 36);
    SHA1_R2(d, e, a, b, c, 37);
    SHA1_R2(c, d, e, a, b, 38);
    SHA1_R2(b, c, d, e, a, 39);
    SHA1_R3(a, b, c, d, e, 40);
    SHA1_R3(e, a, b, c, d, 41);
    SHA1_R3(d, e, a, b, c, 42);
    SHA1_R3(c, d, e, a, b, 43);
    SHA1_R3(b, c, d, e, a, 44);
    SHA1_R3(a, b, c, d, e, 45);
    SHA1_R3(e, a, b, c, d, 46);
    SHA1_R3(d, e, a, b, c, 47);
    SHA1_R3(c, d, e, a, b, 48);
    SHA1_R3(b, c, d, e, a, 49);
    SHA1_R3(a, b, c, d, e, 50);
    SHA1_R3(e, a, b, c, d, 51);
    SHA1_R3(d, e, a, b, c, 52);
    SHA1_R3(c, d, e, a, b, 53);
    SHA1_R3(b, c, d, e, a, 54);
    SHA1_R3(a, b, c, d, e, 55);
    SHA1_R3(e, a, b, c, d, 56);
    SHA1_R3(d, e, a, b, c, 57);
    SHA1_R3(c, d, e, a, b, 58);
    SHA1_R3(b, c, d, e, a, 59);
    SHA1_R4(a, b, c, d, e, 60);
    SHA1_R4(e, a, b, c, d, 61);
    SHA1_R4(d, e, a, b, c, 62);
    SHA1_R4(c, d, e, a, b, 63);
    SHA1_R4(b, c, d, e, a, 64);
    SHA1_R4(a, b, c, d, e, 65);
    SHA1_R4(e, a, b, c, d, 66);
    SHA1_R4(d, e, a, b, c, 67);
    SHA1_R4(c, d, e, a, b, 68);
    SHA1_R4(b, c, d, e, a, 69);
    SHA1_R4(a, b, c, d, e, 70);
    SHA1_R4(e, a, b, c, d, 71);
    SHA1_R4(d, e, a, b, c, 72);
    SHA1_R4(c, d, e, a, b, 73);
    SHA1_R4(b, c, d, e, a, 74);
    SHA1_R4(a, b, c, d, e, 75);
    SHA1_R4(e, a, b, c, d, 76);
    SHA1_R4(d, e, a, b, c, 77);
    SHA1_R4(c, d, e, a, b, 78);
    SHA1_R4(b, c, d, e, a, 79);

    state[0] += a;
    state[1] += b;
    state[2] += c;
    state[3] += d;
    state[4] += e;
}

#undef SHA1_R4
#undef SHA1_R3
#undef SHA1_R2
#undef SHA1_R1
#undef SHA1_R0
#undef SHA1_BLK
#undef SHA1_BLK0
#undef SHA1_ROTL

void fn_801CBF64(u8 digest[20], FieldSha1Context* context)
{
    u32 i;
    u8 finalcount[8];

    for (i = 0; i < 8; i++) {
        finalcount[i] = (u8)((context->count[(i >= 4 ? 0 : 1)] >> ((3 - (i & 3)) * 8)) & 255);
    }
    SHA1Update(context, (const u8*)"\200", 1);
    while ((context->count[0] & 504) != 448) {
        SHA1Update(context, (const u8*)"\0", 1);
    }
    SHA1Update(context, finalcount, 8);
    for (i = 0; i < 20; i++) {
        digest[i] = (u8)((context->state[i >> 2] >> ((3 - (i & 3)) * 8)) & 255);
    }
    memset(context->buffer, 0, 64);
    memset(context->state, 0, 20);
    memset(context->count, 0, 8);
    memset(finalcount, 0, 8);
    fn_801CC380(context->state, context->buffer);
}

void fn_801CBE44(u8* data, u32 size, u8* hash, u32 offset)
{
    u32* block;
    u32* word;
    u32* key;
    const u32* digest;
    s32 i;

    fn_801CBBAC((u8*)sHash, data, size);
    digest = sHash;
    key = sKey;
    for (i = 5; i != 0; i--) {
        *key++ = ~*digest++;
    }

    block = (u32*)(data + offset);
    for (; offset < size; offset += 20) {
        key = sKey;
        word = block;
        for (i = 5; i != 0; i--) {
            *word++ ^= *key++;
        }
        fn_801CBBAC((u8*)sKey, (u8*)block, 20);
        block += 5;
    }
    memcpy(hash, sHash, 20);
}

u8 fn_801CBCDC(u8* data, u32 size, u32* expected, u32 offset)
{
    u32* block;
    u32* word;
    u32* key;
    u32* a;
    u32* b;
    s32 i;

    memcpy(sHash, expected, 20);
    key = sKey;
    for (i = 5; i != 0; i--) {
        *key++ = ~*expected++;
    }
    block = (u32*)(data + offset);
    for (; offset < size; offset += 20) {
        fn_801CBBAC((u8*)sDigest, (u8*)block, 20);
        key = sKey;
        word = block;
        for (i = 5; i != 0; i--) {
            *word++ ^= *key++;
        }
        memcpy(sKey, sDigest, 20);
        block += 5;
    }
    fn_801CBBAC((u8*)sKey, data, size);
    b = sHash;
    a = sKey;
    i = 5;
    while (i-- > 0) {
        if (*a++ != *b++) {
            return 0;
        }
    }
    return 1;
}


void fn_801CBBAC(u8 digest[20], const u8* input, u32 length)
{
    FieldSha1Context context;
    u32 index;
    u32 part_length;
    u32 i;
    const u8* current_input;

    context.state[0] = 0x67452301;
    context.state[1] = 0xEFCDAB89;
    context.state[2] = 0x98BADCFE;
    context.state[3] = 0x10325476;
    context.state[4] = 0xC3D2E1F0;
    context.count[0] = 0;
    context.count[1] = 0;

    index = (context.count[0] >> 3) & 0x3F;
    if ((context.count[0] += length << 3) < (length << 3)) {
        context.count[1]++;
    }
    context.count[1] += length >> 29;

    if (index + length > 63) {
        part_length = 64 - index;
        memcpy(&context.buffer[index], input, part_length);
        fn_801CC380(context.state, context.buffer);
        current_input = &input[part_length];
        for (i = part_length; i + 63 < length; i += 64) {
            fn_801CC380(context.state, current_input);
            current_input += 64;
        }
        index = 0;
    } else {
        i = 0;
    }
    memcpy(&context.buffer[index], &input[i], length - i);
    fn_801CBF64(digest, &context);
}
