#include "dolphin/types.h"

extern u8 HSD_AObjGetAllocData[];
extern u8 HSD_ChanGetAllocData[];
extern u8 HSD_DListGetAllocData[];
extern u8 HSD_FObjGetAllocData[];
extern u8 HSD_IDGetAllocData[];
extern u8 HSD_MtxGetAllocData[];
extern u8 HSD_RObjGetAllocData[];
extern u8 HSD_RenderGetAllocData[];
extern u8 HSD_RvalueObjGetAllocData[];
extern u8 HSD_SListGetAllocData[];
extern u8 HSD_ShadowGetAllocData[];
extern u8 HSD_TevRegGetAllocData[];
extern u8 HSD_VecGetAllocData[];
extern u8 WS_ABARERU[];
extern u8 WS_AKUBI[];
extern u8 WS_ALERTEND[];
extern u8 WS_CHECK_TYPE[];
extern u8 WS_CHIISAKUNARU[];
extern u8 WS_CHOUHATSU[];
extern u8 WS_CONDITION_CHECK[];
extern u8 WS_CRITICAL_CHECK[];
extern u8 WS_DAMAGE_LOSS[];
extern u8 WS_DAMAGE_LOSS_ONLY[];
extern u8 WS_GETEND[];
extern u8 WS_HIMITUNOTIKARA[];
extern u8 WS_HITCHECK[];
extern u8 WS_ICHAMON[];
extern u8 WS_ITEMEND[];
extern u8 WS_JIKOANJI[];
extern u8 WS_JUUDEN[];
extern u8 WS_KIERUTAME[];
extern u8 WS_KIERUTAME_AFTAR[];
extern u8 WS_KORAERU_CHECK[];
extern u8 WS_KUROIKIRI[];
extern u8 WS_MARUKUNARU[];
extern u8 WS_MICHIDURE[];
extern u8 WS_MIYABURU[];
extern u8 WS_NARIKIRI[];
extern u8 WS_NEKODAMASHI[];
extern u8 WS_NEWOHARU[];
extern u8 WS_ONNEN[];
extern u8 WS_SCA_END_SET[];
extern u8 WS_SEQEND[];
extern u8 WS_SEQRET[];
extern u8 WS_SIDECONDITION_CHECK[];
extern u8 WS_SPEABIEND[];
extern u8 WS_STATUS_GET16[];
extern u8 WS_STATUS_GET32[];
extern u8 WS_STATUS_GET8[];
extern u8 WS_STATUS_SET16[];
extern u8 WS_STATUS_SET32[];
extern u8 WS_STATUS_SET8[];
extern u8 WS_SWITCH_A_D[];
extern u8 WS_TSUIKA_DIRECT_ACT[];
extern u8 WS_TSUIKA_INDIRECT_ACT[];
extern u8 WS_TYPE_CHECK[];
extern u8 WS_WAZAEND[];
extern u8 WS_WAZAKOUKA_CHECK[];
extern u8 WS_WAZAOBOE_CHECK[];
extern u8 WS_WEATHER_CHANGE[];
extern u8 _HSD_AObjForgetMemory[];
extern u8 _HSD_DispForgetMemory[];
extern u8 _HSD_IDForgetMemory[];
extern u8 _HSD_ObjAllocForgetMemory[];
extern u8 _HSD_RObjForgetMemory[];
extern u8 _HSD_RandForgetMemory[];
extern u8 _dbgMenuFightGetWazaDataIdSub[];
extern u8 fn_80005FFC[];
extern u8 dbgMenuFightStop[];
extern u8 fn_800096B4[];
extern u8 fn_80111DF8[];
extern u8 fn_80111F2C[];
extern u8 fn_8011207C[];
extern u8 fn_80118068[];
extern u8 fn_80118070[];
extern u8 fn_80118100[];
extern u8 _cameraGetStateSize[];
extern u8 _cameraMakeStateData[];
extern u8 _cameraRestoreStateData[];
extern u8 fn_80213A28[];
extern u8 fn_80213A38[];
extern u8 fn_80213A48[];
extern u8 fn_80213A58[];
extern u8 fn_80213A68[];
extern u8 fn_80213A78[];
extern u8 fn_80213E94[];
extern u8 fn_80214450[];
extern u8 fn_802145C8[];
extern u8 fn_802146B4[];
extern u8 fn_802146C4[];
extern u8 fn_80214794[];
extern u8 fn_80214864[];
extern u8 fn_802149B8[];
extern u8 fn_80214AB4[];
extern u8 fn_80214AFC[];
extern u8 fn_80214B58[];
extern u8 fn_80214BB4[];
extern u8 fn_80214C04[];
extern u8 fn_80214CB0[];
extern u8 fn_80214DB0[];
extern u8 fn_80214E50[];
extern u8 fn_80214F10[];
extern u8 fn_802151C0[];
extern u8 fn_80215374[];
extern u8 fn_80215614[];
extern u8 fn_80215720[];
extern u8 fn_80215808[];
extern u8 fn_80215954[];
extern u8 fn_80215AEC[];
extern u8 fn_80215CF0[];
extern u8 fn_802160EC[];
extern u8 fn_80216264[];
extern u8 fn_80216364[];
extern u8 fn_80216410[];
extern u8 fn_802165B4[];
extern u8 fn_80216650[];
extern u8 fn_80216780[];
extern u8 fn_80216A58[];
extern u8 fn_80216D9C[];
extern u8 fn_80216F50[];
extern u8 fn_80217018[];
extern u8 fn_802170B4[];
extern u8 fn_80217220[];
extern u8 fn_80217434[];
extern u8 fn_80217524[];
extern u8 fn_802175A8[];
extern u8 fn_802177E4[];
extern u8 fn_802178F4[];
extern u8 fn_8021799C[];
extern u8 fn_80217AE4[];
extern u8 fn_80217C04[];
extern u8 fn_80217D34[];
extern u8 fn_80217E20[];
extern u8 fn_80218018[];
extern u8 fn_802182D4[];
extern u8 fn_802183BC[];
extern u8 fn_8021847C[];
extern u8 fn_80218824[];
extern u8 fn_80218A6C[];
extern u8 fn_80218BD4[];
extern u8 fn_80218D24[];
extern u8 fn_8021908C[];
extern u8 fn_802192B4[];
extern u8 fn_80219354[];
extern u8 fn_802195A0[];
extern u8 fn_802196A8[];
extern u8 fn_80219838[];
extern u8 fn_80219964[];
extern u8 fn_80219B2C[];
extern u8 fn_80219CF4[];
extern u8 fn_80219D98[];
extern u8 fn_80219E10[];
extern u8 fn_8021A054[];
extern u8 fn_8021A338[];
extern u8 fn_8021A478[];
extern u8 fn_8021A6CC[];
extern u8 fn_8021A764[];
extern u8 fn_8021A80C[];
extern u8 fn_8021A878[];
extern u8 fn_8021A984[];
extern u8 fn_8021AB9C[];
extern u8 fn_8021AC1C[];
extern u8 fn_8021AFAC[];
extern u8 fn_8021B0B0[];
extern u8 fn_8021B1A4[];
extern u8 fn_8021B484[];
extern u8 fn_8021B610[];
extern u8 fn_8021B628[];
extern u8 fn_8021B760[];
extern u8 fn_8021B8B8[];
extern u8 fn_8021C0F4[];
extern u8 fn_8021C190[];
extern u8 fn_8021C308[];
extern u8 fn_8021C490[];
extern u8 fn_8021C588[];
extern u8 fn_8021C6F4[];
extern u8 fn_8021C75C[];
extern u8 fn_8021C900[];
extern u8 fn_8021CA00[];
extern u8 fn_8021CB58[];
extern u8 fn_8021CC5C[];
extern u8 fn_8021CCE0[];
extern u8 fn_8021CE60[];
extern u8 fn_8021CF3C[];
extern u8 fn_8021D010[];
extern u8 fn_8021D090[];
extern u8 fn_8021D224[];
extern u8 fn_8021D40C[];
extern u8 fn_8021D688[];
extern u8 fn_8021D9C0[];
extern u8 fn_8021DB78[];
extern u8 fn_8021DD24[];
extern u8 fn_8021DD34[];
extern u8 fn_8021DD44[];
extern u8 fn_8021DDB8[];
extern u8 fn_8021DDC8[];
extern u8 fn_8021DDD8[];
extern u8 fn_8021DE3C[];
extern u8 fn_8021DE4C[];
extern u8 fn_8021DF70[];
extern u8 fn_8021DF80[];
extern u8 fn_8021E04C[];
extern u8 fn_8021E288[];
extern u8 fn_8021E600[];
extern u8 fn_8021E6CC[];
extern u8 fn_8021E6DC[];
extern u8 fn_8021E6EC[];
extern u8 fn_8021E744[];
extern u8 fn_8021E754[];
extern u8 fn_8021E9F4[];
extern u8 fn_8021EA94[];
extern u8 fn_8021EAE8[];
extern u8 fn_8021ECF8[];
extern u8 fn_8021ED70[];
extern u8 fn_8021EE38[];
extern u8 fn_8021EE48[];
extern u8 fn_8021EE98[];
extern u8 fn_8021EED4[];
extern u8 fn_8021EF14[];
extern u8 fn_8021EF24[];
extern u8 fn_8021F1CC[];
extern u8 fn_8021F24C[];
extern u8 fn_8021F39C[];
extern u8 fn_8021F458[];
extern u8 fn_8021F664[];
extern u8 fn_8021F92C[];
extern u8 fn_8021F998[];
extern u8 fn_8021FAD4[];
extern u8 fn_80220868[];
extern u8 fn_8022106C[];
extern u8 fn_802222F4[];
extern u8 fn_80222370[];
extern u8 fn_802223E0[];
extern u8 fn_80222438[];
extern u8 fn_80222494[];
extern u8 fn_80222500[];
extern u8 fn_80222510[];
extern u8 fn_80222520[];
extern u8 fn_80222554[];
extern u8 fn_80222584[];
extern u8 fn_802225B0[];
extern u8 fn_802225DC[];
extern u8 fn_80222604[];
extern u8 fn_8022262C[];
extern u8 fn_80222654[];
extern u8 fn_802226A4[];
extern u8 fn_802226EC[];
extern u8 fn_80222714[];
extern u8 fn_8022273C[];
extern u8 fn_8022275C[];
extern u8 fn_802227D4[];
extern u8 fn_80222844[];
extern u8 fn_8022290C[];
extern u8 fn_802229EC[];
extern u8 fn_80222ACC[];
extern u8 fn_80222ADC[];
extern u8 fn_80222B7C[];
extern u8 fn_80222BD8[];
extern u8 fn_80222C44[];
extern u8 fn_802232F4[];
extern u8 fn_80223AF4[];
extern u8 fn_80223CE8[];
extern u8 fn_80223D64[];
extern u8 fn_80223F1C[];
extern u8 fn_80224060[];
extern u8 fn_80224158[];
extern u8 fn_80224740[];
extern u8 fn_80224820[];
extern u8 fn_80226134[];
extern u8 fn_802261B0[];
extern u8 fn_8022622C[];
extern u8 fn_80226284[];
extern u8 fn_802262D0[];
extern u8 fn_8022631C[];
extern u8 fn_802266EC[];
extern u8 fn_80226730[];
extern u8 fn_802267E8[];
extern u8 fn_80226914[];
extern u8 fn_80226F0C[];
extern u8 fn_80226FD4[];
extern u8 fn_80227490[];
extern u8 fn_80227C40[];
extern u8 fn_8022808C[];
extern u8 fn_802282D8[];
extern u8 fn_802284B0[];
extern u8 fn_80229C90[];
extern u8 fightGSfloorGetPushDataSize[];
extern u8 fightGSfloorPushData[];
extern u8 fightGSfloorPopData[];
extern u8 lbl_80004000[];
extern u8 lbl_8047DAB0[];
extern u8 lbl_8047DAB8[];
extern u8 lbl_8047DAC0[];
extern u8 lbl_8047DAC4[];
extern u8 lbl_8047DACC[];
extern u8 lbl_8047DAD4[];
extern u8 lbl_8047DAD8[];
extern u8 lbl_8047DADC[];
extern u8 lbl_8047DAE4[];
extern u8 lbl_8047DAEC[];
extern u8 lbl_8047DAF4[];
extern u8 lbl_8047DAFC[];
extern u8 lbl_8047DB04[];
extern u8 peopleBiosGetPushDataSize[];
extern u8 peopleBiosPopData[];
extern u8 peopleBiosPushData[];

/* Auto-carved .rodata unit 0x80270528..0x80274758, split from rodata_80270008.c after gs_log.cpp's string pool. Non-relocated data emitted byte-exact as const u8[]; pointer/jump tables as const void*[] for R_PPC_ADDR32 relocations. */

const u8 lbl_80270528[68] = {
    0x47, 0x53, 0x6D, 0x61, 0x74, 0x65, 0x72, 0x69, 0x61, 0x6C, 0x53, 0x65, 0x74, 0x50, 0x45, 0x64,
    0x65, 0x73, 0x63, 0x72, 0x3A, 0x20, 0x57, 0x61, 0x72, 0x6E, 0x69, 0x6E, 0x67, 0x3A, 0x20, 0x61,
    0x6C, 0x72, 0x65, 0x61, 0x64, 0x79, 0x20, 0x75, 0x73, 0x69, 0x6E, 0x67, 0x20, 0x61, 0x20, 0x63,
    0x75, 0x73, 0x74, 0x6F, 0x6D, 0x20, 0x64, 0x65, 0x73, 0x63, 0x72, 0x69, 0x70, 0x74, 0x69, 0x6F,
    0x6E, 0x21, 0x0A, 0x00,
};

const u8 lbl_8027056C[81] = {
    0x47, 0x53, 0x6D, 0x61, 0x74, 0x65, 0x72, 0x69, 0x61, 0x6C, 0x43, 0x72, 0x65, 0x61, 0x74, 0x65,
    0x3A, 0x20, 0x52, 0x75, 0x6E, 0x20, 0x6F, 0x75, 0x74, 0x20, 0x6F, 0x66, 0x20, 0x6D, 0x61, 0x74,
    0x65, 0x72, 0x69, 0x61, 0x6C, 0x73, 0x2E, 0x20, 0x49, 0x6E, 0x63, 0x72, 0x65, 0x61, 0x73, 0x65,
    0x20, 0x6D, 0x61, 0x74, 0x65, 0x72, 0x69, 0x61, 0x6C, 0x63, 0x6F, 0x75, 0x6E, 0x74, 0x20, 0x61,
    0x74, 0x20, 0x69, 0x6E, 0x69, 0x74, 0x69, 0x61, 0x6C, 0x69, 0x73, 0x61, 0x74, 0x69, 0x6F, 0x6E,
    0x00,
};

const u8 gap_04_802705BD_rodata[3] = {
    0x00, 0x00, 0x00,
};

const u8 lbl_802705C0[16] = {
    0x47, 0x53, 0x6D, 0x61, 0x74, 0x65, 0x72, 0x69, 0x61, 0x6C, 0x20, 0x4D, 0x4F, 0x62, 0x6A, 0x00,
};

const u8 lbl_802705D0[61] = {
    0x47, 0x53, 0x6D, 0x61, 0x74, 0x65, 0x72, 0x69, 0x61, 0x6C, 0x3A, 0x20, 0x55, 0x6E, 0x73, 0x75,
    0x70, 0x70, 0x6F, 0x72, 0x74, 0x65, 0x64, 0x20, 0x74, 0x65, 0x78, 0x74, 0x75, 0x72, 0x65, 0x20,
    0x66, 0x6F, 0x72, 0x6D, 0x61, 0x74, 0x20, 0x66, 0x6F, 0x72, 0x20, 0x65, 0x6E, 0x76, 0x69, 0x72,
    0x6F, 0x6E, 0x6D, 0x65, 0x6E, 0x74, 0x20, 0x6D, 0x61, 0x70, 0x21, 0x0A, 0x00,
};

const u8 gap_04_8027060D_rodata[3] = {
    0x00, 0x00, 0x00,
};

const u8 lbl_80270610[65] = {
    0x47, 0x53, 0x6D, 0x61, 0x74, 0x65, 0x72, 0x69, 0x61, 0x6C, 0x3A, 0x20, 0x45, 0x72, 0x72, 0x6F,
    0x72, 0x20, 0x63, 0x72, 0x65, 0x61, 0x74, 0x69, 0x6E, 0x67, 0x20, 0x65, 0x6E, 0x76, 0x69, 0x72,
    0x6F, 0x6E, 0x6D, 0x65, 0x6E, 0x74, 0x20, 0x6D, 0x61, 0x70, 0x3A, 0x20, 0x6E, 0x6F, 0x20, 0x74,
    0x65, 0x78, 0x74, 0x75, 0x72, 0x65, 0x20, 0x64, 0x65, 0x66, 0x69, 0x6E, 0x65, 0x64, 0x21, 0x0A,
    0x00,
};

const u8 gap_04_80270651_rodata[7] = {
    0x00, 0x00, 0x00, 0x00, 0x00, 0x00, 0x00,
};

const u8 lbl_80270658[1376] = {
    0x2D, 0x2D, 0x5B, 0x20, 0x47, 0x53, 0x6D, 0x65, 0x6D, 0x20, 0x73, 0x74, 0x61, 0x74, 0x65, 0x20,
    0x63, 0x68, 0x65, 0x63, 0x6B, 0x20, 0x5D, 0x2D, 0x2D, 0x2D, 0x2D, 0x2D, 0x2D, 0x2D, 0x2D, 0x2D,
    0x2D, 0x2D, 0x2D, 0x2D, 0x2D, 0x2D, 0x2D, 0x2D, 0x2D, 0x2D, 0x2D, 0x2D, 0x2D, 0x2D, 0x2D, 0x2D,
    0x2D, 0x0A, 0x00, 0x00, 0x21, 0x21, 0x21, 0x20, 0x66, 0x69, 0x72, 0x73, 0x74, 0x20, 0x62, 0x6C,
    0x6F, 0x63, 0x6B, 0x27, 0x73, 0x20, 0x70, 0x72, 0x65, 0x76, 0x69, 0x6F, 0x75, 0x73, 0x20, 0x70,
    0x6F, 0x69, 0x6E, 0x74, 0x65, 0x72, 0x20, 0x69, 0x73, 0x20, 0x6E, 0x6F, 0x74, 0x20, 0x4E, 0x55,
    0x4C, 0x4C, 0x0A, 0x00, 0x21, 0x21, 0x21, 0x20, 0x46, 0x72, 0x65, 0x65, 0x20, 0x62, 0x6C, 0x6F,
    0x63, 0x6B, 0x20, 0x69, 0x73, 0x20, 0x6F, 0x75, 0x74, 0x73, 0x69, 0x64, 0x65, 0x20, 0x6F, 0x66,
    0x20, 0x47, 0x53, 0x6D, 0x65, 0x6D, 0x20, 0x61, 0x72, 0x65, 0x61, 0x0A, 0x00, 0x00, 0x00, 0x00,
    0x21, 0x21, 0x21, 0x20, 0x46, 0x72, 0x65, 0x65, 0x20, 0x62, 0x6C, 0x6F, 0x63, 0x6B, 0x20, 0x65,
    0x78, 0x69, 0x73, 0x74, 0x73, 0x20, 0x69, 0x6E, 0x20, 0x6D, 0x65, 0x6D, 0x6F, 0x72, 0x79, 0x20,
    0x65, 0x6E, 0x74, 0x72, 0x79, 0x20, 0x74, 0x61, 0x62, 0x6C, 0x65, 0x0A, 0x00, 0x00, 0x00, 0x00,
    0x21, 0x21, 0x21, 0x20, 0x46, 0x72, 0x65, 0x65, 0x20, 0x62, 0x6C, 0x6F, 0x63, 0x6B, 0x20, 0x69,
    0x6E, 0x63, 0x6C, 0x75, 0x64, 0x65, 0x73, 0x20, 0x73, 0x70, 0x61, 0x63, 0x65, 0x20, 0x69, 0x6E,
    0x20, 0x6D, 0x65, 0x6D, 0x6F, 0x72, 0x79, 0x20, 0x65, 0x6E, 0x74, 0x72, 0x79, 0x20, 0x74, 0x61,
    0x62, 0x6C, 0x65, 0x0A, 0x00, 0x00, 0x00, 0x00, 0x21, 0x21, 0x21, 0x20, 0x46, 0x72, 0x65, 0x65,
    0x20, 0x62, 0x6C, 0x6F, 0x63, 0x6B, 0x20, 0x6C, 0x69, 0x73, 0x74, 0x20, 0x70, 0x6F, 0x69, 0x6E,
    0x74, 0x65, 0x72, 0x73, 0x20, 0x69, 0x6E, 0x63, 0x6F, 0x6E, 0x73, 0x69, 0x73, 0x74, 0x65, 0x6E,
    0x74, 0x0A, 0x00, 0x00, 0x21, 0x21, 0x21, 0x20, 0x46, 0x72, 0x65, 0x65, 0x20, 0x62, 0x6C, 0x6F,
    0x63, 0x6B, 0x73, 0x20, 0x68, 0x61, 0x76, 0x65, 0x20, 0x6E, 0x6F, 0x74, 0x20, 0x62, 0x65, 0x65,
    0x6E, 0x20, 0x6D, 0x65, 0x72, 0x67, 0x65, 0x64, 0x20, 0x63, 0x6F, 0x72, 0x72, 0x65, 0x63, 0x74,
    0x6C, 0x79, 0x0A, 0x00, 0x21, 0x21, 0x21, 0x20, 0x46, 0x72, 0x65, 0x65, 0x20, 0x62, 0x6C, 0x6F,
    0x63, 0x6B, 0x20, 0x6C, 0x69, 0x73, 0x74, 0x20, 0x70, 0x6F, 0x69, 0x6E, 0x74, 0x65, 0x72, 0x73,
    0x20, 0x6E, 0x6F, 0x74, 0x20, 0x6C, 0x69, 0x6E, 0x65, 0x61, 0x72, 0x0A, 0x00, 0x00, 0x00, 0x00,
    0x21, 0x21, 0x21, 0x20, 0x42, 0x6C, 0x6F, 0x63, 0x6B, 0x20, 0x65, 0x78, 0x69, 0x73, 0x74, 0x73,
    0x20, 0x69, 0x6E, 0x20, 0x61, 0x6E, 0x20, 0x69, 0x6E, 0x76, 0x61, 0x6C, 0x69, 0x64, 0x20, 0x6D,
    0x65, 0x6D, 0x6F, 0x72, 0x79, 0x20, 0x61, 0x72, 0x65, 0x61, 0x0A, 0x00, 0x21, 0x21, 0x21, 0x20,
    0x50, 0x61, 0x64, 0x64, 0x69, 0x6E, 0x67, 0x20, 0x62, 0x79, 0x74, 0x65, 0x73, 0x20, 0x6F, 0x76,
    0x65, 0x72, 0x77, 0x72, 0x69, 0x74, 0x74, 0x65, 0x6E, 0x20, 0x69, 0x6E, 0x20, 0x68, 0x61, 0x6E,
    0x64, 0x6C, 0x65, 0x20, 0x25, 0x64, 0x0A, 0x00, 0x21, 0x21, 0x21, 0x20, 0x42, 0x6C, 0x6F, 0x63,
    0x6B, 0x20, 0x6D, 0x6F, 0x64, 0x69, 0x66, 0x69, 0x65, 0x64, 0x20, 0x77, 0x69, 0x74, 0x68, 0x6F,
    0x75, 0x74, 0x20, 0x6C, 0x6F, 0x63, 0x6B, 0x20, 0x69, 0x6E, 0x20, 0x68, 0x61, 0x6E, 0x64, 0x6C,
    0x65, 0x20, 0x25, 0x64, 0x0A, 0x00, 0x00, 0x00, 0x4D, 0x65, 0x6D, 0x6F, 0x72, 0x79, 0x20, 0x6D,
    0x61, 0x70, 0x20, 0x64, 0x75, 0x6D, 0x70, 0x3A, 0x0A, 0x00, 0x00, 0x00, 0x20, 0x20, 0x25, 0x30,
    0x38, 0x58, 0x68, 0x20, 0x2D, 0x3E, 0x20, 0x25, 0x30, 0x38, 0x58, 0x68, 0x3A, 0x20, 0x61, 0x6C,
    0x6C, 0x6F, 0x63, 0x61, 0x74, 0x65, 0x64, 0x20, 0x62, 0x6C, 0x6F, 0x63, 0x6B, 0x20, 0x28, 0x73,
    0x69, 0x7A, 0x65, 0x3D, 0x25, 0x64, 0x2C, 0x20, 0x68, 0x61, 0x6E, 0x64, 0x6C, 0x65, 0x3D, 0x25,
    0x64, 0x2C, 0x20, 0x6C, 0x6F, 0x63, 0x6B, 0x73, 0x3D, 0x25, 0x64, 0x2C, 0x20, 0x61, 0x6C, 0x69,
    0x67, 0x6E, 0x3D, 0x25, 0x64, 0x29, 0x0A, 0x00, 0x20, 0x20, 0x25, 0x30, 0x38, 0x58, 0x68, 0x20,
    0x2D, 0x3E, 0x20, 0x25, 0x30, 0x38, 0x58, 0x68, 0x3A, 0x20, 0x66, 0x72, 0x65, 0x65, 0x20, 0x62,
    0x6C, 0x6F, 0x63, 0x6B, 0x20, 0x28, 0x73, 0x69, 0x7A, 0x65, 0x3D, 0x25, 0x64, 0x2C, 0x20, 0x70,
    0x72, 0x65, 0x76, 0x3D, 0x25, 0x30, 0x38, 0x58, 0x68, 0x2C, 0x20, 0x6E, 0x65, 0x78, 0x74, 0x3D,
    0x25, 0x30, 0x38, 0x58, 0x68, 0x29, 0x0A, 0x00, 0x21, 0x21, 0x21, 0x20, 0x70, 0x6F, 0x69, 0x6E,
    0x74, 0x65, 0x72, 0x20, 0x61, 0x74, 0x20, 0x25, 0x30, 0x38, 0x58, 0x68, 0x20, 0x64, 0x6F, 0x65,
    0x73, 0x20, 0x6E, 0x6F, 0x74, 0x20, 0x61, 0x70, 0x70, 0x65, 0x61, 0x72, 0x20, 0x74, 0x6F, 0x20,
    0x62, 0x65, 0x20, 0x61, 0x20, 0x76, 0x61, 0x6C, 0x69, 0x64, 0x20, 0x66, 0x72, 0x65, 0x65, 0x20,
    0x62, 0x6C, 0x6F, 0x63, 0x6B, 0x0A, 0x00, 0x00, 0x21, 0x21, 0x21, 0x20, 0x70, 0x6F, 0x69, 0x6E,
    0x74, 0x65, 0x72, 0x20, 0x61, 0x74, 0x20, 0x25, 0x30, 0x38, 0x58, 0x68, 0x20, 0x68, 0x61, 0x73,
    0x20, 0x69, 0x6E, 0x76, 0x61, 0x6C, 0x69, 0x64, 0x20, 0x73, 0x69, 0x7A, 0x65, 0x20, 0x25, 0x30,
    0x38, 0x58, 0x68, 0x0A, 0x00, 0x00, 0x00, 0x00, 0x21, 0x21, 0x21, 0x20, 0x45, 0x6E, 0x64, 0x20,
    0x6F, 0x66, 0x20, 0x6D, 0x65, 0x6D, 0x6F, 0x72, 0x79, 0x20, 0x6D, 0x61, 0x70, 0x20, 0x64, 0x6F,
    0x65, 0x73, 0x20, 0x6E, 0x6F, 0x74, 0x20, 0x6C, 0x69, 0x6E, 0x65, 0x20, 0x75, 0x70, 0x20, 0x77,
    0x69, 0x74, 0x68, 0x20, 0x6C, 0x61, 0x73, 0x74, 0x20, 0x62, 0x6C, 0x6F, 0x63, 0x6B, 0x21, 0x20,
    0x5B, 0x6C, 0x61, 0x73, 0x74, 0x3A, 0x25, 0x30, 0x38, 0x58, 0x20, 0x21, 0x3D, 0x20, 0x65, 0x6E,
    0x64, 0x3A, 0x25, 0x30, 0x38, 0x58, 0x5D, 0x0A, 0x00, 0x00, 0x00, 0x00, 0x21, 0x21, 0x21, 0x20,
    0x55, 0x73, 0x65, 0x64, 0x20, 0x62, 0x6C, 0x6F, 0x63, 0x6B, 0x20, 0x63, 0x6F, 0x75, 0x6E, 0x74,
    0x20, 0x64, 0x6F, 0x65, 0x73, 0x20, 0x6E, 0x6F, 0x74, 0x20, 0x6D, 0x61, 0x74, 0x63, 0x68, 0x20,
    0x69, 0x6E, 0x74, 0x65, 0x72, 0x6E, 0x61, 0x6C, 0x20, 0x63, 0x6F, 0x75, 0x6E, 0x74, 0x65, 0x72,
    0x0A, 0x00, 0x00, 0x00, 0x47, 0x53, 0x6D, 0x65, 0x6D, 0x20, 0x6D, 0x65, 0x6D, 0x6F, 0x72, 0x79,
    0x20, 0x61, 0x72, 0x65, 0x61, 0x3A, 0x20, 0x20, 0x20, 0x25, 0x30, 0x38, 0x58, 0x68, 0x20, 0x2D,
    0x3E, 0x20, 0x25, 0x30, 0x38, 0x58, 0x68, 0x0A, 0x00, 0x00, 0x00, 0x00, 0x41, 0x63, 0x74, 0x69,
    0x76, 0x65, 0x20, 0x61, 0x6C, 0x6C, 0x6F, 0x63, 0x61, 0x74, 0x69, 0x6F, 0x6E, 0x73, 0x3A, 0x20,
    0x20, 0x25, 0x64, 0x0A, 0x00, 0x00, 0x00, 0x00, 0x41, 0x63, 0x74, 0x69, 0x76, 0x65, 0x20, 0x6C,
    0x6F, 0x63, 0x6B, 0x73, 0x3A, 0x20, 0x20, 0x20, 0x20, 0x20, 0x20, 0x20, 0x20, 0x25, 0x64, 0x0A,
    0x00, 0x00, 0x00, 0x00, 0x45, 0x6E, 0x74, 0x72, 0x79, 0x20, 0x74, 0x61, 0x62, 0x6C, 0x65, 0x20,
    0x73, 0x69, 0x7A, 0x65, 0x3A, 0x20, 0x20, 0x20, 0x20, 0x25, 0x64, 0x20, 0x62, 0x79, 0x74, 0x65,
    0x73, 0x0A, 0x00, 0x00, 0x4C, 0x61, 0x72, 0x67, 0x65, 0x73, 0x74, 0x20, 0x66, 0x72, 0x65, 0x65,
    0x20, 0x73, 0x70, 0x61, 0x63, 0x65, 0x3A, 0x20, 0x20, 0x25, 0x64, 0x20, 0x62, 0x79, 0x74, 0x65,
    0x73, 0x0A, 0x00, 0x00, 0x54, 0x6F, 0x74, 0x61, 0x6C, 0x20, 0x66, 0x72, 0x65, 0x65, 0x20, 0x73,
    0x70, 0x61, 0x63, 0x65, 0x3A, 0x20, 0x20, 0x20, 0x20, 0x25, 0x64, 0x20, 0x62, 0x79, 0x74, 0x65,
    0x73, 0x0A, 0x00, 0x00, 0x54, 0x6F, 0x74, 0x61, 0x6C, 0x20, 0x66, 0x72, 0x65, 0x65, 0x20, 0x62,
    0x6C, 0x6F, 0x63, 0x6B, 0x73, 0x3A, 0x20, 0x20, 0x20, 0x25, 0x64, 0x0A, 0x00, 0x00, 0x00, 0x00,
    0x54, 0x6F, 0x74, 0x61, 0x6C, 0x20, 0x61, 0x6C, 0x6C, 0x6F, 0x63, 0x61, 0x74, 0x69, 0x6F, 0x6E,
    0x73, 0x3A, 0x20, 0x20, 0x20, 0x25, 0x64, 0x0A, 0x00, 0x00, 0x00, 0x00, 0x54, 0x6F, 0x74, 0x61,
    0x6C, 0x20, 0x6C, 0x6F, 0x63, 0x6B, 0x73, 0x3A, 0x20, 0x20, 0x20, 0x20, 0x20, 0x20, 0x20, 0x20,
    0x20, 0x25, 0x64, 0x0A, 0x00, 0x00, 0x00, 0x00, 0x54, 0x6F, 0x74, 0x61, 0x6C, 0x20, 0x75, 0x6E,
    0x6C, 0x6F, 0x63, 0x6B, 0x73, 0x3A, 0x20, 0x20, 0x20, 0x20, 0x20, 0x20, 0x20, 0x25, 0x64, 0x0A,
    0x00, 0x00, 0x00, 0x00, 0x54, 0x6F, 0x74, 0x61, 0x6C, 0x20, 0x66, 0x72, 0x65, 0x65, 0x73, 0x3A,
    0x20, 0x20, 0x20, 0x20, 0x20, 0x20, 0x20, 0x20, 0x20, 0x25, 0x64, 0x0A, 0x00, 0x00, 0x00, 0x00,
    0x54, 0x6F, 0x74, 0x61, 0x6C, 0x20, 0x65, 0x6E, 0x74, 0x72, 0x79, 0x20, 0x72, 0x65, 0x73, 0x69,
    0x7A, 0x65, 0x73, 0x3A, 0x20, 0x25, 0x64, 0x0A, 0x00, 0x00, 0x00, 0x00, 0x46, 0x72, 0x61, 0x67,
    0x6D, 0x65, 0x6E, 0x74, 0x61, 0x74, 0x69, 0x6F, 0x6E, 0x3A, 0x20, 0x20, 0x20, 0x20, 0x20, 0x20,
    0x20, 0x25, 0x2E, 0x31, 0x66, 0x25, 0x25, 0x0A, 0x00, 0x00, 0x00, 0x00, 0x2D, 0x2D, 0x2D, 0x2D,
    0x2D, 0x2D, 0x2D, 0x2D, 0x2D, 0x2D, 0x2D, 0x2D, 0x2D, 0x2D, 0x2D, 0x2D, 0x2D, 0x2D, 0x2D, 0x2D,
    0x2D, 0x2D, 0x2D, 0x2D, 0x2D, 0x2D, 0x2D, 0x2D, 0x2D, 0x2D, 0x2D, 0x2D, 0x2D, 0x2D, 0x2D, 0x2D,
    0x2D, 0x2D, 0x2D, 0x2D, 0x2D, 0x2D, 0x2D, 0x2D, 0x2D, 0x2D, 0x2D, 0x2D, 0x2D, 0x0A, 0x00, 0x00,
};

const u8 lbl_80270BB8[448] = {
    0x47, 0x53, 0x6D, 0x65, 0x6D, 0x3A, 0x20, 0x55, 0x6E, 0x61, 0x62, 0x6C, 0x65, 0x20, 0x74, 0x6F,
    0x20, 0x6C, 0x6F, 0x63, 0x61, 0x74, 0x65, 0x20, 0x70, 0x6F, 0x69, 0x6E, 0x74, 0x65, 0x72, 0x20,
    0x69, 0x6E, 0x20, 0x6D, 0x65, 0x6D, 0x6F, 0x72, 0x79, 0x20, 0x74, 0x61, 0x62, 0x6C, 0x65, 0x20,
    0x2D, 0x2D, 0x20, 0x6F, 0x70, 0x74, 0x69, 0x6D, 0x69, 0x7A, 0x65, 0x20, 0x62, 0x75, 0x67, 0x3F,
    0x0A, 0x00, 0x00, 0x00, 0x47, 0x53, 0x6D, 0x65, 0x6D, 0x3A, 0x20, 0x46, 0x72, 0x65, 0x65, 0x20,
    0x6F, 0x66, 0x20, 0x69, 0x6E, 0x76, 0x61, 0x6C, 0x69, 0x64, 0x20, 0x68, 0x61, 0x6E, 0x64, 0x6C,
    0x65, 0x20, 0x25, 0x64, 0x0A, 0x00, 0x00, 0x00, 0x47, 0x53, 0x6D, 0x65, 0x6D, 0x3A, 0x20, 0x57,
    0x61, 0x72, 0x6E, 0x69, 0x6E, 0x67, 0x20, 0x2D, 0x2D, 0x20, 0x66, 0x72, 0x65, 0x65, 0x20, 0x6F,
    0x66, 0x20, 0x73, 0x74, 0x69, 0x6C, 0x6C, 0x2D, 0x6C, 0x6F, 0x63, 0x6B, 0x65, 0x64, 0x20, 0x68,
    0x61, 0x6E, 0x64, 0x6C, 0x65, 0x20, 0x25, 0x64, 0x0A, 0x00, 0x00, 0x00, 0x47, 0x53, 0x6D, 0x65,
    0x6D, 0x3A, 0x20, 0x50, 0x61, 0x64, 0x64, 0x69, 0x6E, 0x67, 0x20, 0x62, 0x79, 0x74, 0x65, 0x73,
    0x20, 0x6F, 0x76, 0x65, 0x72, 0x77, 0x72, 0x69, 0x74, 0x74, 0x65, 0x6E, 0x20, 0x69, 0x6E, 0x20,
    0x68, 0x61, 0x6E, 0x64, 0x6C, 0x65, 0x20, 0x25, 0x64, 0x0A, 0x00, 0x00, 0x47, 0x53, 0x6D, 0x65,
    0x6D, 0x3A, 0x20, 0x42, 0x6C, 0x6F, 0x63, 0x6B, 0x20, 0x6D, 0x6F, 0x64, 0x69, 0x66, 0x69, 0x65,
    0x64, 0x20, 0x77, 0x69, 0x74, 0x68, 0x6F, 0x75, 0x74, 0x20, 0x6C, 0x6F, 0x63, 0x6B, 0x20, 0x69,
    0x6E, 0x20, 0x68, 0x61, 0x6E, 0x64, 0x6C, 0x65, 0x20, 0x25, 0x64, 0x0A, 0x00, 0x00, 0x00, 0x00,
    0x47, 0x53, 0x6D, 0x65, 0x6D, 0x3A, 0x20, 0x55, 0x6E, 0x6C, 0x6F, 0x63, 0x6B, 0x20, 0x6F, 0x66,
    0x20, 0x69, 0x6E, 0x76, 0x61, 0x6C, 0x69, 0x64, 0x20, 0x68, 0x61, 0x6E, 0x64, 0x6C, 0x65, 0x20,
    0x25, 0x64, 0x0A, 0x00, 0x47, 0x53, 0x6D, 0x65, 0x6D, 0x3A, 0x20, 0x48, 0x61, 0x6E, 0x64, 0x6C,
    0x65, 0x20, 0x25, 0x64, 0x20, 0x61, 0x6C, 0x72, 0x65, 0x61, 0x64, 0x79, 0x20, 0x75, 0x6E, 0x6C,
    0x6F, 0x63, 0x6B, 0x65, 0x64, 0x0A, 0x00, 0x00, 0x47, 0x53, 0x6D, 0x65, 0x6D, 0x3A, 0x20, 0x47,
    0x65, 0x74, 0x53, 0x69, 0x7A, 0x65, 0x20, 0x6F, 0x66, 0x20, 0x69, 0x6E, 0x76, 0x61, 0x6C, 0x69,
    0x64, 0x20, 0x68, 0x61, 0x6E, 0x64, 0x6C, 0x65, 0x20, 0x25, 0x64, 0x0A, 0x00, 0x00, 0x00, 0x00,
    0x47, 0x53, 0x6D, 0x65, 0x6D, 0x3A, 0x20, 0x4C, 0x6F, 0x63, 0x6B, 0x20, 0x6F, 0x66, 0x20, 0x69,
    0x6E, 0x76, 0x61, 0x6C, 0x69, 0x64, 0x20, 0x68, 0x61, 0x6E, 0x64, 0x6C, 0x65, 0x20, 0x25, 0x64,
    0x0A, 0x00, 0x00, 0x00, 0x47, 0x53, 0x6D, 0x65, 0x6D, 0x3A, 0x20, 0x45, 0x78, 0x63, 0x65, 0x65,
    0x64, 0x65, 0x64, 0x20, 0x6C, 0x6F, 0x63, 0x6B, 0x20, 0x63, 0x6F, 0x75, 0x6E, 0x74, 0x20, 0x6F,
    0x6E, 0x20, 0x68, 0x61, 0x6E, 0x64, 0x6C, 0x65, 0x20, 0x25, 0x64, 0x0A, 0x00, 0x00, 0x00, 0x00,
};

const u8 lbl_80270D78[88] = {
    0x47, 0x53, 0x6D, 0x65, 0x6D, 0x3A, 0x20, 0x57, 0x61, 0x72, 0x6E, 0x69, 0x6E, 0x67, 0x20, 0x2D,
    0x2D, 0x20, 0x6D, 0x65, 0x6D, 0x6F, 0x72, 0x79, 0x20, 0x6C, 0x6F, 0x73, 0x73, 0x20, 0x6F, 0x66,
    0x20, 0x25, 0x64, 0x20, 0x62, 0x79, 0x74, 0x65, 0x73, 0x20, 0x64, 0x75, 0x65, 0x20, 0x74, 0x6F,
    0x20, 0x6E, 0x6F, 0x20, 0x62, 0x6C, 0x6F, 0x63, 0x6B, 0x20, 0x62, 0x65, 0x66, 0x6F, 0x72, 0x65,
    0x20, 0x61, 0x6C, 0x6C, 0x6F, 0x63, 0x61, 0x74, 0x69, 0x6F, 0x6E, 0x20, 0x70, 0x6F, 0x69, 0x6E,
    0x74, 0x20, 0x25, 0x30, 0x38, 0x58, 0x0A, 0x00,
};

const u8 lbl_80270DD0[44] = {
    0x47, 0x53, 0x6D, 0x65, 0x6D, 0x3A, 0x20, 0x55, 0x6E, 0x61, 0x62, 0x6C, 0x65, 0x20, 0x74, 0x6F,
    0x20, 0x6C, 0x6F, 0x63, 0x61, 0x74, 0x65, 0x20, 0x62, 0x6C, 0x6F, 0x63, 0x6B, 0x20, 0x66, 0x6F,
    0x72, 0x20, 0x75, 0x70, 0x64, 0x61, 0x74, 0x69, 0x6E, 0x67, 0x0A, 0x00,
};

const u8 lbl_80270DFC[43] = {
    0x47, 0x53, 0x6D, 0x65, 0x6D, 0x3A, 0x20, 0x49, 0x6E, 0x69, 0x74, 0x20, 0x4F, 0x4B, 0x2C, 0x20,
    0x75, 0x73, 0x69, 0x6E, 0x67, 0x20, 0x61, 0x72, 0x65, 0x61, 0x20, 0x25, 0x30, 0x38, 0x58, 0x68,
    0x20, 0x2D, 0x3E, 0x20, 0x25, 0x30, 0x38, 0x58, 0x68, 0x0A, 0x00,
};

const u8 gap_04_80270E27_rodata[1] = {
    0x00,
};

const u8 lbl_80270E28[37] = {
    0x21, 0x28, 0x6A, 0x6F, 0x62, 0x6A, 0x2D, 0x3E, 0x66, 0x6C, 0x61, 0x67, 0x73, 0x20, 0x26, 0x20,
    0x4A, 0x4F, 0x42, 0x4A, 0x5F, 0x55, 0x53, 0x45, 0x5F, 0x51, 0x55, 0x41, 0x54, 0x45, 0x52, 0x4E,
    0x49, 0x4F, 0x4E, 0x29, 0x00,
};

const u8 gap_04_80270E4D_rodata[3] = {
    0x00, 0x00, 0x00,
};

const u8 lbl_80270E50[10] = {
    0x74, 0x72, 0x61, 0x6E, 0x73, 0x6C, 0x61, 0x74, 0x65, 0x00,
};

const u8 gap_04_80270E5A_rodata[6] = {
    0x00, 0x00, 0x00, 0x00, 0x00, 0x00,
};

const u8 lbl_80270E60[10] = {
    0x74, 0x72, 0x61, 0x6E, 0x73, 0x6C, 0x61, 0x74, 0x65, 0x00,
};

const u8 gap_04_80270E6A_rodata[2] = {
    0x00, 0x00,
};

const u8 lbl_80270E6C[37] = {
    0x21, 0x28, 0x6A, 0x6F, 0x62, 0x6A, 0x2D, 0x3E, 0x66, 0x6C, 0x61, 0x67, 0x73, 0x20, 0x26, 0x20,
    0x4A, 0x4F, 0x42, 0x4A, 0x5F, 0x55, 0x53, 0x45, 0x5F, 0x51, 0x55, 0x41, 0x54, 0x45, 0x52, 0x4E,
    0x49, 0x4F, 0x4E, 0x29, 0x00,
};

const u8 gap_04_80270E91_rodata[7] = {
    0x00, 0x00, 0x00, 0x00, 0x00, 0x00, 0x00,
};

const u8 lbl_80270E98[9] = {
    0x73, 0x68, 0x61, 0x64, 0x6F, 0x77, 0x2E, 0x68, 0x00,
};

const u8 gap_04_80270EA1_rodata[7] = {
    0x00, 0x00, 0x00, 0x00, 0x00, 0x00, 0x00,
};

const u8 lbl_80270EA8[10] = {
    0x74, 0x72, 0x61, 0x6E, 0x73, 0x6C, 0x61, 0x74, 0x65, 0x00,
};

const u8 gap_04_80270EB2_rodata[6] = {
    0x00, 0x00, 0x00, 0x00, 0x00, 0x00,
};

const u8 lbl_80270EB8[48] = {
    0x65, 0x6E, 0x76, 0x65, 0x6C, 0x6F, 0x70, 0x65, 0x00, 0x00, 0x00, 0x00, 0x65, 0x6E, 0x76, 0x65,
    0x6C, 0x6F, 0x70, 0x65, 0x2D, 0x3E, 0x6A, 0x6F, 0x62, 0x6A, 0x00, 0x00, 0x6A, 0x70, 0x2D, 0x3E,
    0x65, 0x6E, 0x76, 0x65, 0x6C, 0x6F, 0x70, 0x65, 0x6D, 0x74, 0x78, 0x00, 0x00, 0x00, 0x00, 0x00,
};

const u8 lbl_80270EE8[37] = {
    0x21, 0x28, 0x6A, 0x6F, 0x62, 0x6A, 0x2D, 0x3E, 0x66, 0x6C, 0x61, 0x67, 0x73, 0x20, 0x26, 0x20,
    0x4A, 0x4F, 0x42, 0x4A, 0x5F, 0x55, 0x53, 0x45, 0x5F, 0x51, 0x55, 0x41, 0x54, 0x45, 0x52, 0x4E,
    0x49, 0x4F, 0x4E, 0x29, 0x00,
};

const u8 gap_04_80270F0D_rodata[3] = {
    0x00, 0x00, 0x00,
};

const u8 lbl_80270F10[49] = {
    0x47, 0x53, 0x70, 0x61, 0x72, 0x74, 0x3A, 0x20, 0x70, 0x61, 0x72, 0x74, 0x20, 0x69, 0x73, 0x20,
    0x61, 0x6C, 0x72, 0x65, 0x61, 0x64, 0x79, 0x20, 0x72, 0x65, 0x67, 0x69, 0x73, 0x74, 0x65, 0x72,
    0x65, 0x64, 0x20, 0x66, 0x6F, 0x72, 0x20, 0x72, 0x6F, 0x74, 0x61, 0x74, 0x69, 0x6F, 0x6E, 0x0A,
    0x00,
};

const u8 gap_04_80270F41_rodata[3] = {
    0x00, 0x00, 0x00,
};

const u8 lbl_80270F44[49] = {
    0x47, 0x53, 0x70, 0x61, 0x72, 0x74, 0x3A, 0x20, 0x6D, 0x6F, 0x64, 0x65, 0x6C, 0x20, 0x68, 0x61,
    0x73, 0x20, 0x74, 0x6F, 0x6F, 0x20, 0x6D, 0x61, 0x6E, 0x79, 0x20, 0x72, 0x65, 0x67, 0x69, 0x73,
    0x74, 0x65, 0x72, 0x65, 0x64, 0x20, 0x72, 0x6F, 0x74, 0x61, 0x74, 0x69, 0x6F, 0x6E, 0x73, 0x0A,
    0x00,
};

const u8 gap_04_80270F75_rodata[3] = {
    0x00, 0x00, 0x00,
};

const u8 lbl_80270F78[29] = {
    0x47, 0x53, 0x70, 0x61, 0x72, 0x74, 0x3A, 0x20, 0x63, 0x68, 0x69, 0x6C, 0x64, 0x20, 0x6E, 0x6F,
    0x64, 0x65, 0x20, 0x74, 0x6F, 0x6F, 0x20, 0x64, 0x65, 0x65, 0x70, 0x0A, 0x00,
};

const u8 gap_04_80270F95_rodata[3] = {
    0x00, 0x00, 0x00,
};

const u8 lbl_80270F98[35] = {
    0x47, 0x53, 0x74, 0x65, 0x78, 0x74, 0x75, 0x72, 0x65, 0x3A, 0x20, 0x69, 0x6E, 0x76, 0x61, 0x6C,
    0x69, 0x64, 0x20, 0x74, 0x65, 0x78, 0x74, 0x75, 0x72, 0x65, 0x20, 0x66, 0x6F, 0x72, 0x6D, 0x61,
    0x74, 0x0A, 0x00,
};

const u8 gap_04_80270FBB_rodata[1] = {
    0x00,
};

const u8 lbl_80270FBC[69] = {
    0x47, 0x53, 0x74, 0x65, 0x78, 0x74, 0x75, 0x72, 0x65, 0x3A, 0x20, 0x77, 0x61, 0x72, 0x6E, 0x69,
    0x6E, 0x67, 0x20, 0x2D, 0x2D, 0x20, 0x74, 0x65, 0x78, 0x74, 0x75, 0x72, 0x65, 0x20, 0x73, 0x69,
    0x7A, 0x65, 0x20, 0x61, 0x64, 0x6A, 0x75, 0x73, 0x74, 0x65, 0x64, 0x20, 0x66, 0x72, 0x6F, 0x6D,
    0x20, 0x5B, 0x25, 0x64, 0x2C, 0x25, 0x64, 0x5D, 0x20, 0x74, 0x6F, 0x20, 0x5B, 0x25, 0x64, 0x2C,
    0x25, 0x64, 0x5D, 0x0A, 0x00,
};

const u8 gap_04_80271001_rodata[7] = {
    0x00, 0x00, 0x00, 0x00, 0x00, 0x00, 0x00,
};

const u8 lbl_80271008[46] = {
    0x47, 0x53, 0x74, 0x68, 0x72, 0x65, 0x61, 0x64, 0x43, 0x72, 0x65, 0x61, 0x74, 0x65, 0x2E, 0x20,
    0x57, 0x61, 0x72, 0x6E, 0x69, 0x6E, 0x67, 0x3A, 0x20, 0x27, 0x75, 0x73, 0x65, 0x73, 0x46, 0x50,
    0x55, 0x3D, 0x3D, 0x46, 0x41, 0x4C, 0x45, 0x27, 0x20, 0x4F, 0x4B, 0x3F, 0x0A, 0x00,
};

const u8 gap_04_80271036_rodata[2] = {
    0x00, 0x00,
};

const u8 lbl_80271038[42] = {
    0x47, 0x53, 0x74, 0x68, 0x72, 0x65, 0x61, 0x64, 0x3A, 0x20, 0x49, 0x6E, 0x69, 0x74, 0x20, 0x4F,
    0x4B, 0x2C, 0x20, 0x6D, 0x61, 0x78, 0x69, 0x6D, 0x75, 0x6D, 0x20, 0x6F, 0x66, 0x20, 0x25, 0x64,
    0x20, 0x74, 0x68, 0x72, 0x65, 0x61, 0x64, 0x73, 0x0A, 0x00,
};

const u8 gap_04_80271062_rodata[6] = {
    0x00, 0x00, 0x00, 0x00, 0x00, 0x00,
};

const u8 lbl_80271068[17] = {
    0x53, 0x74, 0x61, 0x63, 0x6B, 0x20, 0x6F, 0x76, 0x65, 0x72, 0x66, 0x6C, 0x6F, 0x77, 0x2E, 0x0A,
    0x00,
};

const u8 gap_04_80271079_rodata[3] = {
    0x00, 0x00, 0x00,
};

const u8 lbl_8027107C[224] = {
    0x53, 0x74, 0x61, 0x63, 0x6B, 0x20, 0x75, 0x6E, 0x64, 0x65, 0x72, 0x66, 0x6C, 0x6F, 0x77, 0x2E,
    0x0A, 0x00, 0x00, 0x00, 0x95, 0xCF, 0x90, 0x94, 0x82, 0xCC, 0x8C, 0x5E, 0x82, 0xAA, 0x96, 0xA2,
    0x92, 0xE8, 0x8B, 0x60, 0x82, 0xC5, 0x82, 0xB7, 0x3A, 0x5B, 0x25, 0x30, 0x32, 0x78, 0x5D, 0x0A,
    0x00, 0x00, 0x00, 0x00, 0x5F, 0x63, 0x6F, 0x64, 0x65, 0x53, 0x74, 0x72, 0x75, 0x63, 0x74, 0x41,
    0x73, 0x73, 0x69, 0x67, 0x6E, 0x3A, 0x20, 0x20, 0x83, 0x47, 0x83, 0x89, 0x81, 0x5B, 0x81, 0x46,
    0x92, 0xE8, 0x90, 0x94, 0x82, 0xC9, 0x90, 0x94, 0x92, 0x6C, 0x82, 0xCC, 0x83, 0x5A, 0x83, 0x62,
    0x83, 0x67, 0x82, 0xCD, 0x82, 0xC5, 0x82, 0xAB, 0x82, 0xDC, 0x82, 0xB9, 0x82, 0xF1, 0x0A, 0x00,
    0x95, 0xCF, 0x90, 0x94, 0x82, 0xCC, 0x8C, 0x5E, 0x82, 0xAA, 0x96, 0xA2, 0x92, 0xE8, 0x8B, 0x60,
    0x3A, 0x5B, 0x25, 0x30, 0x32, 0x78, 0x5D, 0x0A, 0x00, 0x00, 0x00, 0x00, 0x73, 0x65, 0x74, 0x56,
    0x61, 0x6C, 0x75, 0x65, 0x20, 0x97, 0xE1, 0x8A, 0x4F, 0x83, 0x47, 0x83, 0x89, 0x81, 0x5B, 0x81,
    0x46, 0x92, 0xE8, 0x90, 0x94, 0x82, 0xC9, 0x90, 0x94, 0x92, 0x6C, 0x82, 0xCC, 0x83, 0x5A, 0x83,
    0x62, 0x83, 0x67, 0x82, 0xCD, 0x82, 0xC5, 0x82, 0xAB, 0x82, 0xDC, 0x82, 0xB9, 0x82, 0xF1, 0x0A,
    0x00, 0x00, 0x00, 0x00, 0x82, 0x4F, 0x82, 0xC5, 0x8F, 0x9C, 0x8E, 0x5A, 0x82, 0xB5, 0x82, 0xE6,
    0x82, 0xA4, 0x82, 0xC6, 0x82, 0xB5, 0x82, 0xDC, 0x82, 0xB5, 0x82, 0xBD, 0x0A, 0x00, 0x00, 0x00,
};

const u8 lbl_8027115C[312] = {
    0x90, 0xDD, 0x92, 0xE8, 0x82, 0xB7, 0x82, 0xE9, 0x8A, 0xD6, 0x90, 0x94, 0x82, 0xCC, 0x83, 0x43,
    0x83, 0x93, 0x83, 0x66, 0x83, 0x62, 0x83, 0x4E, 0x83, 0x58, 0x5B, 0x25, 0x64, 0x5D, 0x82, 0xAA,
    0x95, 0x73, 0x90, 0xB3, 0x82, 0xC5, 0x82, 0xB7, 0x0A, 0x00, 0x00, 0x00, 0x73, 0x63, 0x72, 0x69,
    0x70, 0x74, 0x20, 0x25, 0x30, 0x38, 0x58, 0x20, 0x74, 0x65, 0x72, 0x6D, 0x69, 0x6E, 0x61, 0x74,
    0x65, 0x64, 0x20, 0x62, 0x79, 0x20, 0x73, 0x74, 0x61, 0x74, 0x75, 0x73, 0x20, 0x3D, 0x3D, 0x20,
    0x53, 0x54, 0x41, 0x4E, 0x44, 0x42, 0x59, 0x0A, 0x00, 0x00, 0x00, 0x00, 0x83, 0x54, 0x83, 0x7C,
    0x81, 0x5B, 0x83, 0x67, 0x82, 0xB3, 0x82, 0xEA, 0x82, 0xC4, 0x82, 0xA2, 0x82, 0xC8, 0x82, 0xA2,
    0x83, 0x52, 0x81, 0x5B, 0x83, 0x68, 0x82, 0xC5, 0x82, 0xB7, 0x3A, 0x25, 0x30, 0x32, 0x78, 0x0A,
    0x00, 0x00, 0x00, 0x00, 0x83, 0x58, 0x83, 0x4E, 0x83, 0x8A, 0x83, 0x76, 0x83, 0x67, 0x82, 0xCC,
    0x8B, 0x4E, 0x93, 0xAE, 0x82, 0xC9, 0x8E, 0xB8, 0x94, 0x73, 0x82, 0xB5, 0x82, 0xDC, 0x82, 0xB5,
    0x82, 0xBD, 0x3A, 0x5B, 0x25, 0x30, 0x38, 0x78, 0x5D, 0x20, 0x83, 0x5E, 0x83, 0x58, 0x83, 0x4E,
    0x82, 0xAA, 0x91, 0xAB, 0x82, 0xE8, 0x82, 0xDC, 0x82, 0xB9, 0x82, 0xF1, 0x0A, 0x00, 0x00, 0x00,
    0x83, 0x58, 0x83, 0x4E, 0x83, 0x8A, 0x83, 0x76, 0x83, 0x67, 0x82, 0xCC, 0x8B, 0x4E, 0x93, 0xAE,
    0x82, 0xC9, 0x8E, 0xB8, 0x94, 0x73, 0x82, 0xB5, 0x82, 0xDC, 0x82, 0xB5, 0x82, 0xBD, 0x3A, 0x5B,
    0x25, 0x30, 0x38, 0x78, 0x5D, 0x20, 0x82, 0x68, 0x82, 0x63, 0x82, 0xAA, 0x8C, 0xA9, 0x82, 0xC2,
    0x82, 0xA9, 0x82, 0xE8, 0x82, 0xDC, 0x82, 0xB9, 0x82, 0xF1, 0x0A, 0x00, 0x83, 0x58, 0x83, 0x4E,
    0x83, 0x8A, 0x83, 0x76, 0x83, 0x67, 0x82, 0xCC, 0x8B, 0x4E, 0x93, 0xAE, 0x82, 0xC9, 0x8E, 0xB8,
    0x94, 0x73, 0x82, 0xB5, 0x82, 0xDC, 0x82, 0xB5, 0x82, 0xBD, 0x3A, 0x5B, 0x25, 0x30, 0x38, 0x78,
    0x5D, 0x20, 0x83, 0x6E, 0x83, 0x93, 0x83, 0x68, 0x83, 0x8B, 0x82, 0xCC, 0x8A, 0x6D, 0x95, 0xDB,
    0x82, 0xC9, 0x8E, 0xB8, 0x94, 0x73, 0x0A, 0x00,
};

const u8 lbl_80271294[36] = {
    0x5B, 0x25, 0x73, 0x5D, 0x20, 0x83, 0x58, 0x83, 0x8C, 0x83, 0x62, 0x83, 0x68, 0x82, 0xCC, 0x82,
    0xB3, 0x82, 0xAD, 0x82, 0xB9, 0x82, 0xA2, 0x82, 0xC9, 0x82, 0xB5, 0x82, 0xC1, 0x82, 0xCF, 0x82,
    0xA2, 0x0A, 0x00, 0x00,
};

const u8 lbl_802712B8[44] = {
    0x83, 0x58, 0x83, 0x4E, 0x83, 0x8A, 0x83, 0x76, 0x83, 0x67, 0x82, 0xCC, 0x83, 0x41, 0x83, 0x93,
    0x83, 0x7D, 0x83, 0x62, 0x83, 0x76, 0x82, 0xC9, 0x8E, 0xB8, 0x94, 0x73, 0x82, 0xB5, 0x82, 0xDC,
    0x82, 0xB5, 0x82, 0xBD, 0x3A, 0x5B, 0x25, 0x64, 0x5D, 0x0A, 0x00, 0x00,
};

const u8 lbl_802712E4[28] = {
    0x47, 0x53, 0x76, 0x6D, 0x82, 0xCC, 0x8F, 0x89, 0x8A, 0xFA, 0x89, 0xBB, 0x82, 0xC9, 0x8E, 0xB8,
    0x94, 0x73, 0x82, 0xB5, 0x82, 0xDC, 0x82, 0xB5, 0x82, 0xBD, 0x0A, 0x00,
};

const u8 lbl_80271300[512] = {
    0x30, 0x00, 0x30, 0x42, 0x30, 0x44, 0x30, 0x46, 0x30, 0x48, 0x30, 0x4A, 0x30, 0x4B, 0x30, 0x4D,
    0x30, 0x4F, 0x30, 0x51, 0x30, 0x53, 0x30, 0x55, 0x30, 0x57, 0x30, 0x59, 0x30, 0x5B, 0x30, 0x5D,
    0x30, 0x5F, 0x30, 0x61, 0x30, 0x64, 0x30, 0x66, 0x30, 0x68, 0x30, 0x6A, 0x30, 0x6B, 0x30, 0x6C,
    0x30, 0x6D, 0x30, 0x6E, 0x30, 0x6F, 0x30, 0x72, 0x30, 0x75, 0x30, 0x78, 0x30, 0x7B, 0x30, 0x7E,
    0x30, 0x7F, 0x30, 0x80, 0x30, 0x81, 0x30, 0x82, 0x30, 0x84, 0x30, 0x86, 0x30, 0x88, 0x30, 0x89,
    0x30, 0x8A, 0x30, 0x8B, 0x30, 0x8C, 0x30, 0x8D, 0x30, 0x8F, 0x30, 0x92, 0x30, 0x93, 0x30, 0x41,
    0x30, 0x43, 0x30, 0x45, 0x30, 0x47, 0x30, 0x49, 0x30, 0x83, 0x30, 0x85, 0x30, 0x87, 0x30, 0x4C,
    0x30, 0x4E, 0x30, 0x50, 0x30, 0x52, 0x30, 0x54, 0x30, 0x56, 0x30, 0x58, 0x30, 0x5A, 0x30, 0x5C,
    0x30, 0x5E, 0x30, 0x60, 0x30, 0x62, 0x30, 0x65, 0x30, 0x67, 0x30, 0x69, 0x30, 0x70, 0x30, 0x73,
    0x30, 0x76, 0x30, 0x79, 0x30, 0x7C, 0x30, 0x71, 0x30, 0x74, 0x30, 0x77, 0x30, 0x7A, 0x30, 0x7D,
    0x30, 0x63, 0x30, 0xA2, 0x30, 0xA4, 0x30, 0xA6, 0x30, 0xA8, 0x30, 0xAA, 0x30, 0xAB, 0x30, 0xAD,
    0x30, 0xAF, 0x30, 0xB1, 0x30, 0xB3, 0x30, 0xB5, 0x30, 0xB7, 0x30, 0xB9, 0x30, 0xBB, 0x30, 0xBD,
    0x30, 0xBF, 0x30, 0xC1, 0x30, 0xC4, 0x30, 0xC6, 0x30, 0xC8, 0x30, 0xCA, 0x30, 0xCB, 0x30, 0xCC,
    0x30, 0xCD, 0x30, 0xCE, 0x30, 0xCF, 0x30, 0xD2, 0x30, 0xD5, 0x30, 0xD8, 0x30, 0xDB, 0x30, 0xDE,
    0x30, 0xDF, 0x30, 0xE0, 0x30, 0xE1, 0x30, 0xE2, 0x30, 0xE4, 0x30, 0xE6, 0x30, 0xE8, 0x30, 0xE9,
    0x30, 0xEA, 0x30, 0xEB, 0x30, 0xEC, 0x30, 0xED, 0x30, 0xEF, 0x30, 0xF2, 0x30, 0xF3, 0x30, 0xA1,
    0x30, 0xA3, 0x30, 0xA5, 0x30, 0xA7, 0x30, 0xA9, 0x30, 0xE3, 0x30, 0xE5, 0x30, 0xE7, 0x30, 0xAC,
    0x30, 0xAE, 0x30, 0xB0, 0x30, 0xB2, 0x30, 0xB4, 0x30, 0xB6, 0x30, 0xB8, 0x30, 0xBA, 0x30, 0xBC,
    0x30, 0xBE, 0x30, 0xC0, 0x30, 0xC2, 0x30, 0xC5, 0x30, 0xC7, 0x30, 0xC9, 0x30, 0xD0, 0x30, 0xD3,
    0x30, 0xD6, 0x30, 0xD9, 0x30, 0xDC, 0x30, 0xD1, 0x30, 0xD4, 0x30, 0xD7, 0x30, 0xDA, 0x30, 0xDD,
    0x30, 0xC3, 0xFF, 0x10, 0xFF, 0x11, 0xFF, 0x12, 0xFF, 0x13, 0xFF, 0x14, 0xFF, 0x15, 0xFF, 0x16,
    0xFF, 0x17, 0xFF, 0x18, 0xFF, 0x19, 0xFF, 0x01, 0xFF, 0x1F, 0x30, 0x02, 0x30, 0xFC, 0x30, 0xFB,
    0x20, 0x25, 0x30, 0x0E, 0x30, 0x0F, 0x30, 0x0C, 0x30, 0x0D, 0x26, 0x42, 0x26, 0x40, 0x51, 0x86,
    0xFF, 0x0E, 0x00, 0xD7, 0xFF, 0x0F, 0xFF, 0x21, 0xFF, 0x22, 0xFF, 0x23, 0xFF, 0x24, 0xFF, 0x25,
    0xFF, 0x26, 0xFF, 0x27, 0xFF, 0x28, 0xFF, 0x29, 0xFF, 0x2A, 0xFF, 0x2B, 0xFF, 0x2C, 0xFF, 0x2D,
    0xFF, 0x2E, 0xFF, 0x2F, 0xFF, 0x30, 0xFF, 0x31, 0xFF, 0x32, 0xFF, 0x33, 0xFF, 0x34, 0xFF, 0x35,
    0xFF, 0x36, 0xFF, 0x37, 0xFF, 0x38, 0xFF, 0x39, 0xFF, 0x3A, 0xFF, 0x41, 0xFF, 0x42, 0xFF, 0x43,
    0xFF, 0x44, 0xFF, 0x45, 0xFF, 0x46, 0xFF, 0x47, 0xFF, 0x48, 0xFF, 0x49, 0xFF, 0x4A, 0xFF, 0x4B,
    0xFF, 0x4C, 0xFF, 0x4D, 0xFF, 0x4E, 0xFF, 0x4F, 0xFF, 0x50, 0xFF, 0x51, 0xFF, 0x52, 0xFF, 0x53,
    0xFF, 0x54, 0xFF, 0x55, 0xFF, 0x56, 0xFF, 0x57, 0xFF, 0x58, 0xFF, 0x59, 0xFF, 0x5A, 0x00, 0x00,
    0xFF, 0x1A, 0x00, 0xC4, 0x00, 0xD6, 0x00, 0xDC, 0x00, 0xE4, 0x00, 0xF6, 0x00, 0xFC, 0x21, 0x91,
    0x21, 0x93, 0x21, 0x90, 0x21, 0x92, 0xFF, 0x0B, 0x00, 0x00, 0x00, 0x00, 0x00, 0x00, 0x00, 0x00,
};

const u8 lbl_80271500[512] = {
    0x00, 0x20, 0x00, 0xC0, 0x00, 0xC1, 0x00, 0xC2, 0x00, 0xC7, 0x00, 0xC8, 0x00, 0xC9, 0x00, 0xCA,
    0x00, 0xCB, 0x00, 0xCC, 0x00, 0x00, 0x00, 0xCE, 0x00, 0xCF, 0x00, 0xD2, 0x00, 0xD3, 0x00, 0xD4,
    0x01, 0x52, 0x00, 0xD9, 0x00, 0xDA, 0x00, 0xDB, 0x00, 0xD1, 0x00, 0xDF, 0x00, 0xE0, 0x00, 0xE1,
    0x00, 0x00, 0x00, 0xE7, 0x00, 0xE8, 0x00, 0xE9, 0x00, 0xEA, 0x00, 0xEB, 0x00, 0xEC, 0x00, 0x00,
    0x00, 0xEE, 0x00, 0xEF, 0x00, 0xF2, 0x00, 0xF3, 0x00, 0xF4, 0x01, 0x53, 0x00, 0xF9, 0x00, 0xFA,
    0x00, 0xFB, 0x00, 0xF1, 0x00, 0xBA, 0x00, 0xAA, 0xFE, 0xFE, 0x00, 0x26, 0x00, 0x2B, 0x00, 0x00,
    0x00, 0x00, 0x00, 0x00, 0x00, 0x00, 0x00, 0x00, 0xFE, 0xFE, 0x00, 0x3D, 0x00, 0x3B, 0x00, 0x00,
    0x00, 0x00, 0x00, 0x00, 0x00, 0x00, 0x00, 0x00, 0x00, 0x00, 0x00, 0x00, 0x00, 0x00, 0x00, 0x00,
    0x00, 0x00, 0x00, 0x00, 0x00, 0x00, 0x00, 0x00, 0x00, 0x00, 0x00, 0x00, 0x00, 0x00, 0x00, 0x00,
    0x00, 0x00, 0x00, 0x00, 0x00, 0x00, 0x00, 0x00, 0x00, 0x00, 0x00, 0x00, 0x00, 0x00, 0x00, 0x00,
    0x00, 0x00, 0x00, 0xBF, 0x00, 0xA1, 0xFE, 0xFE, 0xFE, 0xFE, 0xFE, 0xFE, 0xFE, 0xFE, 0xFE, 0xFE,
    0xFE, 0xFE, 0xFE, 0xFE, 0x00, 0xCD, 0x00, 0x25, 0x00, 0x28, 0x00, 0x29, 0x00, 0x00, 0x00, 0x00,
    0x00, 0x00, 0x00, 0x00, 0x00, 0x00, 0x00, 0x00, 0x00, 0x00, 0x00, 0x00, 0x00, 0x00, 0x00, 0x00,
    0x00, 0xE2, 0x00, 0x00, 0x00, 0x00, 0x00, 0x00, 0x00, 0x00, 0x00, 0x00, 0x00, 0x00, 0x00, 0xED,
    0x00, 0x00, 0x00, 0x00, 0x00, 0x00, 0x00, 0x00, 0x00, 0x00, 0x00, 0x00, 0x00, 0x00, 0x00, 0x00,
    0x00, 0x00, 0x21, 0x91, 0x21, 0x93, 0x21, 0x90, 0xFF, 0x0B, 0x00, 0x00, 0x00, 0x00, 0x00, 0x00,
    0x00, 0x00, 0x00, 0x00, 0x00, 0x00, 0x00, 0x00, 0xFE, 0xFE, 0x00, 0x3C, 0x00, 0x3E, 0x00, 0x00,
    0x00, 0x00, 0x00, 0x00, 0x00, 0x00, 0x00, 0x00, 0x00, 0x00, 0x00, 0x00, 0x00, 0x00, 0x00, 0x00,
    0x30, 0xBE, 0x30, 0xC0, 0x30, 0xC2, 0x30, 0xC5, 0x30, 0xC7, 0x30, 0xC9, 0x30, 0xD0, 0x30, 0xD3,
    0x30, 0xD6, 0x30, 0xD9, 0x30, 0xDC, 0x30, 0xD1, 0x30, 0xD4, 0x30, 0xD7, 0x30, 0xDA, 0x30, 0xDD,
    0xFE, 0xFE, 0x00, 0x30, 0x00, 0x31, 0x00, 0x32, 0x00, 0x33, 0x00, 0x34, 0x00, 0x35, 0x00, 0x36,
    0x00, 0x37, 0x00, 0x38, 0x00, 0x39, 0x00, 0x21, 0x00, 0x3F, 0x00, 0x2E, 0x00, 0x2D, 0x30, 0xFB,
    0x20, 0x30, 0x20, 0x1C, 0x20, 0x1D, 0x20, 0x18, 0x00, 0x27, 0x26, 0x42, 0x26, 0x40, 0x00, 0x24,
    0x00, 0x2C, 0x00, 0xD7, 0x00, 0x2F, 0x00, 0x41, 0x00, 0x42, 0x00, 0x43, 0x00, 0x44, 0x00, 0x45,
    0x00, 0x46, 0x00, 0x47, 0x00, 0x48, 0x00, 0x49, 0x00, 0x4A, 0x00, 0x4B, 0x00, 0x4C, 0x00, 0x4D,
    0x00, 0x4E, 0x00, 0x4F, 0x00, 0x50, 0x00, 0x51, 0x00, 0x52, 0x00, 0x53, 0x00, 0x54, 0x00, 0x55,
    0x00, 0x56, 0x00, 0x57, 0x00, 0x58, 0x00, 0x59, 0x00, 0x5A, 0x00, 0x61, 0x00, 0x62, 0x00, 0x63,
    0x00, 0x64, 0x00, 0x65, 0x00, 0x66, 0x00, 0x67, 0x00, 0x68, 0x00, 0x69, 0x00, 0x6A, 0x00, 0x6B,
    0x00, 0x6C, 0x00, 0x6D, 0x00, 0x6E, 0x00, 0x6F, 0x00, 0x70, 0x00, 0x71, 0x00, 0x72, 0x00, 0x73,
    0x00, 0x74, 0x00, 0x75, 0x00, 0x76, 0x00, 0x77, 0x00, 0x78, 0x00, 0x79, 0x00, 0x7A, 0x00, 0x00,
    0x00, 0x3A, 0x00, 0xC4, 0x00, 0xD6, 0x00, 0xDC, 0x00, 0xE4, 0x00, 0xF6, 0x00, 0xFC, 0x00, 0x00,
    0x00, 0x00, 0x00, 0x00, 0x00, 0x00, 0x00, 0x00, 0x00, 0x00, 0x00, 0x00, 0x00, 0x00, 0x00, 0x00,
};

const u8 lbl_80271700[48] = {
    0x5B, 0x25, 0x73, 0x5D, 0x20, 0x45, 0x72, 0x72, 0x6F, 0x72, 0x21, 0x21, 0x20, 0x83, 0x81, 0x83,
    0x62, 0x83, 0x5A, 0x81, 0x5B, 0x83, 0x57, 0x82, 0xCC, 0x83, 0x6C, 0x83, 0x58, 0x83, 0x67, 0x82,
    0xAA, 0x90, 0x5B, 0x82, 0xB7, 0x82, 0xAC, 0x82, 0xDC, 0x82, 0xB7, 0x0A, 0x00, 0x00, 0x00, 0x00,
};

const u8 lbl_80271730[36] = {
    0x47, 0x53, 0x6D, 0x73, 0x67, 0x45, 0x78, 0x65, 0x63, 0x28, 0x25, 0x30, 0x38, 0x78, 0x29, 0x20,
    0x8E, 0xB8, 0x94, 0x73, 0x81, 0x69, 0x83, 0x8F, 0x81, 0x5B, 0x83, 0x4E, 0x95, 0x73, 0x91, 0xAB,
    0x81, 0x6A, 0x0A, 0x00,
};

const u8 lbl_80271754[40] = {
    0x47, 0x53, 0x6D, 0x73, 0x67, 0x45, 0x78, 0x65, 0x63, 0x28, 0x25, 0x30, 0x38, 0x78, 0x29, 0x20,
    0x8E, 0xB8, 0x94, 0x73, 0x81, 0x69, 0x83, 0x66, 0x81, 0x5B, 0x83, 0x5E, 0x82, 0xAA, 0x96, 0xB3,
    0x82, 0xA2, 0x81, 0x6A, 0x0A, 0x00, 0x00, 0x00,
};

const u8 lbl_8027177C[56] = {
    0x5B, 0x47, 0x53, 0x6D, 0x73, 0x67, 0x46, 0x6F, 0x6E, 0x74, 0x4F, 0x70, 0x65, 0x6E, 0x5D, 0x20,
    0x20, 0x46, 0x4F, 0x4E, 0x54, 0x5B, 0x25, 0x64, 0x5D, 0x82, 0xCC, 0x93, 0x6F, 0x98, 0x5E, 0x90,
    0x94, 0x82, 0xF0, 0x83, 0x49, 0x81, 0x5B, 0x83, 0x6F, 0x81, 0x5B, 0x82, 0xB5, 0x82, 0xDC, 0x82,
    0xB5, 0x82, 0xBD, 0x0A, 0x00, 0x00, 0x00, 0x00,
};

const u8 lbl_802717B4[32] = {
    0x47, 0x53, 0x6D, 0x73, 0x67, 0x82, 0xCC, 0x8F, 0x89, 0x8A, 0xFA, 0x89, 0xBB, 0x82, 0xC9, 0x8E,
    0xB8, 0x94, 0x73, 0x82, 0xB5, 0x82, 0xDC, 0x82, 0xB5, 0x82, 0xBD, 0x0A, 0x00, 0x00, 0x00, 0x00,
};

const u8 lbl_802717D4[23] = {
    0x5F, 0x6D, 0x73, 0x67, 0x47, 0x65, 0x74, 0x53, 0x69, 0x7A, 0x65, 0x28, 0x29, 0x20, 0x66, 0x61,
    0x69, 0x6C, 0x65, 0x64, 0x2E, 0x0A, 0x00,
};

const u8 gap_04_802717EB_rodata[5] = {
    0x00, 0x00, 0x00, 0x00, 0x00,
};

const u8 lbl_802717F0[35] = {
    0x47, 0x53, 0x66, 0x6C, 0x6F, 0x6F, 0x72, 0x4F, 0x70, 0x65, 0x6E, 0x3A, 0x20, 0x63, 0x61, 0x6E,
    0x6E, 0x6F, 0x74, 0x20, 0x66, 0x69, 0x6E, 0x64, 0x20, 0x66, 0x6C, 0x6F, 0x6F, 0x72, 0x20, 0x25,
    0x64, 0x0A, 0x00,
};

const u8 gap_04_80271813_rodata[1] = {
    0x00,
};

const u8 lbl_80271814[432] = {
    0x93, 0xC7, 0x82, 0xDD, 0x8F, 0x6F, 0x82, 0xB5, 0x83, 0x47, 0x83, 0x89, 0x81, 0x5B, 0x0A, 0x00,
    0x6C, 0x6F, 0x61, 0x64, 0x42, 0x47, 0x4D, 0x28, 0x29, 0x3A, 0x20, 0x6C, 0x6F, 0x61, 0x64, 0x69,
    0x6E, 0x67, 0x20, 0x5B, 0x25, 0x73, 0x5D, 0x2E, 0x2E, 0x2E, 0x0A, 0x00, 0x5F, 0x66, 0x6C, 0x6F,
    0x6F, 0x72, 0x47, 0x65, 0x74, 0x46, 0x69, 0x6C, 0x65, 0x73, 0x69, 0x7A, 0x65, 0x28, 0x29, 0x3A,
    0x20, 0x63, 0x61, 0x6E, 0x27, 0x74, 0x20, 0x6F, 0x70, 0x65, 0x6E, 0x20, 0x66, 0x69, 0x6C, 0x65,
    0x20, 0x5B, 0x25, 0x73, 0x5D, 0x0A, 0x00, 0x00, 0x6C, 0x6F, 0x61, 0x64, 0x42, 0x47, 0x4D, 0x28,
    0x29, 0x3A, 0x20, 0x63, 0x61, 0x6E, 0x27, 0x74, 0x20, 0x61, 0x6C, 0x6C, 0x6F, 0x63, 0x20, 0x25,
    0x64, 0x20, 0x62, 0x79, 0x74, 0x65, 0x73, 0x20, 0x6F, 0x66, 0x20, 0x6D, 0x65, 0x6D, 0x6F, 0x72,
    0x79, 0x0A, 0x00, 0x00, 0x5F, 0x66, 0x6C, 0x6F, 0x6F, 0x72, 0x4C, 0x6F, 0x61, 0x64, 0x46, 0x69,
    0x6C, 0x65, 0x28, 0x29, 0x3A, 0x20, 0x63, 0x61, 0x6E, 0x27, 0x74, 0x20, 0x6F, 0x70, 0x65, 0x6E,
    0x20, 0x66, 0x69, 0x6C, 0x65, 0x20, 0x5B, 0x25, 0x73, 0x5D, 0x0A, 0x00, 0x5F, 0x66, 0x6C, 0x6F,
    0x6F, 0x72, 0x4C, 0x6F, 0x61, 0x64, 0x46, 0x69, 0x6C, 0x65, 0x28, 0x29, 0x3A, 0x20, 0x65, 0x72,
    0x72, 0x6F, 0x72, 0x20, 0x72, 0x65, 0x61, 0x64, 0x69, 0x6E, 0x67, 0x20, 0x66, 0x69, 0x6C, 0x65,
    0x20, 0x5B, 0x25, 0x73, 0x5D, 0x0A, 0x00, 0x00, 0x6C, 0x6F, 0x61, 0x64, 0x42, 0x47, 0x4D, 0x28,
    0x29, 0x3A, 0x20, 0x65, 0x72, 0x72, 0x6F, 0x72, 0x20, 0x72, 0x65, 0x61, 0x64, 0x69, 0x6E, 0x67,
    0x20, 0x66, 0x69, 0x6C, 0x65, 0x20, 0x5B, 0x25, 0x73, 0x5D, 0x0A, 0x00, 0x6C, 0x6F, 0x61, 0x64,
    0x42, 0x47, 0x4D, 0x28, 0x29, 0x3A, 0x20, 0x63, 0x6F, 0x75, 0x6C, 0x64, 0x6E, 0x27, 0x74, 0x20,
    0x6F, 0x70, 0x65, 0x6E, 0x20, 0x73, 0x6F, 0x75, 0x6E, 0x64, 0x20, 0x49, 0x44, 0x20, 0x25, 0x64,
    0x0A, 0x00, 0x00, 0x00, 0x6C, 0x6F, 0x61, 0x64, 0x54, 0x6F, 0x74, 0x61, 0x6C, 0x53, 0x65, 0x71,
    0x75, 0x65, 0x6E, 0x63, 0x65, 0x28, 0x29, 0x3A, 0x20, 0x72, 0x65, 0x67, 0x69, 0x73, 0x74, 0x65,
    0x72, 0x69, 0x6E, 0x67, 0x20, 0x73, 0x65, 0x71, 0x75, 0x65, 0x6E, 0x63, 0x65, 0x20, 0x61, 0x74,
    0x20, 0x25, 0x30, 0x38, 0x58, 0x68, 0x0A, 0x00, 0x6C, 0x6F, 0x61, 0x64, 0x50, 0x61, 0x72, 0x74,
    0x69, 0x63, 0x6C, 0x65, 0x73, 0x28, 0x29, 0x3A, 0x20, 0x6C, 0x6F, 0x61, 0x64, 0x69, 0x6E, 0x67,
    0x20, 0x2E, 0x2E, 0x2E, 0x0A, 0x00, 0x00, 0x00, 0x6C, 0x6F, 0x61, 0x64, 0x50, 0x61, 0x72, 0x74,
    0x69, 0x63, 0x6C, 0x65, 0x73, 0x28, 0x29, 0x3A, 0x20, 0x65, 0x72, 0x72, 0x6F, 0x72, 0x20, 0x70,
    0x72, 0x6F, 0x63, 0x65, 0x73, 0x73, 0x69, 0x6E, 0x67, 0x20, 0x70, 0x61, 0x72, 0x74, 0x69, 0x63,
    0x6C, 0x65, 0x20, 0x64, 0x61, 0x74, 0x61, 0x20, 0x66, 0x69, 0x6C, 0x65, 0x0A, 0x00, 0x00, 0x00,
};

const u8 lbl_802719C4[28] = {
    0x6C, 0x6F, 0x61, 0x64, 0x50, 0x61, 0x72, 0x74, 0x69, 0x63, 0x6C, 0x65, 0x28, 0x29, 0x3A, 0x20,
    0x6C, 0x6F, 0x61, 0x64, 0x69, 0x6E, 0x67, 0x2E, 0x2E, 0x2E, 0x0A, 0x00,
};

const u8 lbl_802719E0[1056] = {
    0x6C, 0x6F, 0x61, 0x64, 0x50, 0x61, 0x72, 0x74, 0x69, 0x63, 0x6C, 0x65, 0x50, 0x74, 0x72, 0x28,
    0x29, 0x3A, 0x20, 0x63, 0x61, 0x6E, 0x27, 0x74, 0x20, 0x61, 0x6C, 0x6C, 0x6F, 0x63, 0x20, 0x25,
    0x64, 0x20, 0x62, 0x79, 0x74, 0x65, 0x73, 0x20, 0x6F, 0x66, 0x20, 0x6D, 0x65, 0x6D, 0x6F, 0x72,
    0x79, 0x0A, 0x00, 0x00, 0x6C, 0x6F, 0x61, 0x64, 0x50, 0x61, 0x72, 0x74, 0x69, 0x63, 0x6C, 0x65,
    0x28, 0x29, 0x3A, 0x20, 0x6C, 0x6F, 0x61, 0x64, 0x69, 0x6E, 0x67, 0x20, 0x5B, 0x25, 0x73, 0x5D,
    0x2E, 0x2E, 0x2E, 0x0A, 0x00, 0x00, 0x00, 0x00, 0x6C, 0x6F, 0x61, 0x64, 0x50, 0x61, 0x72, 0x74,
    0x69, 0x63, 0x6C, 0x65, 0x28, 0x29, 0x3A, 0x20, 0x63, 0x61, 0x6E, 0x27, 0x74, 0x20, 0x61, 0x6C,
    0x6C, 0x6F, 0x63, 0x20, 0x25, 0x64, 0x20, 0x62, 0x79, 0x74, 0x65, 0x73, 0x20, 0x6F, 0x66, 0x20,
    0x6D, 0x65, 0x6D, 0x6F, 0x72, 0x79, 0x0A, 0x00, 0x6C, 0x6F, 0x61, 0x64, 0x50, 0x61, 0x72, 0x74,
    0x69, 0x63, 0x6C, 0x65, 0x28, 0x29, 0x3A, 0x20, 0x65, 0x72, 0x72, 0x6F, 0x72, 0x20, 0x72, 0x65,
    0x61, 0x64, 0x69, 0x6E, 0x67, 0x20, 0x66, 0x69, 0x6C, 0x65, 0x20, 0x5B, 0x25, 0x73, 0x5D, 0x0A,
    0x00, 0x00, 0x00, 0x00, 0x6C, 0x6F, 0x61, 0x64, 0x46, 0x6F, 0x67, 0x3A, 0x20, 0x67, 0x6F, 0x74,
    0x20, 0x4E, 0x55, 0x4C, 0x4C, 0x20, 0x70, 0x6F, 0x69, 0x6E, 0x74, 0x65, 0x72, 0x20, 0x61, 0x72,
    0x63, 0x68, 0x69, 0x76, 0x65, 0x00, 0x00, 0x00, 0x73, 0x63, 0x65, 0x6E, 0x65, 0x5F, 0x64, 0x61,
    0x74, 0x61, 0x00, 0x00, 0x6C, 0x6F, 0x61, 0x64, 0x46, 0x6F, 0x67, 0x3A, 0x20, 0x67, 0x6F, 0x74,
    0x20, 0x4E, 0x55, 0x4C, 0x4C, 0x20, 0x70, 0x6F, 0x69, 0x6E, 0x74, 0x65, 0x72, 0x20, 0x73, 0x63,
    0x65, 0x6E, 0x65, 0x20, 0x64, 0x65, 0x73, 0x63, 0x72, 0x69, 0x70, 0x74, 0x6F, 0x72, 0x00, 0x00,
    0x6C, 0x6F, 0x61, 0x64, 0x43, 0x61, 0x6D, 0x65, 0x72, 0x61, 0x3A, 0x20, 0x67, 0x6F, 0x74, 0x20,
    0x4E, 0x55, 0x4C, 0x4C, 0x20, 0x70, 0x6F, 0x69, 0x6E, 0x74, 0x65, 0x72, 0x20, 0x61, 0x72, 0x63,
    0x68, 0x69, 0x76, 0x65, 0x00, 0x00, 0x00, 0x00, 0x6C, 0x6F, 0x61, 0x64, 0x43, 0x61, 0x6D, 0x65,
    0x72, 0x61, 0x3A, 0x20, 0x67, 0x6F, 0x74, 0x20, 0x4E, 0x55, 0x4C, 0x4C, 0x20, 0x70, 0x6F, 0x69,
    0x6E, 0x74, 0x65, 0x72, 0x20, 0x73, 0x63, 0x65, 0x6E, 0x65, 0x20, 0x64, 0x65, 0x73, 0x63, 0x72,
    0x69, 0x70, 0x74, 0x6F, 0x72, 0x00, 0x00, 0x00, 0x6C, 0x6F, 0x61, 0x64, 0x43, 0x61, 0x6D, 0x65,
    0x72, 0x61, 0x3A, 0x20, 0x63, 0x6F, 0x75, 0x6C, 0x64, 0x6E, 0x27, 0x74, 0x20, 0x6C, 0x6F, 0x61,
    0x64, 0x20, 0x63, 0x61, 0x6D, 0x65, 0x72, 0x61, 0x0A, 0x00, 0x00, 0x00, 0x6C, 0x6F, 0x61, 0x64,
    0x4C, 0x69, 0x67, 0x68, 0x74, 0x3A, 0x20, 0x67, 0x6F, 0x74, 0x20, 0x4E, 0x55, 0x4C, 0x4C, 0x20,
    0x70, 0x6F, 0x69, 0x6E, 0x74, 0x65, 0x72, 0x20, 0x61, 0x72, 0x63, 0x68, 0x69, 0x76, 0x65, 0x00,
    0x6C, 0x6F, 0x61, 0x64, 0x4C, 0x69, 0x67, 0x68, 0x74, 0x3A, 0x20, 0x67, 0x6F, 0x74, 0x20, 0x4E,
    0x55, 0x4C, 0x4C, 0x20, 0x70, 0x6F, 0x69, 0x6E, 0x74, 0x65, 0x72, 0x20, 0x73, 0x63, 0x65, 0x6E,
    0x65, 0x20, 0x64, 0x65, 0x73, 0x63, 0x72, 0x69, 0x70, 0x74, 0x6F, 0x72, 0x00, 0x00, 0x00, 0x00,
    0x6C, 0x6F, 0x61, 0x64, 0x4C, 0x69, 0x67, 0x68, 0x74, 0x3A, 0x20, 0x63, 0x6F, 0x75, 0x6C, 0x64,
    0x6E, 0x27, 0x74, 0x20, 0x6C, 0x6F, 0x61, 0x64, 0x20, 0x6C, 0x69, 0x67, 0x68, 0x74, 0x20, 0x25,
    0x64, 0x0A, 0x00, 0x00, 0x6C, 0x6F, 0x61, 0x64, 0x4D, 0x6F, 0x64, 0x65, 0x6C, 0x3A, 0x20, 0x67,
    0x6F, 0x74, 0x20, 0x4E, 0x55, 0x4C, 0x4C, 0x20, 0x70, 0x6F, 0x69, 0x6E, 0x74, 0x65, 0x72, 0x20,
    0x61, 0x72, 0x63, 0x68, 0x69, 0x76, 0x65, 0x00, 0x6C, 0x6F, 0x61, 0x64, 0x4D, 0x6F, 0x64, 0x65,
    0x6C, 0x3A, 0x20, 0x67, 0x6F, 0x74, 0x20, 0x4E, 0x55, 0x4C, 0x4C, 0x20, 0x70, 0x6F, 0x69, 0x6E,
    0x74, 0x65, 0x72, 0x20, 0x73, 0x63, 0x65, 0x6E, 0x65, 0x20, 0x64, 0x65, 0x73, 0x63, 0x72, 0x69,
    0x70, 0x74, 0x6F, 0x72, 0x00, 0x00, 0x00, 0x00, 0x6C, 0x6F, 0x61, 0x64, 0x4D, 0x6F, 0x64, 0x65,
    0x6C, 0x3A, 0x20, 0x63, 0x6F, 0x75, 0x6C, 0x64, 0x6E, 0x27, 0x74, 0x20, 0x6C, 0x6F, 0x61, 0x64,
    0x20, 0x6D, 0x6F, 0x64, 0x65, 0x6C, 0x20, 0x25, 0x64, 0x0A, 0x00, 0x00, 0x6C, 0x6F, 0x61, 0x64,
    0x41, 0x72, 0x63, 0x68, 0x69, 0x76, 0x65, 0x28, 0x29, 0x3A, 0x20, 0x6C, 0x6F, 0x61, 0x64, 0x69,
    0x6E, 0x67, 0x20, 0x5B, 0x25, 0x73, 0x5D, 0x2E, 0x2E, 0x2E, 0x0A, 0x00, 0x6C, 0x6F, 0x61, 0x64,
    0x41, 0x72, 0x63, 0x68, 0x69, 0x76, 0x65, 0x28, 0x29, 0x3A, 0x20, 0x63, 0x61, 0x6E, 0x27, 0x74,
    0x20, 0x61, 0x6C, 0x6C, 0x6F, 0x63, 0x20, 0x25, 0x64, 0x20, 0x62, 0x79, 0x74, 0x65, 0x73, 0x20,
    0x6F, 0x66, 0x20, 0x6D, 0x65, 0x6D, 0x6F, 0x72, 0x79, 0x0A, 0x00, 0x00, 0x6C, 0x6F, 0x61, 0x64,
    0x41, 0x72, 0x63, 0x68, 0x69, 0x76, 0x65, 0x28, 0x29, 0x3A, 0x20, 0x65, 0x72, 0x72, 0x6F, 0x72,
    0x20, 0x72, 0x65, 0x61, 0x64, 0x69, 0x6E, 0x67, 0x20, 0x66, 0x69, 0x6C, 0x65, 0x20, 0x5B, 0x25,
    0x73, 0x5D, 0x0A, 0x00, 0x6C, 0x6F, 0x61, 0x64, 0x41, 0x72, 0x63, 0x68, 0x69, 0x76, 0x65, 0x28,
    0x29, 0x3A, 0x20, 0x61, 0x72, 0x63, 0x68, 0x69, 0x76, 0x65, 0x20, 0x68, 0x61, 0x73, 0x20, 0x5B,
    0x20, 0x25, 0x64, 0x20, 0x6D, 0x6F, 0x64, 0x65, 0x6C, 0x73, 0x20, 0x5D, 0x20, 0x61, 0x6E, 0x64,
    0x20, 0x5B, 0x20, 0x25, 0x64, 0x20, 0x6C, 0x69, 0x67, 0x68, 0x74, 0x73, 0x20, 0x5D, 0x0A, 0x00,
    0x6C, 0x6F, 0x61, 0x64, 0x41, 0x72, 0x63, 0x68, 0x69, 0x76, 0x65, 0x50, 0x74, 0x72, 0x28, 0x29,
    0x3A, 0x20, 0x6C, 0x6F, 0x61, 0x64, 0x69, 0x6E, 0x67, 0x2E, 0x2E, 0x2E, 0x0A, 0x00, 0x00, 0x00,
    0x6C, 0x6F, 0x61, 0x64, 0x41, 0x72, 0x63, 0x68, 0x69, 0x76, 0x65, 0x50, 0x74, 0x72, 0x28, 0x29,
    0x3A, 0x20, 0x63, 0x61, 0x6E, 0x27, 0x74, 0x20, 0x61, 0x6C, 0x6C, 0x6F, 0x63, 0x20, 0x25, 0x64,
    0x20, 0x62, 0x79, 0x74, 0x65, 0x73, 0x20, 0x6F, 0x66, 0x20, 0x6D, 0x65, 0x6D, 0x6F, 0x72, 0x79,
    0x0A, 0x00, 0x00, 0x00, 0x6C, 0x6F, 0x61, 0x64, 0x41, 0x72, 0x63, 0x68, 0x69, 0x76, 0x65, 0x50,
    0x74, 0x72, 0x28, 0x29, 0x3A, 0x20, 0x61, 0x72, 0x63, 0x68, 0x69, 0x76, 0x65, 0x20, 0x68, 0x61,
    0x73, 0x20, 0x5B, 0x20, 0x25, 0x64, 0x20, 0x6D, 0x6F, 0x64, 0x65, 0x6C, 0x73, 0x20, 0x5D, 0x20,
    0x61, 0x6E, 0x64, 0x20, 0x5B, 0x20, 0x25, 0x64, 0x20, 0x6C, 0x69, 0x67, 0x68, 0x74, 0x73, 0x20,
    0x5D, 0x0A, 0x00, 0x00, 0x75, 0x6E, 0x6C, 0x6F, 0x61, 0x64, 0x42, 0x47, 0x4D, 0x28, 0x29, 0x3A,
    0x20, 0x47, 0x53, 0x73, 0x6E, 0x64, 0x52, 0x65, 0x73, 0x32, 0x49, 0x64, 0x20, 0x72, 0x65, 0x74,
    0x75, 0x72, 0x6E, 0x65, 0x64, 0x20, 0x69, 0x6E, 0x76, 0x61, 0x6C, 0x69, 0x64, 0x20, 0x49, 0x44,
    0x0A, 0x00, 0x00, 0x00, 0x75, 0x6E, 0x6C, 0x6F, 0x61, 0x64, 0x42, 0x47, 0x4D, 0x28, 0x29, 0x3A,
    0x20, 0x63, 0x6F, 0x75, 0x6C, 0x64, 0x6E, 0x27, 0x74, 0x20, 0x63, 0x6C, 0x6F, 0x73, 0x65, 0x20,
    0x73, 0x6F, 0x75, 0x6E, 0x64, 0x20, 0x49, 0x44, 0x20, 0x25, 0x64, 0x0A, 0x00, 0x00, 0x00, 0x00,
};

const u8 lbl_80271E00[16] = {
    0x00, 0x00, 0x00, 0x01, 0x00, 0x00, 0x00, 0x02, 0x00, 0x00, 0x00, 0x03, 0x00, 0x00, 0x00, 0x04,
};

const u8 lbl_80271E10[48] = {
    0x25, 0x73, 0x28, 0x30, 0x78, 0x25, 0x30, 0x38, 0x78, 0x29, 0x20, 0x20, 0x83, 0x58, 0x83, 0x8C,
    0x83, 0x62, 0x83, 0x68, 0x82, 0xA9, 0x82, 0xE7, 0x8C, 0xC4, 0x82, 0xD4, 0x82, 0xE6, 0x82, 0xA4,
    0x82, 0xC9, 0x82, 0xB5, 0x82, 0xC4, 0x82, 0xAD, 0x82, 0xBE, 0x82, 0xB3, 0x82, 0xA2, 0x0A, 0x00,
};

const u8 lbl_80271E40[36] = {
    0x25, 0x73, 0x28, 0x30, 0x78, 0x25, 0x30, 0x38, 0x78, 0x29, 0x20, 0x20, 0x83, 0x45, 0x83, 0x42,
    0x83, 0x93, 0x83, 0x68, 0x83, 0x45, 0x82, 0xAA, 0x91, 0xB6, 0x8D, 0xDD, 0x82, 0xB5, 0x82, 0xC8,
    0x82, 0xA2, 0x0A, 0x00,
};

const u8 lbl_80271E64[48] = {
    0x25, 0x73, 0x28, 0x30, 0x78, 0x25, 0x30, 0x38, 0x78, 0x29, 0x20, 0x20, 0x83, 0x58, 0x83, 0x8C,
    0x83, 0x62, 0x83, 0x68, 0x82, 0xA9, 0x82, 0xE7, 0x8C, 0xC4, 0x82, 0xD4, 0x82, 0xE6, 0x82, 0xA4,
    0x82, 0xC9, 0x82, 0xB5, 0x82, 0xC4, 0x82, 0xAD, 0x82, 0xBE, 0x82, 0xB3, 0x82, 0xA2, 0x0A, 0x00,
};

const u8 lbl_80271E94[48] = {
    0x45, 0x72, 0x72, 0x6F, 0x72, 0x21, 0x21, 0x20, 0x5F, 0x77, 0x69, 0x6E, 0x47, 0x65, 0x74, 0x4E,
    0x65, 0x77, 0x57, 0x6F, 0x72, 0x6B, 0x28, 0x29, 0x20, 0x5B, 0x83, 0x8F, 0x81, 0x5B, 0x83, 0x4E,
    0x82, 0xCC, 0x8A, 0x6D, 0x95, 0xDB, 0x82, 0xC9, 0x8E, 0xB8, 0x94, 0x73, 0x5D, 0x0A, 0x00, 0x00,
};

const u8 lbl_80271EC4[36] = {
    0x77, 0x69, 0x6E, 0x64, 0x6F, 0x77, 0x49, 0x6E, 0x69, 0x74, 0x82, 0xCC, 0x8F, 0x89, 0x8A, 0xFA,
    0x89, 0xBB, 0x82, 0xC9, 0x8E, 0xB8, 0x94, 0x73, 0x82, 0xB5, 0x82, 0xDC, 0x82, 0xB5, 0x82, 0xBD,
    0x0A, 0x00, 0x00, 0x00,
};

const u8 lbl_80271EE8[48] = {
    0x45, 0x72, 0x72, 0x6F, 0x72, 0x21, 0x21, 0x20, 0x77, 0x69, 0x6E, 0x53, 0x70, 0x72, 0x69, 0x74,
    0x65, 0x41, 0x64, 0x64, 0x28, 0x29, 0x20, 0x5B, 0x83, 0x58, 0x83, 0x76, 0x83, 0x89, 0x83, 0x43,
    0x83, 0x67, 0x83, 0x8F, 0x81, 0x5B, 0x83, 0x4E, 0x95, 0x73, 0x91, 0xAB, 0x5D, 0x0A, 0x00, 0x00,
};

const u8 lbl_80271F18[32] = {
    0x25, 0x73, 0x82, 0xCC, 0x8F, 0x89, 0x8A, 0xFA, 0x89, 0xBB, 0x82, 0xC9, 0x8E, 0xB8, 0x94, 0x73,
    0x82, 0xB5, 0x82, 0xDC, 0x82, 0xB5, 0x82, 0xBD, 0x0A, 0x00, 0x00, 0x00, 0x00, 0x00, 0x00, 0x00,
};

const u8 lbl_80271F38[72] = {
    0x43, 0x7F, 0x00, 0x00, 0x43, 0x7F, 0x00, 0x00, 0x43, 0x7F, 0x00, 0x00, 0x00, 0x00, 0x00, 0x00,
    0x00, 0x00, 0x00, 0x00, 0x41, 0x70, 0x00, 0x00, 0x00, 0x00, 0x00, 0x00, 0x00, 0x00, 0x00, 0x00,
    0x00, 0x00, 0x00, 0x00, 0x00, 0x00, 0x00, 0x00, 0x00, 0x00, 0x00, 0x00, 0x00, 0x00, 0x00, 0x00,
    0x43, 0x7F, 0x00, 0x00, 0x43, 0x7F, 0x00, 0x00, 0x43, 0x7F, 0x00, 0x00, 0x42, 0xA0, 0x00, 0x00,
    0x42, 0xA0, 0x00, 0x00, 0x42, 0xA0, 0x00, 0x00,
};

const u8 lbl_80271F80[128] = {
    0x5B, 0x25, 0x73, 0x5D, 0x20, 0x95, 0x4B, 0x97, 0x76, 0x88, 0xC8, 0x8F, 0xE3, 0x82, 0xC9, 0x8A,
    0x4A, 0x95, 0xFA, 0x82, 0xB5, 0x82, 0xE6, 0x82, 0xA4, 0x82, 0xC6, 0x82, 0xB5, 0x82, 0xDC, 0x82,
    0xB5, 0x82, 0xBD, 0x0A, 0x00, 0x00, 0x00, 0x00, 0x5B, 0x25, 0x73, 0x5D, 0x20, 0x8E, 0x51, 0x8F,
    0xC6, 0x89, 0xF1, 0x90, 0x94, 0x8F, 0xE3, 0x8C, 0xC0, 0x83, 0x49, 0x81, 0x5B, 0x83, 0x6F, 0x81,
    0x5B, 0x0A, 0x00, 0x00, 0x5B, 0x25, 0x73, 0x5D, 0x20, 0x83, 0x65, 0x83, 0x4E, 0x83, 0x58, 0x83,
    0x60, 0x83, 0x83, 0x82, 0xCC, 0x8A, 0x6D, 0x95, 0xDB, 0x82, 0xC9, 0x8E, 0xB8, 0x94, 0x73, 0x0A,
    0x00, 0x00, 0x00, 0x00, 0x5B, 0x25, 0x73, 0x5D, 0x20, 0x83, 0x4A, 0x83, 0x81, 0x83, 0x89, 0x82,
    0xCC, 0x8A, 0x6D, 0x95, 0xDB, 0x82, 0xC9, 0x8E, 0xB8, 0x94, 0x73, 0x0A, 0x00, 0x00, 0x00, 0x00,
};

const u8 lbl_80272000[32] = {
    0x5B, 0x25, 0x73, 0x5D, 0x20, 0x94, 0xCD, 0x88, 0xCD, 0x8A, 0x4F, 0x83, 0x41, 0x83, 0x4E, 0x83,
    0x5A, 0x83, 0x58, 0x82, 0xC5, 0x82, 0xB7, 0x0A, 0x00, 0x00, 0x00, 0x00, 0x00, 0x00, 0x00, 0x00,
};

const u8 lbl_80272020[36] = {
    0x3F, 0x80, 0x00, 0x00, 0x00, 0x00, 0x00, 0x00, 0x00, 0x00, 0x00, 0x00, 0x00, 0x00, 0x00, 0x00,
    0x3F, 0x80, 0x00, 0x00, 0x00, 0x00, 0x00, 0x00, 0x00, 0x00, 0x00, 0x00, 0x00, 0x00, 0x00, 0x00,
    0x3F, 0x80, 0x00, 0x00,
};

const u8 lbl_80272044[12] = {
    0x00, 0x00, 0x00, 0x00, 0x00, 0x00, 0x00, 0x01, 0x00, 0x00, 0x00, 0x02,
};

const u8 lbl_80272050[50] = {
    0x47, 0x53, 0x63, 0x6F, 0x6C, 0x73, 0x79, 0x73, 0x32, 0x44, 0x72, 0x61, 0x77, 0x20, 0x3A, 0x20,
    0x63, 0x61, 0x6E, 0x27, 0x74, 0x20, 0x61, 0x6C, 0x6C, 0x6F, 0x63, 0x20, 0x64, 0x69, 0x73, 0x70,
    0x6C, 0x61, 0x79, 0x20, 0x6C, 0x69, 0x73, 0x74, 0x20, 0x6D, 0x65, 0x6D, 0x6F, 0x72, 0x79, 0x2E,
    0x0A, 0x00,
};

const u8 gap_04_80272082_rodata[6] = {
    0x00, 0x00, 0x00, 0x00, 0x00, 0x00,
};

const u8 lbl_80272088[12] = {
    0x00, 0x00, 0x00, 0x00, 0x41, 0x60, 0x00, 0x00, 0x00, 0x00, 0x00, 0x00,
};

const void* lbl_80272094[3] = {
    (void*)fn_8011207C,
    (void*)fn_80111F2C,
    (void*)fn_80111DF8,
};

const u8 lbl_802720A0[16] = {
    0x00, 0x00, 0x00, 0x00, 0x00, 0x00, 0x00, 0x00, 0x00, 0x00, 0x00, 0x00, 0x00, 0x00, 0x00, 0x00,
};

const u8 lbl_802720B0[11] = {
    0x73, 0x63, 0x65, 0x6E, 0x65, 0x5F, 0x64, 0x61, 0x74, 0x61, 0x00,
};

const u8 gap_04_802720BB_rodata[1] = {
    0x00,
};

const u8 lbl_802720BC[16] = {
    0x93, 0xC7, 0x82, 0xDD, 0x8F, 0x6F, 0x82, 0xB5, 0x83, 0x47, 0x83, 0x89, 0x81, 0x5B, 0x0A, 0x00,
};

const u8 lbl_802720CC[308] = {
    0x45, 0x72, 0x72, 0x6F, 0x72, 0x21, 0x20, 0x5B, 0x25, 0x73, 0x5D, 0x20, 0x90, 0x6C, 0x82, 0xCC,
    0x8F, 0x89, 0x8A, 0xFA, 0x89, 0xBB, 0x82, 0xC9, 0x8E, 0xB8, 0x94, 0x73, 0x0A, 0x00, 0x00, 0x00,
    0x45, 0x72, 0x72, 0x6F, 0x72, 0x21, 0x20, 0x25, 0x73, 0x3A, 0x20, 0x63, 0x6F, 0x75, 0x6C, 0x64,
    0x6E, 0x27, 0x74, 0x20, 0x6C, 0x6F, 0x61, 0x64, 0x20, 0x6D, 0x6F, 0x64, 0x65, 0x6C, 0x20, 0x25,
    0x64, 0x0A, 0x00, 0x00, 0x83, 0x7D, 0x83, 0x62, 0x83, 0x76, 0x83, 0x82, 0x83, 0x66, 0x83, 0x8B,
    0x82, 0xCC, 0x8F, 0x89, 0x8A, 0xFA, 0x89, 0xBB, 0x82, 0xC9, 0x8E, 0xB8, 0x94, 0x73, 0x0A, 0x00,
    0x50, 0x41, 0x53, 0x53, 0x20, 0x45, 0x56, 0x45, 0x4E, 0x54, 0x20, 0x3D, 0x20, 0x25, 0x64, 0x00,
    0x54, 0x4F, 0x55, 0x43, 0x48, 0x20, 0x45, 0x56, 0x45, 0x4E, 0x54, 0x20, 0x3D, 0x20, 0x25, 0x64,
    0x00, 0x00, 0x00, 0x00, 0x43, 0x48, 0x45, 0x43, 0x4B, 0x20, 0x45, 0x56, 0x45, 0x4E, 0x54, 0x20,
    0x3D, 0x20, 0x25, 0x64, 0x00, 0x00, 0x00, 0x00, 0x45, 0x72, 0x72, 0x6F, 0x72, 0x21, 0x21, 0x20,
    0x25, 0x73, 0x3A, 0x20, 0x6F, 0x62, 0x6A, 0x49, 0x44, 0x20, 0x69, 0x73, 0x20, 0x7A, 0x65, 0x72,
    0x6F, 0x0A, 0x00, 0x00, 0x25, 0x73, 0x3A, 0x20, 0x67, 0x6F, 0x74, 0x20, 0x4E, 0x55, 0x4C, 0x4C,
    0x20, 0x70, 0x6F, 0x69, 0x6E, 0x74, 0x65, 0x72, 0x20, 0x61, 0x72, 0x63, 0x68, 0x69, 0x76, 0x65,
    0x0A, 0x00, 0x00, 0x00, 0x25, 0x73, 0x3A, 0x20, 0x67, 0x6F, 0x74, 0x20, 0x4E, 0x55, 0x4C, 0x4C,
    0x20, 0x70, 0x6F, 0x69, 0x6E, 0x74, 0x65, 0x72, 0x20, 0x73, 0x63, 0x65, 0x6E, 0x65, 0x20, 0x64,
    0x65, 0x73, 0x63, 0x72, 0x69, 0x70, 0x74, 0x6F, 0x72, 0x0A, 0x00, 0x00, 0x25, 0x73, 0x3A, 0x20,
    0x63, 0x6F, 0x75, 0x6C, 0x64, 0x6E, 0x27, 0x74, 0x20, 0x6C, 0x6F, 0x61, 0x64, 0x20, 0x6D, 0x6F,
    0x64, 0x65, 0x6C, 0x0A, 0x00, 0x00, 0x00, 0x00, 0x83, 0x82, 0x83, 0x66, 0x83, 0x8B, 0x82, 0xCC,
    0x8F, 0x89, 0x8A, 0xFA, 0x89, 0xBB, 0x82, 0xC9, 0x8E, 0xB8, 0x94, 0x73, 0x0A, 0x00, 0x00, 0x00,
    0x00, 0x00, 0x00, 0x00,
};

const u8 lbl_80272200[55] = {
    0x66, 0x6C, 0x6F, 0x6F, 0x72, 0x52, 0x65, 0x61, 0x64, 0x47, 0x46, 0x4C, 0x50, 0x72, 0x65, 0x46,
    0x75, 0x6E, 0x63, 0x28, 0x29, 0x3A, 0x20, 0x63, 0x61, 0x6E, 0x27, 0x74, 0x20, 0x61, 0x6C, 0x6C,
    0x6F, 0x63, 0x20, 0x25, 0x64, 0x20, 0x62, 0x79, 0x74, 0x65, 0x73, 0x20, 0x6F, 0x66, 0x20, 0x6D,
    0x65, 0x6D, 0x6F, 0x72, 0x79, 0x0A, 0x00,
};

const u8 gap_04_80272237_rodata[1] = {
    0x00,
};

const u8 lbl_80272238[56] = {
    0x45, 0x52, 0x52, 0x4F, 0x52, 0x3A, 0x20, 0x4F, 0x76, 0x65, 0x72, 0x20, 0x53, 0x6F, 0x75, 0x6E,
    0x64, 0x20, 0x42, 0x75, 0x66, 0x66, 0x65, 0x72, 0x21, 0x20, 0x73, 0x6E, 0x64, 0x5F, 0x72, 0x65,
    0x73, 0x5F, 0x69, 0x64, 0x3D, 0x25, 0x64, 0x20, 0x62, 0x75, 0x66, 0x66, 0x65, 0x72, 0x20, 0x73,
    0x69, 0x7A, 0x65, 0x3D, 0x25, 0x64, 0x0A, 0x00,
};

const u8 lbl_80272270[60] = {
    0x66, 0x6C, 0x6F, 0x6F, 0x72, 0x52, 0x65, 0x61, 0x64, 0x50, 0x61, 0x72, 0x74, 0x69, 0x63, 0x6C,
    0x65, 0x50, 0x72, 0x65, 0x46, 0x75, 0x6E, 0x63, 0x28, 0x29, 0x3A, 0x20, 0x63, 0x61, 0x6E, 0x27,
    0x74, 0x20, 0x61, 0x6C, 0x6C, 0x6F, 0x63, 0x20, 0x25, 0x64, 0x20, 0x62, 0x79, 0x74, 0x65, 0x73,
    0x20, 0x6F, 0x66, 0x20, 0x6D, 0x65, 0x6D, 0x6F, 0x72, 0x79, 0x0A, 0x00,
};

const u8 lbl_802722AC[11] = {
    0x73, 0x63, 0x65, 0x6E, 0x65, 0x5F, 0x64, 0x61, 0x74, 0x61, 0x00,
};

const u8 gap_04_802722B7_rodata[1] = {
    0x00,
};

const u8 lbl_802722B8[55] = {
    0x66, 0x6C, 0x6F, 0x6F, 0x72, 0x52, 0x65, 0x61, 0x64, 0x57, 0x5A, 0x58, 0x50, 0x72, 0x65, 0x46,
    0x75, 0x6E, 0x63, 0x28, 0x29, 0x3A, 0x20, 0x63, 0x61, 0x6E, 0x27, 0x74, 0x20, 0x61, 0x6C, 0x6C,
    0x6F, 0x63, 0x20, 0x25, 0x64, 0x20, 0x62, 0x79, 0x74, 0x65, 0x73, 0x20, 0x6F, 0x66, 0x20, 0x6D,
    0x65, 0x6D, 0x6F, 0x72, 0x79, 0x0A, 0x00,
};

const u8 gap_04_802722EF_rodata[1] = {
    0x00,
};

const u8 lbl_802722F0[55] = {
    0x66, 0x6C, 0x6F, 0x6F, 0x72, 0x52, 0x65, 0x61, 0x64, 0x50, 0x4B, 0x58, 0x50, 0x72, 0x65, 0x46,
    0x75, 0x6E, 0x63, 0x28, 0x29, 0x3A, 0x20, 0x63, 0x61, 0x6E, 0x27, 0x74, 0x20, 0x61, 0x6C, 0x6C,
    0x6F, 0x63, 0x20, 0x25, 0x64, 0x20, 0x62, 0x79, 0x74, 0x65, 0x73, 0x20, 0x6F, 0x66, 0x20, 0x6D,
    0x65, 0x6D, 0x6F, 0x72, 0x79, 0x0A, 0x00,
};

const u8 gap_04_80272327_rodata[1] = {
    0x00,
};

const u8 lbl_80272328[52] = {
    0x66, 0x6C, 0x6F, 0x6F, 0x72, 0x52, 0x65, 0x61, 0x64, 0x54, 0x65, 0x78, 0x50, 0x6F, 0x73, 0x74,
    0x46, 0x75, 0x6E, 0x63, 0x28, 0x29, 0x3A, 0x20, 0x83, 0x65, 0x83, 0x4E, 0x83, 0x58, 0x83, 0x60,
    0x83, 0x83, 0x82, 0xCC, 0x8F, 0x89, 0x8A, 0xFA, 0x89, 0xBB, 0x82, 0xC9, 0x8E, 0xB8, 0x94, 0x73,
    0x0A, 0x00, 0x00, 0x00,
};

const u8 lbl_8027235C[56] = {
    0x66, 0x6C, 0x6F, 0x6F, 0x72, 0x52, 0x65, 0x61, 0x64, 0x54, 0x65, 0x78, 0x50, 0x72, 0x65, 0x46,
    0x75, 0x6E, 0x63, 0x28, 0x29, 0x3A, 0x20, 0x63, 0x61, 0x6E, 0x27, 0x74, 0x20, 0x61, 0x6C, 0x6C,
    0x6F, 0x63, 0x20, 0x25, 0x64, 0x20, 0x62, 0x79, 0x74, 0x65, 0x73, 0x20, 0x6F, 0x66, 0x20, 0x6D,
    0x65, 0x6D, 0x6F, 0x72, 0x79, 0x20, 0x0A, 0x00,
};

const u8 lbl_80272394[148] = {
    0x66, 0x6C, 0x6F, 0x6F, 0x72, 0x52, 0x65, 0x61, 0x64, 0x43, 0x6F, 0x6C, 0x50, 0x72, 0x65, 0x46,
    0x75, 0x6E, 0x63, 0x28, 0x29, 0x3A, 0x20, 0x63, 0x61, 0x6E, 0x27, 0x74, 0x20, 0x61, 0x6C, 0x6C,
    0x6F, 0x63, 0x20, 0x25, 0x64, 0x20, 0x62, 0x79, 0x74, 0x65, 0x73, 0x20, 0x6F, 0x66, 0x20, 0x6D,
    0x65, 0x6D, 0x6F, 0x72, 0x79, 0x0A, 0x00, 0x00, 0x5F, 0x72, 0x65, 0x67, 0x69, 0x73, 0x74, 0x65,
    0x72, 0x43, 0x61, 0x6D, 0x65, 0x72, 0x61, 0x3A, 0x20, 0x67, 0x6F, 0x74, 0x20, 0x4E, 0x55, 0x4C,
    0x4C, 0x20, 0x70, 0x6F, 0x69, 0x6E, 0x74, 0x65, 0x72, 0x20, 0x73, 0x63, 0x65, 0x6E, 0x65, 0x20,
    0x64, 0x65, 0x73, 0x63, 0x72, 0x69, 0x70, 0x74, 0x6F, 0x72, 0x0A, 0x00, 0x5F, 0x72, 0x65, 0x67,
    0x69, 0x73, 0x74, 0x65, 0x72, 0x43, 0x61, 0x6D, 0x65, 0x72, 0x61, 0x3A, 0x20, 0x63, 0x6F, 0x75,
    0x6C, 0x64, 0x6E, 0x27, 0x74, 0x20, 0x6C, 0x6F, 0x61, 0x64, 0x20, 0x63, 0x61, 0x6D, 0x65, 0x72,
    0x61, 0x0A, 0x00, 0x00,
};

const u8 lbl_80272428[56] = {
    0x66, 0x6C, 0x6F, 0x6F, 0x72, 0x52, 0x65, 0x61, 0x64, 0x43, 0x61, 0x6D, 0x65, 0x72, 0x61, 0x50,
    0x72, 0x65, 0x46, 0x75, 0x6E, 0x63, 0x3A, 0x20, 0x63, 0x61, 0x6E, 0x27, 0x74, 0x20, 0x61, 0x6C,
    0x6C, 0x6F, 0x63, 0x20, 0x25, 0x64, 0x20, 0x62, 0x79, 0x74, 0x65, 0x73, 0x20, 0x6F, 0x66, 0x20,
    0x6D, 0x65, 0x6D, 0x6F, 0x72, 0x79, 0x0A, 0x00,
};

const u8 lbl_80272460[136] = {
    0x66, 0x6C, 0x6F, 0x6F, 0x72, 0x52, 0x65, 0x61, 0x64, 0x4F, 0x62, 0x6A, 0x50, 0x72, 0x65, 0x46,
    0x75, 0x6E, 0x63, 0x3A, 0x20, 0x63, 0x61, 0x6E, 0x27, 0x74, 0x20, 0x61, 0x6C, 0x6C, 0x6F, 0x63,
    0x20, 0x25, 0x64, 0x20, 0x62, 0x79, 0x74, 0x65, 0x73, 0x20, 0x6F, 0x66, 0x20, 0x6D, 0x65, 0x6D,
    0x6F, 0x72, 0x79, 0x0A, 0x00, 0x00, 0x00, 0x00, 0x45, 0x72, 0x72, 0x6F, 0x72, 0x21, 0x20, 0x66,
    0x6C, 0x6F, 0x6F, 0x72, 0x52, 0x65, 0x61, 0x64, 0x4D, 0x61, 0x70, 0x50, 0x6F, 0x73, 0x74, 0x46,
    0x75, 0x6E, 0x63, 0x3A, 0x20, 0x63, 0x6F, 0x75, 0x6C, 0x64, 0x6E, 0x27, 0x74, 0x20, 0x6C, 0x6F,
    0x61, 0x64, 0x20, 0x6C, 0x69, 0x67, 0x68, 0x74, 0x20, 0x25, 0x64, 0x0A, 0x00, 0x00, 0x00, 0x00,
    0x83, 0x89, 0x83, 0x43, 0x83, 0x67, 0x82, 0xCC, 0x8F, 0x89, 0x8A, 0xFA, 0x89, 0xBB, 0x82, 0xC9,
    0x8E, 0xB8, 0x94, 0x73, 0x0A, 0x00, 0x00, 0x00,
};

const u8 lbl_802724E8[53] = {
    0x66, 0x6C, 0x6F, 0x6F, 0x72, 0x52, 0x65, 0x61, 0x64, 0x4D, 0x61, 0x70, 0x50, 0x72, 0x65, 0x46,
    0x75, 0x6E, 0x63, 0x3A, 0x20, 0x63, 0x61, 0x6E, 0x27, 0x74, 0x20, 0x61, 0x6C, 0x6C, 0x6F, 0x63,
    0x20, 0x25, 0x64, 0x20, 0x62, 0x79, 0x74, 0x65, 0x73, 0x20, 0x6F, 0x66, 0x20, 0x6D, 0x65, 0x6D,
    0x6F, 0x72, 0x79, 0x0A, 0x00,
};

const u8 gap_04_8027251D_rodata[3] = {
    0x00, 0x00, 0x00,
};

const u8 lbl_80272520[58] = {
    0x66, 0x6C, 0x6F, 0x6F, 0x72, 0x52, 0x65, 0x61, 0x64, 0x53, 0x63, 0x72, 0x69, 0x70, 0x74, 0x50,
    0x72, 0x65, 0x46, 0x75, 0x6E, 0x63, 0x28, 0x29, 0x3A, 0x20, 0x63, 0x61, 0x6E, 0x27, 0x74, 0x20,
    0x61, 0x6C, 0x6C, 0x6F, 0x63, 0x20, 0x25, 0x64, 0x20, 0x62, 0x79, 0x74, 0x65, 0x73, 0x20, 0x6F,
    0x66, 0x20, 0x6D, 0x65, 0x6D, 0x6F, 0x72, 0x79, 0x0A, 0x00,
};

const u8 gap_04_8027255A_rodata[2] = {
    0x00, 0x00,
};

const u8 lbl_8027255C[56] = {
    0x66, 0x6C, 0x6F, 0x6F, 0x72, 0x52, 0x65, 0x61, 0x64, 0x46, 0x6F, 0x6E, 0x74, 0x50, 0x72, 0x65,
    0x46, 0x75, 0x6E, 0x63, 0x28, 0x29, 0x3A, 0x20, 0x63, 0x61, 0x6E, 0x27, 0x74, 0x20, 0x61, 0x6C,
    0x6C, 0x6F, 0x63, 0x20, 0x25, 0x64, 0x20, 0x62, 0x79, 0x74, 0x65, 0x73, 0x20, 0x6F, 0x66, 0x20,
    0x6D, 0x65, 0x6D, 0x6F, 0x72, 0x79, 0x0A, 0x00,
};

const u8 lbl_80272594[55] = {
    0x66, 0x6C, 0x6F, 0x6F, 0x72, 0x52, 0x65, 0x61, 0x64, 0x4D, 0x73, 0x67, 0x50, 0x72, 0x65, 0x46,
    0x75, 0x6E, 0x63, 0x28, 0x29, 0x3A, 0x20, 0x63, 0x61, 0x6E, 0x27, 0x74, 0x20, 0x61, 0x6C, 0x6C,
    0x6F, 0x63, 0x20, 0x25, 0x64, 0x20, 0x62, 0x79, 0x74, 0x65, 0x73, 0x20, 0x6F, 0x66, 0x20, 0x6D,
    0x65, 0x6D, 0x6F, 0x72, 0x79, 0x0A, 0x00,
};

const u8 gap_04_802725CB_rodata[1] = {
    0x00,
};

const u8 lbl_802725CC[58] = {
    0x66, 0x6C, 0x6F, 0x6F, 0x72, 0x52, 0x65, 0x61, 0x64, 0x4E, 0x6F, 0x72, 0x6D, 0x61, 0x6C, 0x50,
    0x72, 0x65, 0x46, 0x75, 0x6E, 0x63, 0x28, 0x29, 0x3A, 0x20, 0x63, 0x61, 0x6E, 0x27, 0x74, 0x20,
    0x61, 0x6C, 0x6C, 0x6F, 0x63, 0x20, 0x25, 0x64, 0x20, 0x62, 0x79, 0x74, 0x65, 0x73, 0x20, 0x6F,
    0x66, 0x20, 0x6D, 0x65, 0x6D, 0x6F, 0x72, 0x79, 0x0A, 0x00,
};

const u8 gap_04_80272606_rodata[2] = {
    0x00, 0x00,
};

const u8 lbl_80272608[36] = {
    0x45, 0x72, 0x72, 0x6F, 0x72, 0x21, 0x20, 0x25, 0x73, 0x3A, 0x20, 0x83, 0x74, 0x83, 0x8D, 0x83,
    0x41, 0x8F, 0xEE, 0x95, 0xF1, 0x82, 0xCC, 0x8E, 0xE6, 0x93, 0xBE, 0x82, 0xC9, 0x8E, 0xB8, 0x94,
    0x73, 0x0A, 0x00, 0x00,
};

const u8 lbl_8027262C[44] = {
    0x45, 0x72, 0x72, 0x6F, 0x72, 0x21, 0x20, 0x25, 0x73, 0x3A, 0x20, 0x83, 0x74, 0x83, 0x8D, 0x83,
    0x41, 0x83, 0x8A, 0x83, 0x81, 0x5B, 0x83, 0x58, 0x8F, 0xEE, 0x95, 0xF1, 0x82, 0xCC, 0x8E, 0xE6,
    0x93, 0xBE, 0x82, 0xC9, 0x8E, 0xB8, 0x94, 0x73, 0x0A, 0x00, 0x00, 0x00,
};

const u8 lbl_80272658[40] = {
    0x45, 0x72, 0x72, 0x6F, 0x72, 0x21, 0x20, 0x25, 0x73, 0x3A, 0x20, 0x83, 0x8A, 0x83, 0x81, 0x5B,
    0x83, 0x58, 0x82, 0xCC, 0x83, 0x5A, 0x83, 0x62, 0x83, 0x67, 0x82, 0xC9, 0x8E, 0xB8, 0x94, 0x73,
    0x20, 0x25, 0x64, 0x0A, 0x00, 0x00, 0x00, 0x00,
};

const u8 lbl_80272680[44] = {
    0x45, 0x72, 0x72, 0x6F, 0x72, 0x21, 0x20, 0x25, 0x73, 0x3A, 0x20, 0x83, 0x7D, 0x83, 0x62, 0x83,
    0x76, 0x83, 0x8A, 0x83, 0x81, 0x5B, 0x83, 0x58, 0x82, 0xCC, 0x83, 0x5A, 0x83, 0x62, 0x83, 0x67,
    0x82, 0xC9, 0x8E, 0xB8, 0x94, 0x73, 0x20, 0x25, 0x64, 0x0A, 0x00, 0x00,
};

const u8 lbl_802726AC[40] = {
    0x45, 0x72, 0x72, 0x6F, 0x72, 0x21, 0x20, 0x25, 0x73, 0x3A, 0x20, 0x83, 0x7D, 0x83, 0x62, 0x83,
    0x76, 0x83, 0x8A, 0x83, 0x81, 0x5B, 0x83, 0x58, 0x82, 0xCC, 0x8E, 0xE6, 0x93, 0xBE, 0x82, 0xC9,
    0x8E, 0xB8, 0x94, 0x73, 0x0A, 0x00, 0x00, 0x00,
};

const u8 lbl_802726D4[52] = {
    0x45, 0x72, 0x72, 0x6F, 0x72, 0x21, 0x20, 0x25, 0x73, 0x3A, 0x20, 0x83, 0x74, 0x83, 0x8D, 0x83,
    0x41, 0x83, 0x66, 0x81, 0x5B, 0x83, 0x5E, 0x83, 0x65, 0x81, 0x5B, 0x83, 0x75, 0x83, 0x8B, 0x82,
    0xCC, 0x8E, 0xE6, 0x93, 0xBE, 0x82, 0xC9, 0x8E, 0xB8, 0x94, 0x73, 0x0A, 0x00, 0x00, 0x00, 0x00,
    0x00, 0x00, 0x00, 0x00,
};

const u8 lbl_80272708[104] = {
    0x5B, 0x25, 0x73, 0x5D, 0x20, 0x52, 0x61, 0x6E, 0x67, 0x65, 0x20, 0x4F, 0x76, 0x65, 0x72, 0x21,
    0x21, 0x0A, 0x00, 0x00, 0x70, 0x61, 0x73, 0x73, 0x20, 0x65, 0x76, 0x65, 0x6E, 0x74, 0x20, 0x3D,
    0x20, 0x25, 0x64, 0x0A, 0x00, 0x00, 0x00, 0x00, 0x74, 0x6F, 0x75, 0x63, 0x68, 0x20, 0x65, 0x76,
    0x65, 0x6E, 0x74, 0x20, 0x3D, 0x20, 0x25, 0x64, 0x0A, 0x00, 0x00, 0x00, 0x63, 0x68, 0x65, 0x63,
    0x6B, 0x20, 0x65, 0x76, 0x65, 0x6E, 0x74, 0x20, 0x3D, 0x20, 0x25, 0x64, 0x0A, 0x00, 0x00, 0x00,
    0x6D, 0x65, 0x6E, 0x75, 0x20, 0x65, 0x76, 0x65, 0x6E, 0x74, 0x20, 0x3D, 0x20, 0x25, 0x64, 0x0A,
    0x00, 0x00, 0x00, 0x00, 0x00, 0x00, 0x00, 0x00,
};

const u8 lbl_80272770[70] = {
    0x66, 0x6C, 0x6F, 0x6F, 0x72, 0x55, 0x70, 0x64, 0x61, 0x74, 0x65, 0x46, 0x69, 0x65, 0x6C, 0x64,
    0x43, 0x61, 0x6D, 0x65, 0x72, 0x61, 0x3A, 0x20, 0x65, 0x72, 0x72, 0x6F, 0x72, 0x20, 0x75, 0x70,
    0x64, 0x61, 0x74, 0x69, 0x6E, 0x67, 0x20, 0x66, 0x69, 0x65, 0x6C, 0x64, 0x20, 0x63, 0x61, 0x6D,
    0x65, 0x72, 0x61, 0x20, 0x2D, 0x20, 0x64, 0x69, 0x76, 0x69, 0x64, 0x65, 0x20, 0x62, 0x79, 0x20,
    0x7A, 0x65, 0x72, 0x6F, 0x21, 0x00,
};

const u8 gap_04_802727B6_rodata[2] = {
    0x00, 0x00,
};

const u8 lbl_802727B8[16] = {
    0x00, 0x00, 0x00, 0x00, 0x00, 0x00, 0x00, 0x00, 0x00, 0x00, 0x00, 0x00, 0x00, 0x00, 0x00, 0x00,
};

const void* lbl_802727C8[4] = {
    (void*)fn_80118100,
    (void*)fn_80118070,
    (void*)fn_80118068,
    (void*)0x00000000,
};

const u8 lbl_802727D8[368] = {
    0x47, 0x53, 0x70, 0x61, 0x72, 0x74, 0x69, 0x63, 0x6C, 0x65, 0x3A, 0x20, 0x63, 0x68, 0x61, 0x6E,
    0x67, 0x69, 0x6E, 0x67, 0x20, 0x74, 0x68, 0x65, 0x20, 0x5A, 0x20, 0x64, 0x72, 0x61, 0x77, 0x20,
    0x66, 0x6C, 0x61, 0x67, 0x20, 0x6F, 0x66, 0x20, 0x61, 0x20, 0x67, 0x65, 0x6E, 0x65, 0x72, 0x61,
    0x74, 0x6F, 0x72, 0x20, 0x63, 0x75, 0x72, 0x72, 0x65, 0x6E, 0x74, 0x6C, 0x79, 0x20, 0x68, 0x61,
    0x73, 0x20, 0x6E, 0x6F, 0x20, 0x65, 0x66, 0x66, 0x65, 0x63, 0x74, 0x0A, 0x00, 0x00, 0x00, 0x00,
    0x47, 0x53, 0x70, 0x61, 0x72, 0x74, 0x69, 0x63, 0x6C, 0x65, 0x3A, 0x20, 0x2A, 0x2A, 0x2A, 0x2A,
    0x2A, 0x2A, 0x2A, 0x2A, 0x2A, 0x2A, 0x2A, 0x2A, 0x2A, 0x2A, 0x2A, 0x2A, 0x2A, 0x2A, 0x2A, 0x2A,
    0x2A, 0x2A, 0x2A, 0x2A, 0x2A, 0x2A, 0x2A, 0x2A, 0x2A, 0x2A, 0x2A, 0x2A, 0x2A, 0x2A, 0x2A, 0x2A,
    0x2A, 0x2A, 0x2A, 0x2A, 0x2A, 0x2A, 0x2A, 0x2A, 0x2A, 0x2A, 0x2A, 0x2A, 0x2A, 0x2A, 0x2A, 0x2A,
    0x2A, 0x2A, 0x2A, 0x2A, 0x2A, 0x2A, 0x2A, 0x2A, 0x2A, 0x2A, 0x2A, 0x2A, 0x2A, 0x2A, 0x2A, 0x2A,
    0x2A, 0x2A, 0x2A, 0x2A, 0x2A, 0x2A, 0x2A, 0x0A, 0x00, 0x00, 0x00, 0x00, 0x47, 0x53, 0x70, 0x61,
    0x72, 0x74, 0x69, 0x63, 0x6C, 0x65, 0x3A, 0x20, 0x2A, 0x2A, 0x2A, 0x2A, 0x2A, 0x2A, 0x2A, 0x2A,
    0x2A, 0x2A, 0x2A, 0x2A, 0x2A, 0x20, 0x76, 0x65, 0x72, 0x73, 0x69, 0x6F, 0x6E, 0x20, 0x30, 0x20,
    0x2E, 0x67, 0x70, 0x74, 0x20, 0x66, 0x69, 0x6C, 0x65, 0x73, 0x20, 0x61, 0x72, 0x65, 0x20, 0x6E,
    0x6F, 0x20, 0x6C, 0x6F, 0x6E, 0x67, 0x65, 0x72, 0x20, 0x73, 0x75, 0x70, 0x70, 0x6F, 0x72, 0x74,
    0x65, 0x64, 0x20, 0x2A, 0x2A, 0x2A, 0x2A, 0x2A, 0x2A, 0x2A, 0x2A, 0x2A, 0x2A, 0x2A, 0x2A, 0x2A,
    0x2A, 0x2A, 0x2A, 0x0A, 0x00, 0x00, 0x00, 0x00, 0x47, 0x53, 0x70, 0x61, 0x72, 0x74, 0x69, 0x63,
    0x6C, 0x65, 0x3A, 0x20, 0x75, 0x6E, 0x6B, 0x6E, 0x6F, 0x77, 0x6E, 0x20, 0x76, 0x65, 0x72, 0x73,
    0x69, 0x6F, 0x6E, 0x0A, 0x00, 0x00, 0x00, 0x00, 0x47, 0x53, 0x70, 0x61, 0x72, 0x74, 0x69, 0x63,
    0x6C, 0x65, 0x3A, 0x20, 0x76, 0x65, 0x72, 0x73, 0x69, 0x6F, 0x6E, 0x20, 0x6D, 0x69, 0x73, 0x6D,
    0x61, 0x74, 0x63, 0x68, 0x20, 0x62, 0x65, 0x74, 0x77, 0x65, 0x65, 0x6E, 0x20, 0x73, 0x79, 0x73,
    0x74, 0x65, 0x6D, 0x28, 0x25, 0x64, 0x29, 0x20, 0x61, 0x6E, 0x64, 0x20, 0x70, 0x74, 0x63, 0x6C,
    0x2D, 0x66, 0x69, 0x6C, 0x65, 0x28, 0x25, 0x64, 0x29, 0x00, 0x00, 0x00, 0x00, 0x00, 0x00, 0x00,
};

const u8 lbl_80272948[36] = {
    0x00, 0x8D, 0x00, 0x0A, 0x00, 0x00, 0x00, 0x8E, 0x00, 0x0B, 0x00, 0x00, 0x00, 0x8F, 0x00, 0x0C,
    0x00, 0x00, 0x00, 0x90, 0x00, 0x0D, 0x00, 0x00, 0x00, 0x91, 0x00, 0x0E, 0x00, 0x00, 0x00, 0x92,
    0x00, 0x0F, 0x00, 0x00,
};

const u8 lbl_8027296C[44] = {
    0x00, 0x16, 0x00, 0x1E, 0x00, 0x17, 0x00, 0x28, 0x00, 0x02, 0x00, 0x32, 0x00, 0x44, 0x00, 0x3C,
    0x00, 0x13, 0x00, 0x46, 0x00, 0x18, 0x00, 0x50, 0x00, 0x6E, 0x00, 0x5A, 0x00, 0x40, 0x00, 0x5F,
    0x00, 0x45, 0x00, 0x63, 0x00, 0xBB, 0x00, 0x01, 0x00, 0x00, 0x00, 0x00,
};

const u8 lbl_80272998[12] = {
    0x00, 0xB0, 0x00, 0xB1, 0x00, 0xB2, 0x00, 0xB3, 0x00, 0xB4, 0x00, 0x00,
};

const u8 lbl_802729A4[28] = {
    0x00, 0xA3, 0x00, 0xA4, 0x00, 0xA5, 0x00, 0xA6, 0x00, 0xA7, 0x00, 0xA8, 0x00, 0xA9, 0x00, 0xAA,
    0x00, 0xAB, 0x00, 0xAC, 0x00, 0xAD, 0x00, 0xAE, 0x00, 0x00, 0x00, 0x00,
};

const u8 lbl_802729C0[80] = {
    0x00, 0x00, 0x00, 0x4C, 0x00, 0x00, 0x00, 0x4D, 0x00, 0x00, 0x00, 0x4E, 0x00, 0x00, 0x00, 0x4F,
    0x00, 0x00, 0x00, 0x50, 0x00, 0x00, 0x00, 0x51, 0x00, 0x00, 0x00, 0x52, 0x00, 0x00, 0x00, 0x53,
    0x00, 0x00, 0x00, 0x54, 0x00, 0x00, 0x00, 0x55, 0x00, 0x00, 0x00, 0x56, 0x00, 0x00, 0x00, 0x57,
    0x00, 0x00, 0x00, 0x58, 0x00, 0x00, 0x00, 0x59, 0x00, 0x00, 0x00, 0x5A, 0x00, 0x00, 0x00, 0x5B,
    0x00, 0x00, 0x00, 0x5C, 0x00, 0x00, 0x00, 0x5D, 0x00, 0x00, 0x00, 0x5E, 0x00, 0x00, 0x00, 0x5F,
};

const u8 lbl_80272A10[40] = {
    0x00, 0x00, 0x00, 0x00, 0x00, 0xF7, 0x04, 0x00, 0x00, 0x00, 0x00, 0x01, 0x0D, 0x22, 0x04, 0x00,
    0x00, 0x00, 0x00, 0x02, 0x03, 0x1E, 0x04, 0x00, 0x00, 0x00, 0x00, 0x03, 0x0D, 0x27, 0x04, 0x00,
    0x00, 0x00, 0x00, 0x04, 0x0D, 0x26, 0x04, 0x00,
};

const u8 lbl_80272A38[32] = {
    0x00, 0x00, 0x00, 0x1C, 0x00, 0x00, 0x00, 0x21, 0xFF, 0xFF, 0xFF, 0xFF, 0xFF, 0xFF, 0xFF, 0xFF,
    0x00, 0x00, 0x00, 0x16, 0x00, 0x00, 0x00, 0x1B, 0xFF, 0xFF, 0xFF, 0xFF, 0xFF, 0xFF, 0xFF, 0xFF,
};

const u8 lbl_80272A58[73] = {
    0x47, 0x53, 0x65, 0x66, 0x66, 0x65, 0x63, 0x74, 0x3A, 0x20, 0x43, 0x61, 0x6E, 0x6E, 0x6F, 0x74,
    0x20, 0x74, 0x72, 0x69, 0x67, 0x67, 0x65, 0x72, 0x20, 0x65, 0x66, 0x66, 0x65, 0x63, 0x74, 0x20,
    0x2D, 0x20, 0x69, 0x6E, 0x73, 0x74, 0x61, 0x6E, 0x63, 0x65, 0x20, 0x75, 0x6E, 0x69, 0x6E, 0x69,
    0x74, 0x69, 0x61, 0x6C, 0x69, 0x73, 0x65, 0x64, 0x3A, 0x20, 0x65, 0x66, 0x66, 0x65, 0x63, 0x74,
    0x20, 0x49, 0x44, 0x20, 0x25, 0x64, 0x2E, 0x0A, 0x00,
};

const u8 gap_04_80272AA1_rodata[7] = {
    0x00, 0x00, 0x00, 0x00, 0x00, 0x00, 0x00,
};

const u8 lbl_80272AA8[16] = {
    0x25, 0x73, 0x2F, 0x74, 0x65, 0x73, 0x74, 0x25, 0x30, 0x34, 0x64, 0x2E, 0x74, 0x68, 0x70, 0x00,
};

const u8 lbl_80272AB8[37] = {
    0x4C, 0x61, 0x72, 0x67, 0x65, 0x73, 0x74, 0x20, 0x62, 0x6C, 0x6F, 0x63, 0x6B, 0x20, 0x69, 0x6E,
    0x63, 0x72, 0x65, 0x61, 0x73, 0x65, 0x64, 0x20, 0x62, 0x79, 0x20, 0x25, 0x64, 0x20, 0x62, 0x79,
    0x74, 0x65, 0x73, 0x0A, 0x00,
};

const u8 gap_04_80272ADD_rodata[3] = {
    0x00, 0x00, 0x00,
};

const u8 lbl_80272AE0[16] = {
    0x47, 0x53, 0x6D, 0x65, 0x6D, 0x20, 0x73, 0x74, 0x61, 0x74, 0x65, 0x20, 0x4F, 0x4B, 0x0A, 0x00,
};

const u8 lbl_80272AF0[21] = {
    0x47, 0x53, 0x6D, 0x65, 0x6D, 0x20, 0x73, 0x74, 0x61, 0x74, 0x65, 0x20, 0x62, 0x72, 0x6F, 0x6B,
    0x65, 0x6E, 0x21, 0x0A, 0x00,
};

const u8 gap_04_80272B05_rodata[3] = {
    0x00, 0x00, 0x00,
};

const u8 lbl_80272B08[51] = {
    0x74, 0x72, 0x61, 0x63, 0x65, 0x66, 0x78, 0x53, 0x74, 0x61, 0x72, 0x74, 0x45, 0x66, 0x66, 0x65,
    0x63, 0x74, 0x3A, 0x20, 0x43, 0x6F, 0x75, 0x6C, 0x64, 0x20, 0x6E, 0x6F, 0x74, 0x20, 0x73, 0x74,
    0x61, 0x72, 0x74, 0x20, 0x74, 0x72, 0x61, 0x69, 0x6C, 0x20, 0x65, 0x66, 0x66, 0x65, 0x63, 0x74,
    0x21, 0x0A, 0x00,
};

const u8 gap_04_80272B3B_rodata[5] = {
    0x00, 0x00, 0x00, 0x00, 0x00,
};

const u8 lbl_80272B40[240] = {
    0x6C, 0x69, 0x67, 0x68, 0x74, 0x6E, 0x69, 0x6E, 0x67, 0x53, 0x74, 0x61, 0x72, 0x74, 0x45, 0x66,
    0x66, 0x65, 0x63, 0x74, 0x3A, 0x20, 0x43, 0x6F, 0x75, 0x6C, 0x64, 0x20, 0x6E, 0x6F, 0x74, 0x20,
    0x73, 0x74, 0x61, 0x72, 0x74, 0x20, 0x6C, 0x69, 0x67, 0x68, 0x74, 0x6E, 0x69, 0x6E, 0x67, 0x20,
    0x65, 0x66, 0x66, 0x65, 0x63, 0x74, 0x20, 0x2D, 0x20, 0x69, 0x6E, 0x76, 0x61, 0x6C, 0x69, 0x64,
    0x20, 0x6D, 0x6F, 0x64, 0x65, 0x6C, 0x3A, 0x20, 0x67, 0x72, 0x6F, 0x75, 0x70, 0x20, 0x25, 0x64,
    0x2C, 0x20, 0x6D, 0x6F, 0x64, 0x65, 0x6C, 0x20, 0x25, 0x64, 0x2E, 0x0A, 0x00, 0x00, 0x00, 0x00,
    0x6C, 0x69, 0x67, 0x68, 0x74, 0x6E, 0x69, 0x6E, 0x67, 0x53, 0x74, 0x61, 0x72, 0x74, 0x45, 0x66,
    0x66, 0x65, 0x63, 0x74, 0x3A, 0x20, 0x43, 0x6F, 0x75, 0x6C, 0x64, 0x20, 0x6E, 0x6F, 0x74, 0x20,
    0x73, 0x74, 0x61, 0x72, 0x74, 0x20, 0x6C, 0x69, 0x67, 0x68, 0x74, 0x6E, 0x69, 0x6E, 0x67, 0x20,
    0x65, 0x66, 0x66, 0x65, 0x63, 0x74, 0x20, 0x2D, 0x20, 0x6E, 0x6F, 0x74, 0x20, 0x65, 0x6E, 0x6F,
    0x75, 0x67, 0x68, 0x20, 0x6D, 0x65, 0x6D, 0x6F, 0x72, 0x79, 0x21, 0x0A, 0x00, 0x00, 0x00, 0x00,
    0x6C, 0x69, 0x67, 0x68, 0x74, 0x6E, 0x69, 0x6E, 0x67, 0x53, 0x74, 0x61, 0x72, 0x74, 0x45, 0x66,
    0x66, 0x65, 0x63, 0x74, 0x3A, 0x20, 0x43, 0x6F, 0x75, 0x6C, 0x64, 0x20, 0x6E, 0x6F, 0x74, 0x20,
    0x73, 0x74, 0x61, 0x72, 0x74, 0x20, 0x6C, 0x69, 0x67, 0x68, 0x74, 0x6E, 0x69, 0x6E, 0x67, 0x20,
    0x65, 0x66, 0x66, 0x65, 0x63, 0x74, 0x21, 0x0A, 0x00, 0x00, 0x00, 0x00, 0x00, 0x00, 0x00, 0x00,
};

const u8 lbl_80272C30[96] = {
    0x6C, 0x65, 0x61, 0x66, 0x66, 0x78, 0x53, 0x74, 0x61, 0x72, 0x74, 0x45, 0x66, 0x66, 0x65, 0x63,
    0x74, 0x3A, 0x20, 0x43, 0x6F, 0x75, 0x6C, 0x64, 0x20, 0x6E, 0x6F, 0x74, 0x20, 0x73, 0x74, 0x61,
    0x72, 0x74, 0x20, 0x6C, 0x65, 0x61, 0x66, 0x20, 0x65, 0x66, 0x66, 0x65, 0x63, 0x74, 0x20, 0x2D,
    0x20, 0x69, 0x6E, 0x76, 0x61, 0x6C, 0x69, 0x64, 0x20, 0x6C, 0x65, 0x61, 0x66, 0x20, 0x6D, 0x6F,
    0x64, 0x65, 0x6C, 0x3A, 0x20, 0x67, 0x72, 0x6F, 0x75, 0x70, 0x52, 0x65, 0x73, 0x20, 0x25, 0x64,
    0x2C, 0x20, 0x6D, 0x6F, 0x64, 0x65, 0x6C, 0x52, 0x65, 0x73, 0x20, 0x25, 0x64, 0x21, 0x0A, 0x00,
};

const u8 lbl_80272C90[49] = {
    0x6C, 0x65, 0x61, 0x66, 0x66, 0x78, 0x53, 0x74, 0x61, 0x72, 0x74, 0x45, 0x66, 0x66, 0x65, 0x63,
    0x74, 0x3A, 0x20, 0x43, 0x6F, 0x75, 0x6C, 0x64, 0x20, 0x6E, 0x6F, 0x74, 0x20, 0x73, 0x74, 0x61,
    0x72, 0x74, 0x20, 0x6C, 0x65, 0x61, 0x66, 0x20, 0x65, 0x66, 0x66, 0x65, 0x63, 0x74, 0x21, 0x0A,
    0x00,
};

const u8 gap_04_80272CC1_rodata[3] = {
    0x00, 0x00, 0x00,
};

const u8 lbl_80272CC4[61] = {
    0x5F, 0x6C, 0x65, 0x61, 0x66, 0x66, 0x78, 0x47, 0x65, 0x6E, 0x65, 0x72, 0x61, 0x74, 0x65, 0x4C,
    0x65, 0x61, 0x66, 0x44, 0x61, 0x74, 0x61, 0x3A, 0x20, 0x43, 0x6F, 0x75, 0x6C, 0x64, 0x20, 0x6E,
    0x6F, 0x74, 0x20, 0x63, 0x72, 0x65, 0x61, 0x74, 0x65, 0x20, 0x6C, 0x65, 0x61, 0x66, 0x20, 0x63,
    0x6C, 0x6F, 0x6E, 0x65, 0x20, 0x6D, 0x6F, 0x64, 0x65, 0x6C, 0x2E, 0x0A, 0x00,
};

const u8 gap_04_80272D01_rodata[7] = {
    0x00, 0x00, 0x00, 0x00, 0x00, 0x00, 0x00,
};

const u8 lbl_80272D08[74] = {
    0x6C, 0x65, 0x61, 0x66, 0x66, 0x78, 0x53, 0x74, 0x61, 0x72, 0x74, 0x45, 0x66, 0x66, 0x65, 0x63,
    0x74, 0x3A, 0x20, 0x43, 0x6F, 0x75, 0x6C, 0x64, 0x20, 0x6E, 0x6F, 0x74, 0x20, 0x73, 0x74, 0x61,
    0x72, 0x74, 0x20, 0x6C, 0x69, 0x67, 0x68, 0x74, 0x6E, 0x69, 0x6E, 0x67, 0x20, 0x65, 0x66, 0x66,
    0x65, 0x63, 0x74, 0x20, 0x2D, 0x20, 0x6E, 0x6F, 0x74, 0x20, 0x65, 0x6E, 0x6F, 0x75, 0x67, 0x68,
    0x20, 0x6D, 0x65, 0x6D, 0x6F, 0x72, 0x79, 0x21, 0x0A, 0x00,
};

const u8 gap_04_80272D52_rodata[2] = {
    0x00, 0x00,
};

const u8 lbl_80272D54[54] = {
    0x6C, 0x65, 0x61, 0x66, 0x66, 0x78, 0x53, 0x74, 0x61, 0x72, 0x74, 0x45, 0x66, 0x66, 0x65, 0x63,
    0x74, 0x3A, 0x20, 0x43, 0x6F, 0x75, 0x6C, 0x64, 0x20, 0x6E, 0x6F, 0x74, 0x20, 0x73, 0x74, 0x61,
    0x72, 0x74, 0x20, 0x6C, 0x69, 0x67, 0x68, 0x74, 0x6E, 0x69, 0x6E, 0x67, 0x20, 0x65, 0x66, 0x66,
    0x65, 0x63, 0x74, 0x21, 0x0A, 0x00,
};

const u8 gap_04_80272D8A_rodata[6] = {
    0x00, 0x00, 0x00, 0x00, 0x00, 0x00,
};

const u8 lbl_80272D90[97] = {
    0x65, 0x6C, 0x65, 0x63, 0x74, 0x72, 0x6F, 0x6E, 0x53, 0x74, 0x61, 0x72, 0x74, 0x45, 0x66, 0x66,
    0x65, 0x63, 0x74, 0x3A, 0x20, 0x43, 0x6F, 0x75, 0x6C, 0x64, 0x20, 0x6E, 0x6F, 0x74, 0x20, 0x73,
    0x74, 0x61, 0x72, 0x74, 0x20, 0x65, 0x6C, 0x65, 0x63, 0x74, 0x72, 0x6F, 0x6E, 0x20, 0x65, 0x66,
    0x66, 0x65, 0x63, 0x74, 0x20, 0x2D, 0x20, 0x69, 0x6E, 0x76, 0x61, 0x6C, 0x69, 0x64, 0x20, 0x6D,
    0x6F, 0x64, 0x65, 0x6C, 0x3A, 0x20, 0x67, 0x72, 0x6F, 0x75, 0x70, 0x52, 0x65, 0x73, 0x20, 0x25,
    0x64, 0x2C, 0x20, 0x6D, 0x6F, 0x64, 0x65, 0x6C, 0x52, 0x65, 0x73, 0x20, 0x25, 0x64, 0x21, 0x0A,
    0x00,
};

const u8 gap_04_80272DF1_rodata[3] = {
    0x00, 0x00, 0x00,
};

const u8 lbl_80272DF4[53] = {
    0x6C, 0x65, 0x61, 0x66, 0x66, 0x78, 0x53, 0x74, 0x61, 0x72, 0x74, 0x45, 0x66, 0x66, 0x65, 0x63,
    0x74, 0x3A, 0x20, 0x43, 0x6F, 0x75, 0x6C, 0x64, 0x20, 0x6E, 0x6F, 0x74, 0x20, 0x73, 0x74, 0x61,
    0x72, 0x74, 0x20, 0x65, 0x6C, 0x65, 0x63, 0x74, 0x72, 0x6F, 0x6E, 0x20, 0x65, 0x66, 0x66, 0x65,
    0x63, 0x74, 0x21, 0x0A, 0x00,
};

const u8 gap_04_80272E29_rodata[7] = {
    0x00, 0x00, 0x00, 0x00, 0x00, 0x00, 0x00,
};

const u8 lbl_80272E30[62] = {
    0x66, 0x69, 0x6C, 0x74, 0x65, 0x72, 0x53, 0x74, 0x61, 0x72, 0x74, 0x3A, 0x20, 0x43, 0x6F, 0x75,
    0x6C, 0x64, 0x20, 0x6E, 0x6F, 0x74, 0x20, 0x73, 0x74, 0x61, 0x72, 0x74, 0x20, 0x66, 0x69, 0x6C,
    0x74, 0x65, 0x72, 0x20, 0x65, 0x66, 0x66, 0x65, 0x63, 0x74, 0x20, 0x2D, 0x20, 0x69, 0x6E, 0x76,
    0x61, 0x6C, 0x69, 0x64, 0x20, 0x66, 0x69, 0x6C, 0x74, 0x65, 0x72, 0x21, 0x0A, 0x00,
};

const u8 gap_04_80272E6E_rodata[2] = {
    0x00, 0x00,
};

const u8 lbl_80272E70[45] = {
    0x66, 0x69, 0x6C, 0x74, 0x65, 0x72, 0x53, 0x74, 0x61, 0x72, 0x74, 0x3A, 0x20, 0x43, 0x6F, 0x75,
    0x6C, 0x64, 0x20, 0x6E, 0x6F, 0x74, 0x20, 0x73, 0x74, 0x61, 0x72, 0x74, 0x20, 0x66, 0x69, 0x6C,
    0x74, 0x65, 0x72, 0x20, 0x65, 0x66, 0x66, 0x65, 0x63, 0x74, 0x21, 0x0A, 0x00,
};

const u8 gap_04_80272E9D_rodata[3] = {
    0x00, 0x00, 0x00,
};

const u8 lbl_80272EA0[47] = {
    0x73, 0x75, 0x72, 0x66, 0x45, 0x66, 0x66, 0x65, 0x63, 0x74, 0x53, 0x74, 0x61, 0x72, 0x74, 0x3A,
    0x20, 0x43, 0x6F, 0x75, 0x6C, 0x64, 0x20, 0x6E, 0x6F, 0x74, 0x20, 0x73, 0x74, 0x61, 0x72, 0x74,
    0x20, 0x77, 0x61, 0x76, 0x65, 0x20, 0x65, 0x66, 0x66, 0x65, 0x63, 0x74, 0x21, 0x0A, 0x00,
};

const u8 gap_04_80272ECF_rodata[1] = {
    0x00,
};

const u8 lbl_80272ED0[45] = {
    0x73, 0x65, 0x61, 0x45, 0x66, 0x66, 0x65, 0x63, 0x74, 0x53, 0x74, 0x61, 0x72, 0x74, 0x3A, 0x20,
    0x43, 0x6F, 0x75, 0x6C, 0x64, 0x20, 0x6E, 0x6F, 0x74, 0x20, 0x73, 0x74, 0x61, 0x72, 0x74, 0x20,
    0x73, 0x65, 0x61, 0x20, 0x65, 0x66, 0x66, 0x65, 0x63, 0x74, 0x21, 0x0A, 0x00,
};

const u8 gap_04_80272EFD_rodata[3] = {
    0x00, 0x00, 0x00,
};

const u8 lbl_80272F00[56] = {
    0x65, 0x6E, 0x76, 0x4D, 0x61, 0x70, 0x45, 0x66, 0x66, 0x65, 0x63, 0x74, 0x49, 0x6E, 0x69, 0x74,
    0x3A, 0x20, 0x43, 0x6F, 0x75, 0x6C, 0x64, 0x20, 0x6E, 0x6F, 0x74, 0x20, 0x69, 0x6E, 0x69, 0x74,
    0x69, 0x61, 0x6C, 0x69, 0x73, 0x65, 0x20, 0x65, 0x6E, 0x76, 0x20, 0x6D, 0x61, 0x70, 0x20, 0x65,
    0x66, 0x66, 0x65, 0x63, 0x74, 0x21, 0x0A, 0x00,
};

const u8 lbl_80272F38[52] = {
    0x65, 0x6E, 0x76, 0x4D, 0x61, 0x70, 0x45, 0x66, 0x66, 0x65, 0x63, 0x74, 0x53, 0x74, 0x61, 0x72,
    0x74, 0x3A, 0x20, 0x43, 0x6F, 0x75, 0x6C, 0x64, 0x20, 0x6E, 0x6F, 0x74, 0x20, 0x73, 0x74, 0x61,
    0x72, 0x74, 0x20, 0x65, 0x6E, 0x76, 0x20, 0x6D, 0x61, 0x70, 0x20, 0x65, 0x66, 0x66, 0x65, 0x63,
    0x74, 0x21, 0x0A, 0x00,
};

const u8 gap_04_80272F6C_rodata[4] = {
    0x00, 0x00, 0x00, 0x00,
};

const u8 lbl_80272F70[47] = {
    0x62, 0x6C, 0x75, 0x72, 0x45, 0x66, 0x66, 0x65, 0x63, 0x74, 0x53, 0x74, 0x61, 0x72, 0x74, 0x3A,
    0x20, 0x43, 0x6F, 0x75, 0x6C, 0x64, 0x20, 0x6E, 0x6F, 0x74, 0x20, 0x73, 0x74, 0x61, 0x72, 0x74,
    0x20, 0x62, 0x6C, 0x75, 0x72, 0x20, 0x65, 0x66, 0x66, 0x65, 0x63, 0x74, 0x21, 0x0A, 0x00,
};

const u8 gap_04_80272F9F_rodata[1] = {
    0x00,
};

const u8 lbl_80272FA0[47] = {
    0x61, 0x75, 0x72, 0x61, 0x45, 0x66, 0x66, 0x65, 0x63, 0x74, 0x53, 0x74, 0x61, 0x72, 0x74, 0x3A,
    0x20, 0x43, 0x6F, 0x75, 0x6C, 0x64, 0x20, 0x6E, 0x6F, 0x74, 0x20, 0x73, 0x74, 0x61, 0x72, 0x74,
    0x20, 0x61, 0x75, 0x72, 0x61, 0x20, 0x65, 0x66, 0x66, 0x65, 0x63, 0x74, 0x21, 0x0A, 0x00,
};

const u8 gap_04_80272FCF_rodata[1] = {
    0x00,
};

const u8 lbl_80272FD0[10] = {
    0x74, 0x72, 0x61, 0x6E, 0x73, 0x6C, 0x61, 0x74, 0x65, 0x00,
};

const u8 gap_04_80272FDA_rodata[6] = {
    0x00, 0x00, 0x00, 0x00, 0x00, 0x00,
};

const u8 lbl_80272FE0[59] = {
    0x64, 0x69, 0x73, 0x74, 0x6F, 0x72, 0x74, 0x69, 0x6F, 0x6E, 0x45, 0x66, 0x66, 0x65, 0x63, 0x74,
    0x53, 0x74, 0x61, 0x72, 0x74, 0x3A, 0x20, 0x43, 0x6F, 0x75, 0x6C, 0x64, 0x20, 0x6E, 0x6F, 0x74,
    0x20, 0x73, 0x74, 0x61, 0x72, 0x74, 0x20, 0x64, 0x69, 0x73, 0x74, 0x6F, 0x72, 0x74, 0x69, 0x6F,
    0x6E, 0x20, 0x65, 0x66, 0x66, 0x65, 0x63, 0x74, 0x21, 0x0A, 0x00,
};

const u8 gap_04_8027301B_rodata[1] = {
    0x00,
};

const u8 lbl_8027301C[68] = {
    0x5F, 0x64, 0x69, 0x73, 0x74, 0x6F, 0x72, 0x74, 0x69, 0x6F, 0x6E, 0x45, 0x66, 0x66, 0x65, 0x63,
    0x74, 0x55, 0x70, 0x64, 0x61, 0x74, 0x65, 0x4D, 0x61, 0x74, 0x72, 0x69, 0x63, 0x65, 0x73, 0x3A,
    0x20, 0x43, 0x6F, 0x75, 0x6C, 0x64, 0x20, 0x6E, 0x6F, 0x74, 0x20, 0x70, 0x72, 0x6F, 0x6A, 0x65,
    0x63, 0x74, 0x20, 0x70, 0x6F, 0x69, 0x6E, 0x74, 0x73, 0x20, 0x6F, 0x6E, 0x20, 0x73, 0x63, 0x72,
    0x65, 0x65, 0x6E, 0x00,
};

const u8 lbl_80273060[12] = {
    0x00, 0x00, 0x00, 0x00, 0x00, 0x00, 0x00, 0x00, 0x00, 0x00, 0x00, 0x00,
};

const u8 lbl_8027306C[12] = {
    0x3F, 0x80, 0x00, 0x00, 0x3F, 0x80, 0x00, 0x00, 0x3F, 0x80, 0x00, 0x00,
};

const u8 lbl_80273078[57] = {
    0x62, 0x69, 0x6C, 0x6C, 0x62, 0x6F, 0x61, 0x72, 0x64, 0x45, 0x66, 0x66, 0x65, 0x63, 0x74, 0x53,
    0x74, 0x61, 0x72, 0x74, 0x3A, 0x20, 0x43, 0x6F, 0x75, 0x6C, 0x64, 0x20, 0x6E, 0x6F, 0x74, 0x20,
    0x73, 0x74, 0x61, 0x72, 0x74, 0x20, 0x62, 0x69, 0x6C, 0x6C, 0x62, 0x6F, 0x61, 0x72, 0x64, 0x20,
    0x65, 0x66, 0x66, 0x65, 0x63, 0x74, 0x21, 0x0A, 0x00,
};

const u8 gap_04_802730B1_rodata[7] = {
    0x00, 0x00, 0x00, 0x00, 0x00, 0x00, 0x00,
};

const u8 lbl_802730B8[35] = {
    0x46, 0x61, 0x69, 0x6C, 0x65, 0x64, 0x20, 0x74, 0x6F, 0x20, 0x63, 0x72, 0x65, 0x61, 0x74, 0x65,
    0x20, 0x50, 0x61, 0x74, 0x63, 0x68, 0x69, 0x72, 0x75, 0x20, 0x74, 0x65, 0x78, 0x74, 0x75, 0x72,
    0x65, 0x0A, 0x00,
};

const u8 gap_04_802730DB_rodata[5] = {
    0x00, 0x00, 0x00, 0x00, 0x00,
};

const u8 lbl_802730E0[512] = {
    0x00, 0x00, 0x00, 0x00, 0x00, 0x00, 0x00, 0x00, 0x80, 0x00, 0x00, 0x00, 0x00, 0x00, 0x00, 0x00,
    0x00, 0x00, 0x00, 0x01, 0x00, 0x00, 0x00, 0x00, 0x40, 0x00, 0x00, 0x00, 0x00, 0x00, 0x00, 0x00,
    0x00, 0x00, 0x00, 0x02, 0x00, 0x00, 0x00, 0x00, 0x30, 0x00, 0x00, 0x00, 0x00, 0x00, 0x00, 0x00,
    0x00, 0x00, 0x00, 0x03, 0x00, 0x00, 0x00, 0x00, 0x0F, 0x00, 0x00, 0x00, 0x00, 0x00, 0x00, 0x01,
    0x00, 0x00, 0x00, 0x04, 0x00, 0x00, 0x00, 0x01, 0xF0, 0x00, 0x00, 0x00, 0x00, 0x00, 0x00, 0x01,
    0x00, 0x00, 0x00, 0x05, 0x00, 0x00, 0x00, 0x01, 0x0F, 0x00, 0x00, 0x00, 0x00, 0x00, 0x00, 0x01,
    0x00, 0x00, 0x00, 0x06, 0x00, 0x00, 0x00, 0x02, 0xF0, 0x00, 0x00, 0x00, 0x00, 0x00, 0x00, 0x01,
    0x00, 0x00, 0x00, 0x07, 0x00, 0x00, 0x00, 0x02, 0x0F, 0x00, 0x00, 0x00, 0x00, 0x00, 0x00, 0x01,
    0x00, 0x00, 0x00, 0x08, 0x00, 0x00, 0x00, 0x03, 0x80, 0x00, 0x00, 0x00, 0x00, 0x00, 0x00, 0x00,
    0x00, 0x00, 0x00, 0x09, 0x00, 0x00, 0x00, 0x03, 0x40, 0x00, 0x00, 0x00, 0x00, 0x00, 0x00, 0x00,
    0x00, 0x00, 0x00, 0x0A, 0x00, 0x00, 0x00, 0x03, 0x20, 0x00, 0x00, 0x00, 0x00, 0x00, 0x00, 0x00,
    0x00, 0x00, 0x00, 0x0B, 0x00, 0x00, 0x00, 0x03, 0x10, 0x00, 0x00, 0x00, 0x00, 0x00, 0x00, 0x00,
    0x00, 0x00, 0x00, 0x0C, 0x00, 0x00, 0x00, 0x03, 0x08, 0x00, 0x00, 0x00, 0x00, 0x00, 0x00, 0x00,
    0x00, 0x00, 0x00, 0x0D, 0x00, 0x00, 0x00, 0x03, 0x04, 0x00, 0x00, 0x00, 0x00, 0x00, 0x00, 0x00,
    0x00, 0x00, 0x00, 0x0E, 0x00, 0x00, 0x00, 0x03, 0x02, 0x00, 0x00, 0x00, 0x00, 0x00, 0x00, 0x00,
    0x00, 0x00, 0x00, 0x0F, 0x00, 0x00, 0x00, 0x03, 0x01, 0x00, 0x00, 0x00, 0x00, 0x00, 0x00, 0x00,
    0x00, 0x00, 0x00, 0x10, 0x00, 0x00, 0x00, 0x04, 0x20, 0x00, 0x00, 0x00, 0x00, 0x00, 0x00, 0x00,
    0x00, 0x00, 0x00, 0x11, 0x00, 0x00, 0x00, 0x04, 0x01, 0x00, 0x00, 0x00, 0x00, 0x00, 0x00, 0x02,
    0x00, 0x00, 0x00, 0x12, 0x00, 0x00, 0x00, 0x04, 0x02, 0x00, 0x00, 0x00, 0x00, 0x00, 0x00, 0x02,
    0x00, 0x00, 0x00, 0x13, 0x00, 0x00, 0x00, 0x04, 0x40, 0x00, 0x00, 0x00, 0x00, 0x00, 0x00, 0x00,
    0x00, 0x00, 0x00, 0x14, 0x00, 0x00, 0x00, 0x04, 0x04, 0x00, 0x00, 0x00, 0x00, 0x00, 0x00, 0x02,
    0x00, 0x00, 0x00, 0x15, 0x00, 0x00, 0x00, 0x04, 0x10, 0x00, 0x00, 0x00, 0x00, 0x00, 0x00, 0x00,
    0x00, 0x00, 0x00, 0x16, 0x00, 0x00, 0x00, 0x04, 0x08, 0x00, 0x00, 0x00, 0x00, 0x00, 0x00, 0x02,
    0x00, 0x00, 0x00, 0x17, 0x00, 0x00, 0x00, 0x04, 0x80, 0x00, 0x00, 0x00, 0x00, 0x00, 0x00, 0x00,
    0x00, 0x00, 0x00, 0x18, 0x00, 0x00, 0x00, 0x05, 0x01, 0x00, 0x00, 0x00, 0x00, 0x00, 0x00, 0x02,
    0x00, 0x00, 0x00, 0x19, 0x00, 0x00, 0x00, 0x05, 0x02, 0x00, 0x00, 0x00, 0x00, 0x00, 0x00, 0x02,
    0x00, 0x00, 0x00, 0x1A, 0x00, 0x00, 0x00, 0x05, 0x04, 0x00, 0x00, 0x00, 0x00, 0x00, 0x00, 0x02,
    0x00, 0x00, 0x00, 0x1B, 0x00, 0x00, 0x00, 0x05, 0x08, 0x00, 0x00, 0x00, 0x00, 0x00, 0x00, 0x02,
    0x00, 0x00, 0x00, 0x1C, 0x00, 0x00, 0x00, 0x05, 0x10, 0x00, 0x00, 0x00, 0x00, 0x00, 0x00, 0x00,
    0x00, 0x00, 0x00, 0x1D, 0x00, 0x00, 0x00, 0x05, 0x20, 0x00, 0x00, 0x00, 0x00, 0x00, 0x00, 0x03,
    0x00, 0x00, 0x00, 0x1E, 0x00, 0x00, 0x00, 0x05, 0x40, 0x00, 0x00, 0x00, 0x00, 0x00, 0x00, 0x03,
    0x00, 0x00, 0x00, 0x1F, 0x00, 0x00, 0x00, 0x05, 0x80, 0x00, 0x00, 0x00, 0x00, 0x00, 0x00, 0x03,
};

const u8 lbl_802732E0[64] = {
    0x05, 0xBE, 0x0B, 0x7C, 0x0B, 0x7C, 0x11, 0x3A, 0x08, 0xB6, 0x11, 0x6C, 0x11, 0x6C, 0x1A, 0x22,
    0x09, 0xA6, 0x13, 0x4C, 0x13, 0x4C, 0x1C, 0xF2, 0x0E, 0x97, 0x1D, 0x2E, 0x1D, 0x2E, 0x2B, 0xC5,
    0x0B, 0x7C, 0x0D, 0x3A, 0x0B, 0x7C, 0x0D, 0x3A, 0x0B, 0x7C, 0x0D, 0x3A, 0x0B, 0x7C, 0x0D, 0x3A,
    0x13, 0x4C, 0x16, 0x37, 0x13, 0x4C, 0x16, 0x37, 0x13, 0x4C, 0x16, 0x37, 0x13, 0x4C, 0x16, 0x37,
};

const u8 lbl_80273320[24] = {
    0x00, 0x0A, 0x00, 0x0C, 0x00, 0x18, 0x00, 0x0E, 0x00, 0x10, 0x00, 0x1A, 0x00, 0x12, 0x00, 0x14,
    0x00, 0x16, 0x00, 0x00, 0x00, 0x00, 0x00, 0x00,
};

const u8 lbl_80273338[136] = {
    0x00, 0x00, 0x00, 0x00, 0x00, 0x00, 0x00, 0x7F, 0x00, 0x00, 0x40, 0x7F, 0x00, 0x00, 0x00, 0x00,
    0x00, 0x00, 0x00, 0x00, 0x00, 0x00, 0x00, 0x00, 0x00, 0x00, 0x00, 0x00, 0x00, 0x00, 0x00, 0x00,
    0x00, 0x00, 0x00, 0x00, 0x00, 0x00, 0x00, 0x00, 0x00, 0x00, 0x00, 0x00, 0x00, 0x00, 0x00, 0x00,
    0x00, 0x00, 0x00, 0x00, 0x00, 0x00, 0x00, 0x00, 0x00, 0x00, 0x00, 0x00, 0x00, 0x00, 0x00, 0x00,
    0x00, 0x00, 0x00, 0x00, 0x00, 0x00, 0x00, 0x00, 0x00, 0x00, 0x00, 0x00, 0x00, 0x00, 0x00, 0x00,
    0x00, 0x00, 0x00, 0x00, 0x00, 0x00, 0x00, 0x00, 0x00, 0x00, 0x00, 0x00, 0x00, 0x00, 0x00, 0x00,
    0x00, 0x00, 0x7F, 0x7F, 0x7F, 0x7F, 0x00, 0x00, 0x00, 0x00, 0x00, 0x00, 0x00, 0x00, 0x00, 0x00,
    0x00, 0x00, 0x00, 0x00, 0x00, 0x00, 0x00, 0x00, 0x00, 0x00, 0x00, 0x00, 0x00, 0x00, 0x00, 0x00,
    0x40, 0x00, 0x00, 0x00, 0x40, 0x00, 0x00, 0x00,
};

const u8 lbl_802733C0[136] = {
    0xFF, 0x00, 0xFF, 0xFF, 0xFF, 0xFF, 0xFF, 0xFF, 0xFF, 0xFF, 0xFF, 0x7F, 0xFF, 0xFF, 0xFF, 0xFF,
    0xFF, 0xFF, 0xFF, 0xFF, 0xFF, 0xFF, 0xFF, 0xFF, 0xFF, 0xFF, 0xFF, 0xFF, 0xFF, 0xFF, 0xFF, 0xFF,
    0xFF, 0x00, 0xFF, 0xFF, 0xFF, 0xFF, 0xFF, 0xFF, 0xFF, 0xFF, 0xFF, 0x7F, 0xFF, 0xFF, 0xFF, 0xFF,
    0xFF, 0xFF, 0xFF, 0xFF, 0xFF, 0xFF, 0xFF, 0xFF, 0xFF, 0xFF, 0xFF, 0xFF, 0xFF, 0xFF, 0xFF, 0xFF,
    0x00, 0x00, 0x00, 0x00, 0xFF, 0x00, 0xFF, 0xFF, 0xFF, 0xFF, 0xFF, 0xFF, 0xFF, 0xFF, 0xFF, 0xFF,
    0xFF, 0xFF, 0xFF, 0xFF, 0xFF, 0xFF, 0xFF, 0xFF, 0xFF, 0xFF, 0xFF, 0xFF, 0xFF, 0xFF, 0xFF, 0xFF,
    0xFF, 0xFF, 0xFF, 0xFF, 0xFF, 0xFF, 0xFF, 0xFF, 0xFF, 0xFF, 0xFF, 0xFF, 0xFF, 0xFF, 0xFF, 0xFF,
    0xFF, 0xFF, 0xFF, 0xFF, 0xFF, 0xFF, 0xFF, 0xFF, 0xFF, 0xFF, 0xFF, 0xFF, 0xFF, 0xFF, 0xFF, 0xFF,
    0x40, 0xFF, 0xFF, 0xFF, 0xFF, 0xFF, 0x00, 0x00,
};

const u8 lbl_80273448[256] = {
    0x00, 0x00, 0x00, 0x00, 0x00, 0x00, 0x00, 0x00, 0x00, 0x00, 0x00, 0x00, 0x00, 0x00, 0x00, 0x00,
    0x00, 0x00, 0x00, 0x00, 0x00, 0x00, 0x00, 0x01, 0x00, 0x01, 0x00, 0x01, 0x00, 0x01, 0x00, 0x01,
    0x00, 0x01, 0x00, 0x01, 0x00, 0x02, 0x00, 0x02, 0x00, 0x02, 0x00, 0x02, 0x00, 0x02, 0x00, 0x03,
    0x00, 0x03, 0x00, 0x03, 0x00, 0x03, 0x00, 0x03, 0x00, 0x04, 0x00, 0x04, 0x00, 0x04, 0x00, 0x04,
    0x00, 0x05, 0x00, 0x05, 0x00, 0x05, 0x00, 0x06, 0x00, 0x06, 0x00, 0x06, 0x00, 0x07, 0x00, 0x07,
    0x00, 0x07, 0x00, 0x08, 0x00, 0x08, 0x00, 0x08, 0x00, 0x09, 0x00, 0x09, 0x00, 0x09, 0x00, 0x0A,
    0x00, 0x0A, 0x00, 0x0A, 0x00, 0x0B, 0x00, 0x0B, 0x00, 0x0C, 0x00, 0x0C, 0x00, 0x0C, 0x00, 0x0D,
    0x00, 0x0D, 0x00, 0x0D, 0x00, 0x0E, 0x00, 0x0E, 0x00, 0x0F, 0x00, 0x0F, 0x00, 0x0F, 0x00, 0x10,
    0x00, 0x10, 0x00, 0x11, 0x00, 0x11, 0x00, 0x11, 0x00, 0x12, 0x00, 0x12, 0x00, 0x13, 0x00, 0x13,
    0x00, 0x13, 0x00, 0x14, 0x00, 0x14, 0x00, 0x14, 0x00, 0x15, 0x00, 0x15, 0x00, 0x16, 0x00, 0x16,
    0x00, 0x16, 0x00, 0x17, 0x00, 0x17, 0x00, 0x17, 0x00, 0x18, 0x00, 0x18, 0x00, 0x18, 0x00, 0x19,
    0x00, 0x19, 0x00, 0x19, 0x00, 0x1A, 0x00, 0x1A, 0x00, 0x1A, 0x00, 0x1B, 0x00, 0x1B, 0x00, 0x1B,
    0x00, 0x1C, 0x00, 0x1C, 0x00, 0x1C, 0x00, 0x1C, 0x00, 0x1D, 0x00, 0x1D, 0x00, 0x1D, 0x00, 0x1D,
    0x00, 0x1D, 0x00, 0x1E, 0x00, 0x1E, 0x00, 0x1E, 0x00, 0x1E, 0x00, 0x1E, 0x00, 0x1F, 0x00, 0x1F,
    0x00, 0x1F, 0x00, 0x1F, 0x00, 0x1F, 0x00, 0x1F, 0x00, 0x1F, 0x00, 0x20, 0x00, 0x20, 0x00, 0x20,
    0x00, 0x20, 0x00, 0x20, 0x00, 0x20, 0x00, 0x20, 0x00, 0x20, 0x00, 0x20, 0x00, 0x20, 0x00, 0x20,
};

const u8 lbl_80273548[32] = {
    0x45, 0x52, 0x52, 0x4F, 0x52, 0x3A, 0x20, 0x63, 0x61, 0x6E, 0x27, 0x74, 0x20, 0x6F, 0x70, 0x65,
    0x6E, 0x20, 0x57, 0x41, 0x56, 0x45, 0x20, 0x49, 0x44, 0x20, 0x3D, 0x20, 0x25, 0x64, 0x0A, 0x00,
};

const u8 lbl_80273568[34] = {
    0x45, 0x52, 0x52, 0x4F, 0x52, 0x3A, 0x20, 0x63, 0x61, 0x6E, 0x27, 0x74, 0x20, 0x6F, 0x70, 0x65,
    0x6E, 0x20, 0x57, 0x41, 0x56, 0x45, 0x20, 0x46, 0x69, 0x6C, 0x65, 0x20, 0x3D, 0x20, 0x25, 0x73,
    0x0A, 0x00,
};

const u8 gap_04_8027358A_rodata[2] = {
    0x00, 0x00,
};

const u8 lbl_8027358C[55] = {
    0x73, 0x6F, 0x75, 0x6E, 0x64, 0x53, 0x74, 0x6F, 0x70, 0x3A, 0x20, 0x57, 0x61, 0x72, 0x6E, 0x69,
    0x6E, 0x67, 0x21, 0x20, 0x42, 0x47, 0x4D, 0x20, 0x63, 0x61, 0x6E, 0x6E, 0x6F, 0x74, 0x20, 0x62,
    0x65, 0x20, 0x73, 0x74, 0x6F, 0x70, 0x70, 0x65, 0x64, 0x2E, 0x28, 0x73, 0x6E, 0x64, 0x5F, 0x69,
    0x64, 0x3D, 0x25, 0x64, 0x29, 0x0A, 0x00,
};

const u8 gap_04_802735C3_rodata[1] = {
    0x00,
};

const u8 lbl_802735C4[52] = {
    0x45, 0x52, 0x52, 0x4F, 0x52, 0x28, 0x73, 0x6F, 0x75, 0x6E, 0x64, 0x2E, 0x63, 0x29, 0x3A, 0x20,
    0x69, 0x6E, 0x76, 0x61, 0x6C, 0x69, 0x64, 0x20, 0x66, 0x69, 0x6C, 0x65, 0x5F, 0x69, 0x6E, 0x66,
    0x6F, 0x20, 0x6E, 0x75, 0x6D, 0x62, 0x65, 0x72, 0x20, 0x73, 0x6E, 0x64, 0x5F, 0x69, 0x64, 0x3D,
    0x25, 0x64, 0x0A, 0x00,
};

const u8 lbl_802735F8[212] = {
    0x45, 0x52, 0x52, 0x4F, 0x52, 0x28, 0x73, 0x6F, 0x75, 0x6E, 0x64, 0x2E, 0x63, 0x29, 0x3A, 0x20,
    0x43, 0x61, 0x6E, 0x27, 0x74, 0x20, 0x50, 0x6C, 0x61, 0x79, 0x20, 0x53, 0x6F, 0x75, 0x6E, 0x64,
    0x2E, 0x20, 0x73, 0x6E, 0x64, 0x5F, 0x69, 0x64, 0x3D, 0x25, 0x64, 0x0A, 0x00, 0x00, 0x00, 0x00,
    0x45, 0x52, 0x52, 0x4F, 0x52, 0x3A, 0x20, 0x55, 0x6E, 0x61, 0x62, 0x6C, 0x65, 0x20, 0x74, 0x6F,
    0x20, 0x6F, 0x70, 0x65, 0x6E, 0x20, 0x27, 0x25, 0x73, 0x27, 0x0A, 0x00, 0x45, 0x52, 0x52, 0x4F,
    0x52, 0x3A, 0x20, 0x5A, 0x65, 0x72, 0x6F, 0x20, 0x6C, 0x65, 0x6E, 0x67, 0x74, 0x68, 0x20, 0x66,
    0x69, 0x6C, 0x65, 0x20, 0x27, 0x25, 0x73, 0x27, 0x0A, 0x00, 0x00, 0x00, 0x45, 0x52, 0x52, 0x4F,
    0x52, 0x3A, 0x20, 0x55, 0x6E, 0x61, 0x62, 0x6C, 0x65, 0x20, 0x74, 0x6F, 0x20, 0x61, 0x6C, 0x6C,
    0x6F, 0x63, 0x61, 0x74, 0x65, 0x20, 0x62, 0x75, 0x66, 0x66, 0x65, 0x72, 0x0A, 0x00, 0x00, 0x00,
    0x45, 0x52, 0x52, 0x4F, 0x52, 0x3A, 0x20, 0x46, 0x61, 0x69, 0x6C, 0x65, 0x64, 0x20, 0x74, 0x6F,
    0x20, 0x72, 0x65, 0x61, 0x64, 0x20, 0x64, 0x61, 0x74, 0x61, 0x20, 0x66, 0x72, 0x6F, 0x6D, 0x20,
    0x27, 0x25, 0x73, 0x27, 0x0A, 0x00, 0x00, 0x00, 0x45, 0x52, 0x52, 0x4F, 0x52, 0x3A, 0x20, 0x4F,
    0x76, 0x65, 0x72, 0x20, 0x53, 0x6F, 0x75, 0x6E, 0x64, 0x20, 0x42, 0x75, 0x66, 0x66, 0x65, 0x72,
    0x0A, 0x00, 0x00, 0x00,
};

const u8 lbl_802736CC[30] = {
    0x45, 0x52, 0x52, 0x4F, 0x52, 0x3A, 0x20, 0x43, 0x61, 0x6E, 0x27, 0x74, 0x20, 0x52, 0x65, 0x61,
    0x64, 0x20, 0x47, 0x72, 0x6F, 0x75, 0x70, 0x28, 0x25, 0x64, 0x29, 0x0A, 0x0A, 0x00,
};

const u8 gap_04_802736EA_rodata[6] = {
    0x00, 0x00, 0x00, 0x00, 0x00, 0x00,
};

const u8 lbl_802736F0[41] = {
    0x47, 0x53, 0x73, 0x6E, 0x64, 0x47, 0x65, 0x74, 0x53, 0x74, 0x61, 0x74, 0x75, 0x73, 0x3A, 0x46,
    0x6F, 0x72, 0x63, 0x65, 0x64, 0x20, 0x74, 0x65, 0x72, 0x6D, 0x69, 0x6E, 0x61, 0x74, 0x69, 0x6F,
    0x6E, 0x20, 0x53, 0x45, 0x3D, 0x25, 0x64, 0x0A, 0x00,
};

const u8 gap_04_80273719_rodata[3] = {
    0x00, 0x00, 0x00,
};

const u8 lbl_8027371C[42] = {
    0x47, 0x53, 0x73, 0x6E, 0x64, 0x47, 0x65, 0x74, 0x53, 0x74, 0x61, 0x74, 0x75, 0x73, 0x3A, 0x46,
    0x6F, 0x72, 0x63, 0x65, 0x64, 0x20, 0x74, 0x65, 0x72, 0x6D, 0x69, 0x6E, 0x61, 0x74, 0x69, 0x6F,
    0x6E, 0x20, 0x42, 0x47, 0x4D, 0x3D, 0x25, 0x64, 0x0A, 0x00,
};

const u8 gap_04_80273746_rodata[2] = {
    0x00, 0x00,
};

const u8 lbl_80273748[27] = {
    0x5F, 0x73, 0x6E, 0x64, 0x43, 0x68, 0x65, 0x63, 0x6B, 0x53, 0x6E, 0x64, 0x57, 0x6F, 0x72, 0x6B,
    0x41, 0x4C, 0x4C, 0x3A, 0x53, 0x74, 0x61, 0x72, 0x74, 0x0A, 0x00,
};

const u8 gap_04_80273763_rodata[1] = {
    0x00,
};

const u8 lbl_80273764[25] = {
    0x5F, 0x73, 0x6E, 0x64, 0x43, 0x68, 0x65, 0x63, 0x6B, 0x53, 0x6E, 0x64, 0x57, 0x6F, 0x72, 0x6B,
    0x41, 0x4C, 0x4C, 0x3A, 0x45, 0x6E, 0x64, 0x0A, 0x00,
};

const u8 gap_04_8027377D_rodata[3] = {
    0x00, 0x00, 0x00,
};

const u8 lbl_80273780[49] = {
    0x5B, 0x47, 0x53, 0x44, 0x56, 0x44, 0x5F, 0x45, 0x52, 0x52, 0x4F, 0x52, 0x5F, 0x53, 0x54, 0x41,
    0x54, 0x45, 0x5F, 0x43, 0x4F, 0x56, 0x45, 0x52, 0x4F, 0x50, 0x45, 0x4E, 0x5F, 0x57, 0x41, 0x49,
    0x54, 0x5D, 0x20, 0x20, 0x73, 0x74, 0x61, 0x74, 0x75, 0x73, 0x20, 0x3D, 0x20, 0x25, 0x64, 0x0A,
    0x00,
};

const u8 gap_04_802737B1_rodata[7] = {
    0x00, 0x00, 0x00, 0x00, 0x00, 0x00, 0x00,
};

const u8 lbl_802737B8[9] = {
    0x70, 0x73, 0x6C, 0x69, 0x73, 0x74, 0x2E, 0x63, 0x00,
};

const u8 gap_04_802737C1_rodata[3] = {
    0x00, 0x00, 0x00,
};

const u8 lbl_802737C4[92] = {
    0x6C, 0x69, 0x6E, 0x6B, 0x4E, 0x6F, 0x20, 0x3E, 0x3D, 0x20, 0x30, 0x20, 0x26, 0x26, 0x20, 0x6C,
    0x69, 0x6E, 0x6B, 0x4E, 0x6F, 0x20, 0x3C, 0x20, 0x50, 0x53, 0x5F, 0x4E, 0x55, 0x4D, 0x5F, 0x4C,
    0x49, 0x4E, 0x4B, 0x00, 0x61, 0x63, 0x74, 0x69, 0x76, 0x65, 0x50, 0x61, 0x72, 0x74, 0x69, 0x63,
    0x6C, 0x65, 0x5B, 0x70, 0x70, 0x2D, 0x3E, 0x6C, 0x69, 0x6E, 0x6B, 0x4E, 0x6F, 0x5D, 0x20, 0x3D,
    0x3D, 0x20, 0x70, 0x70, 0x00, 0x00, 0x00, 0x00, 0x70, 0x61, 0x72, 0x65, 0x6E, 0x74, 0x2D, 0x3E,
    0x6E, 0x65, 0x78, 0x74, 0x20, 0x3D, 0x3D, 0x20, 0x70, 0x70, 0x00, 0x00,
};

const u8 lbl_80273820[9] = {
    0x6F, 0x62, 0x6A, 0x65, 0x63, 0x74, 0x2E, 0x68, 0x00,
};

const u8 gap_04_80273829_rodata[3] = {
    0x00, 0x00, 0x00,
};

const u8 lbl_8027382C[140] = {
    0x48, 0x53, 0x44, 0x5F, 0x4F, 0x42, 0x4A, 0x28, 0x6F, 0x29, 0x2D, 0x3E, 0x72, 0x65, 0x66, 0x5F,
    0x63, 0x6F, 0x75, 0x6E, 0x74, 0x20, 0x21, 0x3D, 0x20, 0x48, 0x53, 0x44, 0x5F, 0x4F, 0x42, 0x4A,
    0x5F, 0x4E, 0x4F, 0x52, 0x45, 0x46, 0x00, 0x00, 0x70, 0x61, 0x72, 0x74, 0x69, 0x63, 0x6C, 0x65,
    0x2E, 0x63, 0x00, 0x00, 0x69, 0x6C, 0x6C, 0x69, 0x67, 0x61, 0x6C, 0x20, 0x66, 0x6F, 0x72, 0x6D,
    0x20, 0x64, 0x61, 0x74, 0x61, 0x20, 0x28, 0x73, 0x74, 0x72, 0x61, 0x6E, 0x67, 0x65, 0x20, 0x6E,
    0x75, 0x6D, 0x62, 0x65, 0x72, 0x20, 0x6F, 0x66, 0x20, 0x67, 0x72, 0x6F, 0x75, 0x70, 0x29, 0x0A,
    0x00, 0x00, 0x00, 0x00, 0x70, 0x73, 0x49, 0x6E, 0x69, 0x74, 0x44, 0x61, 0x74, 0x61, 0x42, 0x61,
    0x6E, 0x6B, 0x73, 0x3A, 0x20, 0x75, 0x6E, 0x6B, 0x6E, 0x6F, 0x77, 0x6E, 0x20, 0x76, 0x65, 0x72,
    0x73, 0x69, 0x6F, 0x6E, 0x0A, 0x00, 0x00, 0x00, 0x00, 0x00, 0x00, 0x00,
};

const u8 lbl_802738B8[176] = {
    0x3F, 0x80, 0x00, 0x00, 0x3F, 0x80, 0x00, 0x00, 0x3F, 0x80, 0x00, 0x00, 0x00, 0x00, 0x00, 0x00,
    0x00, 0x00, 0x00, 0x00, 0x00, 0x00, 0x00, 0x00, 0x00, 0x00, 0x00, 0x00, 0x00, 0x00, 0x00, 0x00,
    0x00, 0x00, 0x00, 0x00, 0x00, 0x00, 0x00, 0x00, 0x3F, 0x80, 0x00, 0x00, 0x3F, 0x80, 0x00, 0x00,
    0x3F, 0x80, 0x00, 0x00, 0x00, 0x00, 0x00, 0x00, 0x00, 0x00, 0x00, 0x00, 0x00, 0x00, 0x00, 0x00,
    0x00, 0x00, 0x00, 0x00, 0x00, 0x00, 0x00, 0x00, 0x00, 0x00, 0x00, 0x00, 0x00, 0x00, 0x00, 0x00,
    0x3F, 0x80, 0x00, 0x00, 0x00, 0x00, 0x00, 0x00, 0x00, 0x00, 0x00, 0x00, 0x00, 0x00, 0x00, 0x00,
    0x00, 0x00, 0x00, 0x00, 0x3F, 0x80, 0x00, 0x00, 0x00, 0x00, 0x00, 0x00, 0x00, 0x00, 0x00, 0x00,
    0x00, 0x00, 0x00, 0x00, 0x00, 0x00, 0x00, 0x00, 0x3F, 0x80, 0x00, 0x00, 0x00, 0x00, 0x00, 0x00,
    0x50, 0x61, 0x72, 0x74, 0x69, 0x63, 0x6C, 0x65, 0x3A, 0x73, 0x65, 0x74, 0x42, 0x6C, 0x65, 0x6E,
    0x64, 0x4D, 0x6F, 0x64, 0x65, 0x3A, 0x55, 0x6E, 0x6B, 0x6E, 0x6F, 0x77, 0x6E, 0x20, 0x6D, 0x6F,
    0x64, 0x65, 0x0A, 0x00, 0x70, 0x73, 0x64, 0x69, 0x73, 0x70, 0x2E, 0x63, 0x00, 0x00, 0x00, 0x00,
};

const u8 lbl_80273968[9] = {
    0x6F, 0x62, 0x6A, 0x65, 0x63, 0x74, 0x2E, 0x68, 0x00,
};

const u8 gap_04_80273971_rodata[3] = {
    0x00, 0x00, 0x00,
};

const u8 lbl_80273974[39] = {
    0x48, 0x53, 0x44, 0x5F, 0x4F, 0x42, 0x4A, 0x28, 0x6F, 0x29, 0x2D, 0x3E, 0x72, 0x65, 0x66, 0x5F,
    0x63, 0x6F, 0x75, 0x6E, 0x74, 0x20, 0x21, 0x3D, 0x20, 0x48, 0x53, 0x44, 0x5F, 0x4F, 0x42, 0x4A,
    0x5F, 0x4E, 0x4F, 0x52, 0x45, 0x46, 0x00,
};

const u8 gap_04_8027399B_rodata[5] = {
    0x00, 0x00, 0x00, 0x00, 0x00,
};

const u8 lbl_802739A0[14] = {
    0x70, 0x73, 0x69, 0x6E, 0x74, 0x65, 0x72, 0x70, 0x72, 0x65, 0x74, 0x2E, 0x63, 0x00,
};

const u8 gap_04_802739AE_rodata[2] = {
    0x00, 0x00,
};

const u8 lbl_802739B0[9] = {
    0x6F, 0x62, 0x6A, 0x65, 0x63, 0x74, 0x2E, 0x68, 0x00,
};

const u8 gap_04_802739B9_rodata[3] = {
    0x00, 0x00, 0x00,
};

const u8 lbl_802739BC[39] = {
    0x48, 0x53, 0x44, 0x5F, 0x4F, 0x42, 0x4A, 0x28, 0x6F, 0x29, 0x2D, 0x3E, 0x72, 0x65, 0x66, 0x5F,
    0x63, 0x6F, 0x75, 0x6E, 0x74, 0x20, 0x21, 0x3D, 0x20, 0x48, 0x53, 0x44, 0x5F, 0x4F, 0x42, 0x4A,
    0x5F, 0x4E, 0x4F, 0x52, 0x45, 0x46, 0x00,
};

const u8 gap_04_802739E3_rodata[1] = {
    0x00,
};

const u8 lbl_802739E4[12] = {
    0x67, 0x65, 0x6E, 0x65, 0x72, 0x61, 0x74, 0x6F, 0x72, 0x2E, 0x63, 0x00,
};

const u8 lbl_802739F0[9] = {
    0x70, 0x73, 0x43, 0x61, 0x6D, 0x65, 0x72, 0x61, 0x00,
};

const u8 gap_04_802739F9_rodata[7] = {
    0x00, 0x00, 0x00, 0x00, 0x00, 0x00, 0x00,
};

const u8 lbl_80273A00[11] = {
    0x67, 0x73, 0x25, 0x30, 0x34, 0x64, 0x2E, 0x78, 0x66, 0x62, 0x00,
};

const u8 gap_04_80273A0B_rodata[5] = {
    0x00, 0x00, 0x00, 0x00, 0x00,
};

const u8 lbl_80273A10[904] = {
    0x47, 0x53, 0x73, 0x70, 0x6C, 0x69, 0x6E, 0x65, 0x47, 0x65, 0x74, 0x56, 0x65, 0x63, 0x74, 0x6F,
    0x72, 0x56, 0x61, 0x6C, 0x75, 0x65, 0x3A, 0x20, 0x73, 0x70, 0x6C, 0x69, 0x6E, 0x65, 0x20, 0x70,
    0x61, 0x72, 0x61, 0x6D, 0x65, 0x74, 0x65, 0x72, 0x73, 0x20, 0x6E, 0x6F, 0x74, 0x20, 0x69, 0x6E,
    0x69, 0x74, 0x69, 0x61, 0x6C, 0x69, 0x73, 0x65, 0x64, 0x21, 0x00, 0x00, 0x47, 0x53, 0x73, 0x70,
    0x6C, 0x69, 0x6E, 0x65, 0x47, 0x65, 0x74, 0x56, 0x65, 0x63, 0x74, 0x6F, 0x72, 0x56, 0x61, 0x6C,
    0x75, 0x65, 0x3A, 0x20, 0x77, 0x72, 0x6F, 0x6E, 0x67, 0x20, 0x64, 0x61, 0x74, 0x61, 0x20, 0x74,
    0x79, 0x70, 0x65, 0x21, 0x00, 0x00, 0x00, 0x00, 0x47, 0x53, 0x73, 0x70, 0x6C, 0x69, 0x6E, 0x65,
    0x47, 0x65, 0x74, 0x46, 0x6C, 0x6F, 0x61, 0x74, 0x56, 0x61, 0x6C, 0x75, 0x65, 0x3A, 0x20, 0x73,
    0x70, 0x6C, 0x69, 0x6E, 0x65, 0x20, 0x70, 0x61, 0x72, 0x61, 0x6D, 0x65, 0x74, 0x65, 0x72, 0x73,
    0x20, 0x6E, 0x6F, 0x74, 0x20, 0x69, 0x6E, 0x69, 0x74, 0x69, 0x61, 0x6C, 0x69, 0x73, 0x65, 0x64,
    0x21, 0x00, 0x00, 0x00, 0x47, 0x53, 0x73, 0x70, 0x6C, 0x69, 0x6E, 0x65, 0x47, 0x65, 0x74, 0x46,
    0x6C, 0x6F, 0x61, 0x74, 0x56, 0x61, 0x6C, 0x75, 0x65, 0x3A, 0x20, 0x77, 0x72, 0x6F, 0x6E, 0x67,
    0x20, 0x64, 0x61, 0x74, 0x61, 0x20, 0x74, 0x79, 0x70, 0x65, 0x21, 0x00, 0x47, 0x53, 0x73, 0x70,
    0x6C, 0x69, 0x6E, 0x65, 0x41, 0x64, 0x64, 0x43, 0x6F, 0x6E, 0x74, 0x72, 0x6F, 0x6C, 0x56, 0x65,
    0x63, 0x74, 0x6F, 0x72, 0x56, 0x61, 0x6C, 0x75, 0x65, 0x3A, 0x20, 0x57, 0x61, 0x72, 0x6E, 0x69,
    0x6E, 0x67, 0x21, 0x20, 0x57, 0x65, 0x20, 0x61, 0x72, 0x65, 0x20, 0x67, 0x6F, 0x69, 0x6E, 0x67,
    0x20, 0x62, 0x61, 0x63, 0x6B, 0x20, 0x69, 0x6E, 0x20, 0x54, 0x69, 0x6D, 0x65, 0x21, 0x00, 0x00,
    0x47, 0x53, 0x73, 0x70, 0x6C, 0x69, 0x6E, 0x65, 0x41, 0x64, 0x64, 0x43, 0x6F, 0x6E, 0x74, 0x72,
    0x6F, 0x6C, 0x56, 0x65, 0x63, 0x74, 0x6F, 0x72, 0x56, 0x61, 0x6C, 0x75, 0x65, 0x3A, 0x20, 0x63,
    0x61, 0x6E, 0x6E, 0x6F, 0x74, 0x20, 0x61, 0x64, 0x64, 0x20, 0x63, 0x6F, 0x6E, 0x74, 0x72, 0x6F,
    0x6C, 0x20, 0x70, 0x6F, 0x69, 0x6E, 0x74, 0x21, 0x00, 0x00, 0x00, 0x00, 0x47, 0x53, 0x73, 0x70,
    0x6C, 0x69, 0x6E, 0x65, 0x41, 0x64, 0x64, 0x43, 0x6F, 0x6E, 0x74, 0x72, 0x6F, 0x6C, 0x56, 0x65,
    0x63, 0x74, 0x6F, 0x72, 0x56, 0x61, 0x6C, 0x75, 0x65, 0x3A, 0x20, 0x77, 0x72, 0x6F, 0x6E, 0x67,
    0x20, 0x64, 0x61, 0x74, 0x61, 0x20, 0x74, 0x79, 0x70, 0x65, 0x21, 0x00, 0x47, 0x53, 0x73, 0x70,
    0x6C, 0x69, 0x6E, 0x65, 0x41, 0x64, 0x64, 0x43, 0x6F, 0x6E, 0x74, 0x72, 0x6F, 0x6C, 0x46, 0x6C,
    0x6F, 0x61, 0x74, 0x56, 0x61, 0x6C, 0x75, 0x65, 0x3A, 0x20, 0x57, 0x61, 0x72, 0x6E, 0x69, 0x6E,
    0x67, 0x21, 0x20, 0x57, 0x65, 0x20, 0x61, 0x72, 0x65, 0x20, 0x67, 0x6F, 0x69, 0x6E, 0x67, 0x20,
    0x62, 0x61, 0x63, 0x6B, 0x20, 0x69, 0x6E, 0x20, 0x54, 0x69, 0x6D, 0x65, 0x21, 0x00, 0x00, 0x00,
    0x47, 0x53, 0x73, 0x70, 0x6C, 0x69, 0x6E, 0x65, 0x41, 0x64, 0x64, 0x43, 0x6F, 0x6E, 0x74, 0x72,
    0x6F, 0x6C, 0x46, 0x6C, 0x6F, 0x61, 0x74, 0x56, 0x61, 0x6C, 0x75, 0x65, 0x3A, 0x20, 0x63, 0x61,
    0x6E, 0x6E, 0x6F, 0x74, 0x20, 0x61, 0x64, 0x64, 0x20, 0x63, 0x6F, 0x6E, 0x74, 0x72, 0x6F, 0x6C,
    0x20, 0x70, 0x6F, 0x69, 0x6E, 0x74, 0x21, 0x00, 0x47, 0x53, 0x73, 0x70, 0x6C, 0x69, 0x6E, 0x65,
    0x41, 0x64, 0x64, 0x43, 0x6F, 0x6E, 0x74, 0x72, 0x6F, 0x6C, 0x46, 0x6C, 0x6F, 0x61, 0x74, 0x56,
    0x61, 0x6C, 0x75, 0x65, 0x3A, 0x20, 0x77, 0x72, 0x6F, 0x6E, 0x67, 0x20, 0x64, 0x61, 0x74, 0x61,
    0x20, 0x74, 0x79, 0x70, 0x65, 0x21, 0x00, 0x00, 0x47, 0x53, 0x73, 0x70, 0x6C, 0x69, 0x6E, 0x65,
    0x49, 0x6E, 0x69, 0x74, 0x69, 0x61, 0x6C, 0x69, 0x73, 0x65, 0x3A, 0x20, 0x69, 0x6E, 0x76, 0x61,
    0x6C, 0x69, 0x64, 0x20, 0x6E, 0x75, 0x6D, 0x62, 0x65, 0x72, 0x20, 0x6F, 0x66, 0x20, 0x63, 0x6F,
    0x6E, 0x74, 0x72, 0x6F, 0x6C, 0x20, 0x70, 0x6F, 0x69, 0x6E, 0x74, 0x73, 0x21, 0x00, 0x00, 0x00,
    0x47, 0x53, 0x73, 0x70, 0x6C, 0x69, 0x6E, 0x65, 0x43, 0x72, 0x65, 0x61, 0x74, 0x65, 0x3A, 0x20,
    0x74, 0x6F, 0x6F, 0x20, 0x66, 0x65, 0x77, 0x20, 0x63, 0x6F, 0x6E, 0x74, 0x72, 0x6F, 0x6C, 0x20,
    0x70, 0x6F, 0x69, 0x6E, 0x74, 0x73, 0x3B, 0x20, 0x6D, 0x69, 0x6E, 0x69, 0x6D, 0x75, 0x6D, 0x20,
    0x69, 0x73, 0x20, 0x32, 0x21, 0x00, 0x00, 0x00, 0x47, 0x53, 0x73, 0x70, 0x6C, 0x69, 0x6E, 0x65,
    0x43, 0x72, 0x65, 0x61, 0x74, 0x65, 0x3A, 0x20, 0x69, 0x6E, 0x76, 0x61, 0x6C, 0x69, 0x64, 0x20,
    0x6E, 0x75, 0x6D, 0x62, 0x65, 0x72, 0x20, 0x6F, 0x66, 0x20, 0x63, 0x6F, 0x6E, 0x74, 0x72, 0x6F,
    0x6C, 0x20, 0x70, 0x6F, 0x69, 0x6E, 0x74, 0x73, 0x2E, 0x20, 0x46, 0x6F, 0x72, 0x63, 0x69, 0x6E,
    0x67, 0x20, 0x4C, 0x69, 0x6E, 0x65, 0x61, 0x72, 0x20, 0x69, 0x6E, 0x74, 0x65, 0x72, 0x70, 0x6F,
    0x6C, 0x61, 0x74, 0x69, 0x6F, 0x6E, 0x21, 0x00, 0x47, 0x53, 0x73, 0x70, 0x6C, 0x69, 0x6E, 0x65,
    0x43, 0x72, 0x65, 0x61, 0x74, 0x65, 0x3A, 0x20, 0x69, 0x6E, 0x76, 0x61, 0x6C, 0x69, 0x64, 0x20,
    0x6E, 0x75, 0x6D, 0x62, 0x65, 0x72, 0x20, 0x6F, 0x66, 0x20, 0x63, 0x6F, 0x6E, 0x74, 0x72, 0x6F,
    0x6C, 0x20, 0x70, 0x6F, 0x69, 0x6E, 0x74, 0x73, 0x2E, 0x20, 0x46, 0x6F, 0x72, 0x63, 0x69, 0x6E,
    0x67, 0x20, 0x4C, 0x61, 0x67, 0x72, 0x61, 0x6E, 0x63, 0x65, 0x20, 0x69, 0x6E, 0x74, 0x65, 0x72,
    0x70, 0x6F, 0x6C, 0x61, 0x74, 0x69, 0x6F, 0x6E, 0x21, 0x00, 0x00, 0x00, 0x47, 0x53, 0x73, 0x70,
    0x6C, 0x69, 0x6E, 0x65, 0x43, 0x72, 0x65, 0x61, 0x74, 0x65, 0x3A, 0x20, 0x73, 0x70, 0x6C, 0x69,
    0x6E, 0x65, 0x20, 0x68, 0x61, 0x73, 0x20, 0x32, 0x20, 0x63, 0x6F, 0x6E, 0x74, 0x72, 0x6F, 0x6C,
    0x20, 0x70, 0x6F, 0x69, 0x6E, 0x74, 0x73, 0x3B, 0x20, 0x66, 0x6F, 0x72, 0x63, 0x69, 0x6E, 0x67,
    0x20, 0x4C, 0x69, 0x6E, 0x65, 0x61, 0x72, 0x20, 0x69, 0x6E, 0x74, 0x65, 0x72, 0x70, 0x6F, 0x6C,
    0x61, 0x74, 0x69, 0x6F, 0x6E, 0x21, 0x00, 0x00,
};

const void* lbl_80273D98[12] = {
    (void*)0x00000000,
    (void*)0x41600000,
    (void*)0x00000000,
    (void*)0x00000000,
    (void*)0x3F800000,
    (void*)0x00000000,
    (void*)0x00000000,
    (void*)0x00000000,
    (void*)0x42C80000,
    (void*)_cameraRestoreStateData,
    (void*)_cameraMakeStateData,
    (void*)_cameraGetStateSize,
};

const u8 lbl_80273DC8[364] = {
    0x00, 0x00, 0x00, 0x00, 0x00, 0x00, 0x00, 0x00, 0x00, 0x00, 0x00, 0x00, 0x00, 0x00, 0x00, 0x00,
    0x00, 0x00, 0x00, 0x00, 0x00, 0x00, 0x00, 0x00, 0x00, 0x00, 0x00, 0x00, 0x00, 0x00, 0x00, 0x00,
    0x00, 0x00, 0x00, 0x00, 0x00, 0x00, 0x00, 0x00, 0x00, 0x00, 0x00, 0x00, 0x00, 0x00, 0x00, 0x00,
    0x54, 0x61, 0x72, 0x67, 0x65, 0x74, 0x46, 0x6F, 0x6C, 0x6C, 0x6F, 0x77, 0x00, 0x00, 0x00, 0x00,
    0x4F, 0x66, 0x66, 0x73, 0x65, 0x74, 0x20, 0x41, 0x6E, 0x69, 0x6D, 0x65, 0x00, 0x00, 0x00, 0x00,
    0x54, 0x79, 0x70, 0x65, 0x3A, 0x20, 0x20, 0x5B, 0x25, 0x73, 0x5D, 0x00, 0x50, 0x6F, 0x73, 0x3A,
    0x20, 0x20, 0x28, 0x25, 0x2E, 0x33, 0x66, 0x2C, 0x20, 0x25, 0x2E, 0x33, 0x66, 0x2C, 0x20, 0x25,
    0x2E, 0x33, 0x66, 0x29, 0x00, 0x00, 0x00, 0x00, 0x52, 0x6F, 0x74, 0x3A, 0x20, 0x20, 0x20, 0x20,
    0x28, 0x25, 0x2E, 0x33, 0x66, 0x2C, 0x20, 0x25, 0x2E, 0x33, 0x66, 0x2C, 0x20, 0x25, 0x2E, 0x33,
    0x66, 0x29, 0x00, 0x00, 0x44, 0x69, 0x73, 0x3A, 0x20, 0x20, 0x20, 0x20, 0x28, 0x25, 0x2E, 0x33,
    0x66, 0x29, 0x00, 0x00, 0x48, 0x65, 0x69, 0x67, 0x68, 0x74, 0x3A, 0x20, 0x28, 0x25, 0x2E, 0x33,
    0x66, 0x29, 0x00, 0x00, 0x74, 0x61, 0x72, 0x67, 0x65, 0x74, 0x49, 0x44, 0x5B, 0x25, 0x30, 0x38,
    0x78, 0x3A, 0x20, 0x25, 0x30, 0x38, 0x78, 0x5D, 0x00, 0x00, 0x00, 0x00, 0x54, 0x61, 0x72, 0x67,
    0x65, 0x74, 0x3A, 0x20, 0x28, 0x25, 0x2E, 0x32, 0x66, 0x2C, 0x20, 0x25, 0x2E, 0x32, 0x66, 0x2C,
    0x20, 0x25, 0x2E, 0x32, 0x66, 0x29, 0x00, 0x00, 0x54, 0x61, 0x72, 0x67, 0x65, 0x74, 0x4F, 0x66,
    0x73, 0x3A, 0x28, 0x25, 0x2E, 0x32, 0x66, 0x2C, 0x20, 0x25, 0x2E, 0x32, 0x66, 0x2C, 0x20, 0x25,
    0x2E, 0x32, 0x66, 0x29, 0x00, 0x00, 0x00, 0x00, 0x4C, 0x6F, 0x6F, 0x6B, 0x41, 0x74, 0x3A, 0x20,
    0x28, 0x25, 0x2E, 0x32, 0x66, 0x2C, 0x20, 0x25, 0x2E, 0x32, 0x66, 0x2C, 0x20, 0x25, 0x2E, 0x32,
    0x66, 0x29, 0x00, 0x00, 0x46, 0x69, 0x65, 0x6C, 0x64, 0x20, 0x6F, 0x66, 0x20, 0x56, 0x69, 0x65,
    0x77, 0x3A, 0x28, 0x25, 0x2E, 0x33, 0x66, 0x29, 0x00, 0x00, 0x00, 0x00, 0x41, 0x73, 0x70, 0x65,
    0x63, 0x74, 0x3A, 0x28, 0x25, 0x2E, 0x33, 0x66, 0x29, 0x00, 0x00, 0x00, 0x4E, 0x65, 0x61, 0x72,
    0x20, 0x5A, 0x3A, 0x28, 0x25, 0x2E, 0x32, 0x66, 0x29, 0x00, 0x00, 0x00, 0x46, 0x61, 0x72, 0x20,
    0x5A, 0x3A, 0x28, 0x25, 0x2E, 0x32, 0x66, 0x29, 0x00, 0x00, 0x00, 0x00,
};

const u8 lbl_80273F34[60] = {
    0x63, 0x61, 0x6D, 0x65, 0x72, 0x61, 0x57, 0x61, 0x69, 0x74, 0x53, 0x79, 0x6E, 0x63, 0x41, 0x6E,
    0x69, 0x6D, 0x65, 0x28, 0x29, 0x20, 0x20, 0x83, 0x58, 0x83, 0x8C, 0x83, 0x62, 0x83, 0x68, 0x82,
    0xA9, 0x82, 0xE7, 0x8C, 0xC4, 0x82, 0xD4, 0x82, 0xE6, 0x82, 0xA4, 0x82, 0xC9, 0x82, 0xB5, 0x82,
    0xC4, 0x82, 0xAD, 0x82, 0xBE, 0x82, 0xB3, 0x82, 0xA2, 0x0A, 0x00, 0x00,
};

const u8 lbl_80273F70[11] = {
    0x67, 0x73, 0x66, 0x73, 0x79, 0x73, 0x2E, 0x74, 0x6F, 0x63, 0x00,
};

const u8 gap_04_80273F7B_rodata[5] = {
    0x00, 0x00, 0x00, 0x00, 0x00,
};

const u8 lbl_80273F80[12] = {
    0x73, 0x31, 0x5F, 0x6F, 0x75, 0x74, 0x2E, 0x66, 0x73, 0x79, 0x73, 0x00,
};

const u8 gap_04_80273F8C_rodata[4] = {
    0x00, 0x00, 0x00, 0x00,
};

const void* lbl_80273F90[6] = {
    (void*)peopleBiosPopData,
    (void*)peopleBiosPushData,
    (void*)peopleBiosGetPushDataSize,
    (void*)0x00000000,
    (void*)0x00000000,
    (void*)0x00000000,
};

const u8 lbl_80273FA8[12] = {
    0x00, 0x00, 0x00, 0x00, 0x00, 0x00, 0x00, 0x00, 0x00, 0x00, 0x00, 0x00,
};

const u8 lbl_80273FB4[12] = {
    0x00, 0x00, 0x00, 0x00, 0x00, 0x00, 0x00, 0x00, 0x00, 0x00, 0x00, 0x00,
};

const u8 lbl_80273FC0[24] = {
    0x00, 0x00, 0x00, 0x00, 0x00, 0x00, 0x00, 0x00, 0x00, 0x00, 0x00, 0x00, 0x00, 0x00, 0x00, 0x00,
    0x00, 0x00, 0x00, 0x00, 0x00, 0x00, 0x00, 0x00,
};

const u8 lbl_80273FD8[46] = {
    0x57, 0x61, 0x72, 0x69, 0x6E, 0x69, 0x6E, 0x67, 0x3A, 0x20, 0x70, 0x65, 0x6F, 0x70, 0x6C, 0x65,
    0x5B, 0x25, 0x64, 0x2C, 0x25, 0x64, 0x5D, 0x20, 0x67, 0x72, 0x6F, 0x75, 0x70, 0x20, 0x69, 0x73,
    0x20, 0x64, 0x69, 0x66, 0x66, 0x65, 0x72, 0x65, 0x6E, 0x74, 0x21, 0x21, 0x0A, 0x00,
};

const u8 gap_04_80274006_rodata[2] = {
    0x00, 0x00,
};

const u8 lbl_80274008[68] = {
    0x5B, 0x25, 0x73, 0x5D, 0x20, 0x70, 0x65, 0x6F, 0x70, 0x6C, 0x65, 0x5B, 0x25, 0x64, 0x2C, 0x25,
    0x64, 0x5D, 0x20, 0x83, 0x8B, 0x81, 0x5B, 0x83, 0x76, 0x83, 0x82, 0x81, 0x5B, 0x83, 0x56, 0x83,
    0x87, 0x83, 0x93, 0x82, 0xAA, 0x82, 0xA8, 0x82, 0xED, 0x82, 0xE9, 0x82, 0xDC, 0x82, 0xC5, 0x82,
    0xDC, 0x82, 0xC6, 0x82, 0xA4, 0x82, 0xC6, 0x82, 0xB5, 0x82, 0xDC, 0x82, 0xB5, 0x82, 0xBD, 0x0A,
    0x00, 0x00, 0x00, 0x00,
};

const u8 lbl_8027404C[44] = {
    0x70, 0x65, 0x6F, 0x70, 0x6C, 0x65, 0x41, 0x64, 0x64, 0x57, 0x61, 0x6C, 0x6B, 0x4C, 0x69, 0x73,
    0x74, 0x3A, 0x20, 0x20, 0x93, 0x6F, 0x98, 0x5E, 0x83, 0x8A, 0x83, 0x58, 0x83, 0x67, 0x82, 0xAA,
    0x91, 0xBD, 0x82, 0xB7, 0x82, 0xAC, 0x82, 0xDC, 0x82, 0xB7, 0x0A, 0x00,
};

const u8 lbl_80274078[384] = {
    0x5B, 0x25, 0x73, 0x5D, 0x3A, 0x20, 0x20, 0x88, 0xDA, 0x93, 0xAE, 0x82, 0xAA, 0x8F, 0x49, 0x82,
    0xE7, 0x82, 0xC8, 0x82, 0xA2, 0x82, 0xCC, 0x82, 0xC5, 0x8B, 0xAD, 0x90, 0xA7, 0x93, 0x49, 0x82,
    0xC9, 0x8F, 0x49, 0x97, 0xB9, 0x82, 0xB5, 0x82, 0xDC, 0x82, 0xB5, 0x82, 0xBD, 0x0A, 0x00, 0x00,
    0x74, 0x61, 0x6C, 0x6B, 0x20, 0x2D, 0x3E, 0x20, 0x20, 0x70, 0x65, 0x6F, 0x70, 0x6C, 0x65, 0x28,
    0x25, 0x64, 0x2C, 0x25, 0x64, 0x29, 0x20, 0x20, 0x6C, 0x65, 0x6E, 0x20, 0x3D, 0x25, 0x2E, 0x32,
    0x66, 0x20, 0x20, 0x61, 0x6E, 0x67, 0x20, 0x3D, 0x25, 0x2E, 0x32, 0x66, 0x20, 0x20, 0x61, 0x72,
    0x65, 0x61, 0x20, 0x3D, 0x25, 0x2E, 0x32, 0x66, 0x0A, 0x00, 0x00, 0x00, 0x57, 0x61, 0x72, 0x6E,
    0x69, 0x6E, 0x67, 0x81, 0x46, 0x20, 0x70, 0x65, 0x6F, 0x70, 0x6C, 0x65, 0x4F, 0x70, 0x65, 0x6E,
    0x28, 0x25, 0x30, 0x38, 0x78, 0x2C, 0x25, 0x30, 0x38, 0x78, 0x29, 0x20, 0x82, 0x51, 0x8F, 0x64,
    0x83, 0x49, 0x81, 0x5B, 0x83, 0x76, 0x83, 0x93, 0x0A, 0x00, 0x00, 0x00, 0x83, 0x47, 0x83, 0x89,
    0x81, 0x5B, 0x81, 0x46, 0x20, 0x70, 0x65, 0x6F, 0x70, 0x6C, 0x65, 0x4F, 0x70, 0x65, 0x6E, 0x28,
    0x25, 0x30, 0x38, 0x78, 0x2C, 0x25, 0x30, 0x38, 0x78, 0x29, 0x20, 0x83, 0x8F, 0x81, 0x5B, 0x83,
    0x4E, 0x82, 0xCC, 0x8A, 0x6D, 0x95, 0xDB, 0x82, 0xC9, 0x8E, 0xB8, 0x94, 0x73, 0x0A, 0x00, 0x00,
    0x83, 0x47, 0x83, 0x89, 0x81, 0x5B, 0x81, 0x46, 0x20, 0x70, 0x65, 0x6F, 0x70, 0x6C, 0x65, 0x4F,
    0x70, 0x65, 0x6E, 0x28, 0x25, 0x30, 0x38, 0x78, 0x2C, 0x25, 0x30, 0x38, 0x78, 0x29, 0x20, 0x90,
    0x6C, 0x82, 0xCC, 0x83, 0x49, 0x81, 0x5B, 0x83, 0x76, 0x83, 0x93, 0x82, 0xC9, 0x8E, 0xB8, 0x94,
    0x73, 0x0A, 0x00, 0x00, 0x45, 0x52, 0x52, 0x4F, 0x52, 0x21, 0x20, 0x5B, 0x25, 0x73, 0x5D, 0x3A,
    0x20, 0x50, 0x65, 0x6F, 0x70, 0x6C, 0x65, 0x5B, 0x25, 0x64, 0x2C, 0x25, 0x64, 0x5D, 0x20, 0x57,
    0x61, 0x6C, 0x6B, 0x4D, 0x6F, 0x74, 0x69, 0x6F, 0x6E, 0x5B, 0x25, 0x64, 0x5D, 0x20, 0x69, 0x73,
    0x20, 0x66, 0x72, 0x61, 0x6D, 0x65, 0x20, 0x7A, 0x65, 0x72, 0x6F, 0x2E, 0x0A, 0x00, 0x00, 0x00,
    0x45, 0x52, 0x52, 0x4F, 0x52, 0x21, 0x20, 0x5B, 0x25, 0x73, 0x5D, 0x3A, 0x20, 0x50, 0x65, 0x6F,
    0x70, 0x6C, 0x65, 0x5B, 0x25, 0x64, 0x2C, 0x25, 0x64, 0x5D, 0x20, 0x52, 0x75, 0x6E, 0x4D, 0x6F,
    0x74, 0x69, 0x6F, 0x6E, 0x5B, 0x25, 0x64, 0x5D, 0x20, 0x69, 0x73, 0x20, 0x66, 0x72, 0x61, 0x6D,
    0x65, 0x20, 0x7A, 0x65, 0x72, 0x6F, 0x2E, 0x0A, 0x00, 0x00, 0x00, 0x00, 0x00, 0x00, 0x00, 0x00,
};

const u8 lbl_802741F8[51] = {
    0x45, 0x52, 0x52, 0x4F, 0x52, 0x5B, 0x47, 0x53, 0x66, 0x6C, 0x61, 0x67, 0x53, 0x65, 0x74, 0x5D,
    0x3A, 0x49, 0x6E, 0x69, 0x74, 0x69, 0x61, 0x6C, 0x69, 0x7A, 0x61, 0x74, 0x69, 0x6F, 0x6E, 0x20,
    0x68, 0x61, 0x73, 0x20, 0x6E, 0x6F, 0x74, 0x20, 0x66, 0x69, 0x6E, 0x69, 0x73, 0x68, 0x65, 0x64,
    0x2E, 0x0A, 0x00,
};

const u8 gap_04_8027422B_rodata[1] = {
    0x00,
};

const u8 lbl_8027422C[88] = {
    0x45, 0x52, 0x52, 0x4F, 0x52, 0x5B, 0x47, 0x53, 0x66, 0x6C, 0x61, 0x67, 0x53, 0x65, 0x74, 0x5D,
    0x3A, 0x4F, 0x76, 0x65, 0x72, 0x66, 0x6C, 0x6F, 0x77, 0x20, 0x42, 0x69, 0x74, 0x56, 0x61, 0x6C,
    0x75, 0x65, 0x20, 0x46, 0x6C, 0x61, 0x67, 0x49, 0x44, 0x3D, 0x25, 0x64, 0x20, 0x56, 0x61, 0x6C,
    0x75, 0x65, 0x3D, 0x25, 0x64, 0x20, 0x28, 0x25, 0x64, 0x20, 0x42, 0x69, 0x74, 0x4C, 0x65, 0x6E,
    0x67, 0x74, 0x68, 0x3D, 0x25, 0x64, 0x29, 0x3E, 0x28, 0x4C, 0x69, 0x6D, 0x69, 0x74, 0x3D, 0x25,
    0x64, 0x42, 0x69, 0x74, 0x29, 0x2E, 0x0A, 0x00,
};

const u8 lbl_80274284[51] = {
    0x45, 0x52, 0x52, 0x4F, 0x52, 0x5B, 0x47, 0x53, 0x66, 0x6C, 0x61, 0x67, 0x47, 0x65, 0x74, 0x5D,
    0x3A, 0x49, 0x6E, 0x69, 0x74, 0x69, 0x61, 0x6C, 0x69, 0x7A, 0x61, 0x74, 0x69, 0x6F, 0x6E, 0x20,
    0x68, 0x61, 0x73, 0x20, 0x6E, 0x6F, 0x74, 0x20, 0x66, 0x69, 0x6E, 0x69, 0x73, 0x68, 0x65, 0x64,
    0x2E, 0x0A, 0x00,
};

const u8 gap_04_802742B7_rodata[1] = {
    0x00,
};

const u8 lbl_802742B8[432] = {
    0x45, 0x52, 0x52, 0x4F, 0x52, 0x5B, 0x47, 0x53, 0x66, 0x6C, 0x61, 0x67, 0x43, 0x6C, 0x65, 0x61,
    0x72, 0x5D, 0x3A, 0x49, 0x6E, 0x69, 0x74, 0x69, 0x61, 0x6C, 0x69, 0x7A, 0x61, 0x74, 0x69, 0x6F,
    0x6E, 0x20, 0x68, 0x61, 0x73, 0x20, 0x6E, 0x6F, 0x74, 0x20, 0x66, 0x69, 0x6E, 0x69, 0x73, 0x68,
    0x65, 0x64, 0x2E, 0x0A, 0x00, 0x00, 0x00, 0x00, 0x45, 0x52, 0x52, 0x4F, 0x52, 0x5B, 0x47, 0x53,
    0x66, 0x6C, 0x61, 0x67, 0x49, 0x6E, 0x69, 0x74, 0x5D, 0x3A, 0x4F, 0x76, 0x65, 0x72, 0x66, 0x6C,
    0x6F, 0x77, 0x20, 0x42, 0x69, 0x74, 0x4C, 0x65, 0x6E, 0x67, 0x74, 0x68, 0x20, 0x46, 0x6C, 0x61,
    0x67, 0x49, 0x44, 0x3D, 0x25, 0x64, 0x20, 0x28, 0x4C, 0x65, 0x6E, 0x67, 0x74, 0x68, 0x3D, 0x25,
    0x64, 0x29, 0x3E, 0x28, 0x4C, 0x69, 0x6D, 0x69, 0x74, 0x3D, 0x25, 0x64, 0x42, 0x69, 0x74, 0x29,
    0x2E, 0x0A, 0x00, 0x00, 0x45, 0x52, 0x52, 0x4F, 0x52, 0x5B, 0x47, 0x53, 0x66, 0x6C, 0x61, 0x67,
    0x49, 0x6E, 0x69, 0x74, 0x5D, 0x3A, 0x5A, 0x65, 0x72, 0x6F, 0x20, 0x42, 0x69, 0x74, 0x4C, 0x65,
    0x6E, 0x67, 0x74, 0x68, 0x20, 0x46, 0x6C, 0x61, 0x67, 0x49, 0x44, 0x3D, 0x25, 0x64, 0x20, 0x28,
    0x4C, 0x65, 0x6E, 0x67, 0x74, 0x68, 0x3D, 0x25, 0x64, 0x29, 0x3E, 0x28, 0x4C, 0x69, 0x6D, 0x69,
    0x74, 0x3D, 0x25, 0x64, 0x42, 0x69, 0x74, 0x29, 0x2E, 0x0A, 0x00, 0x00, 0x45, 0x52, 0x52, 0x4F,
    0x52, 0x5B, 0x47, 0x53, 0x66, 0x6C, 0x61, 0x67, 0x49, 0x6E, 0x69, 0x74, 0x5D, 0x3A, 0x4F, 0x76,
    0x65, 0x72, 0x66, 0x6C, 0x6F, 0x77, 0x20, 0x46, 0x6C, 0x61, 0x67, 0x4C, 0x65, 0x76, 0x65, 0x6C,
    0x30, 0x20, 0x28, 0x55, 0x73, 0x65, 0x20, 0x42, 0x79, 0x74, 0x65, 0x73, 0x3D, 0x25, 0x64, 0x29,
    0x3E, 0x3D, 0x28, 0x4C, 0x69, 0x6D, 0x69, 0x74, 0x20, 0x42, 0x79, 0x74, 0x65, 0x73, 0x3D, 0x25,
    0x64, 0x29, 0x2E, 0x0A, 0x00, 0x00, 0x00, 0x00, 0x45, 0x52, 0x52, 0x4F, 0x52, 0x5B, 0x47, 0x53,
    0x66, 0x6C, 0x61, 0x67, 0x49, 0x6E, 0x69, 0x74, 0x5D, 0x3A, 0x4F, 0x76, 0x65, 0x72, 0x66, 0x6C,
    0x6F, 0x77, 0x20, 0x46, 0x6C, 0x61, 0x67, 0x4C, 0x65, 0x76, 0x65, 0x6C, 0x31, 0x20, 0x28, 0x55,
    0x73, 0x65, 0x20, 0x42, 0x79, 0x74, 0x65, 0x73, 0x3D, 0x25, 0x64, 0x29, 0x3E, 0x3D, 0x28, 0x4C,
    0x69, 0x6D, 0x69, 0x74, 0x20, 0x42, 0x79, 0x74, 0x65, 0x73, 0x3D, 0x25, 0x64, 0x29, 0x2E, 0x0A,
    0x00, 0x00, 0x00, 0x00, 0x45, 0x52, 0x52, 0x4F, 0x52, 0x5B, 0x47, 0x53, 0x66, 0x6C, 0x61, 0x67,
    0x49, 0x6E, 0x69, 0x74, 0x5D, 0x3A, 0x4F, 0x76, 0x65, 0x72, 0x66, 0x6C, 0x6F, 0x77, 0x20, 0x46,
    0x6C, 0x61, 0x67, 0x4C, 0x65, 0x76, 0x65, 0x6C, 0x32, 0x20, 0x28, 0x55, 0x73, 0x65, 0x20, 0x42,
    0x79, 0x74, 0x65, 0x73, 0x3D, 0x25, 0x64, 0x29, 0x3E, 0x3D, 0x28, 0x4C, 0x69, 0x6D, 0x69, 0x74,
    0x20, 0x42, 0x79, 0x74, 0x65, 0x73, 0x3D, 0x25, 0x64, 0x29, 0x2E, 0x0A, 0x00, 0x00, 0x00, 0x00,
};

const u8 lbl_80274468[24] = {
    0x73, 0x79, 0x73, 0x64, 0x6F, 0x6C, 0x70, 0x68, 0x69, 0x6E, 0x5F, 0x62, 0x61, 0x73, 0x65, 0x5F,
    0x6C, 0x69, 0x62, 0x72, 0x61, 0x72, 0x79, 0x00,
};

const u8 lbl_80274480[9] = {
    0x68, 0x61, 0x64, 0x5F, 0x77, 0x6F, 0x62, 0x6A, 0x00,
};

const u8 gap_04_80274489_rodata[3] = {
    0x00, 0x00, 0x00,
};

const u8 lbl_8027448C[11] = {
    0x77, 0x6F, 0x62, 0x6A, 0x2D, 0x3E, 0x61, 0x6F, 0x62, 0x6A, 0x00,
};

const u8 gap_04_80274497_rodata[1] = {
    0x00,
};

const u8 lbl_80274498[13] = {
    0x6A, 0x70, 0x2D, 0x3E, 0x75, 0x2E, 0x73, 0x70, 0x6C, 0x69, 0x6E, 0x65, 0x00,
};

const u8 gap_04_802744A5_rodata[3] = {
    0x00, 0x00, 0x00,
};

const u8 lbl_802744A8[65] = {
    0x48, 0x53, 0x44, 0x5F, 0x41, 0x72, 0x63, 0x68, 0x69, 0x76, 0x65, 0x50, 0x61, 0x72, 0x73, 0x65,
    0x3A, 0x20, 0x62, 0x79, 0x74, 0x65, 0x2D, 0x6F, 0x72, 0x64, 0x65, 0x72, 0x20, 0x6D, 0x69, 0x73,
    0x6D, 0x61, 0x74, 0x63, 0x68, 0x21, 0x20, 0x50, 0x6C, 0x65, 0x61, 0x73, 0x65, 0x20, 0x63, 0x68,
    0x65, 0x63, 0x6B, 0x20, 0x64, 0x61, 0x74, 0x61, 0x20, 0x66, 0x6F, 0x72, 0x6D, 0x61, 0x74, 0x0A,
    0x00,
};

const u8 gap_04_802744E9_rodata[7] = {
    0x00, 0x00, 0x00, 0x00, 0x00, 0x00, 0x00,
};

const u8 lbl_802744F0[160] = {
    0x62, 0x79, 0x74, 0x65, 0x63, 0x6F, 0x64, 0x65, 0x2E, 0x63, 0x00, 0x00, 0x6F, 0x70, 0x65, 0x72,
    0x61, 0x6E, 0x64, 0x20, 0x3C, 0x20, 0x6E, 0x62, 0x5F, 0x61, 0x72, 0x67, 0x73, 0x00, 0x00, 0x00,
    0x73, 0x70, 0x65, 0x63, 0x69, 0x66, 0x69, 0x65, 0x64, 0x20, 0x73, 0x74, 0x61, 0x63, 0x6B, 0x20,
    0x64, 0x6F, 0x65, 0x73, 0x6E, 0x27, 0x74, 0x20, 0x65, 0x78, 0x69, 0x73, 0x74, 0x20, 0x28, 0x25,
    0x64, 0x29, 0x2E, 0x0A, 0x00, 0x00, 0x00, 0x00, 0x6E, 0x6F, 0x74, 0x20, 0x79, 0x65, 0x74, 0x20,
    0x69, 0x6D, 0x70, 0x6C, 0x65, 0x6D, 0x65, 0x6E, 0x74, 0x65, 0x64, 0x2E, 0x0A, 0x00, 0x00, 0x00,
    0x75, 0x6E, 0x65, 0x78, 0x70, 0x65, 0x63, 0x74, 0x65, 0x64, 0x20, 0x62, 0x79, 0x74, 0x65, 0x20,
    0x63, 0x6F, 0x64, 0x65, 0x2E, 0x0A, 0x00, 0x00, 0x73, 0x74, 0x61, 0x63, 0x6B, 0x2D, 0x3E, 0x6E,
    0x65, 0x78, 0x74, 0x00, 0x75, 0x6E, 0x65, 0x78, 0x70, 0x65, 0x63, 0x74, 0x65, 0x64, 0x20, 0x6F,
    0x70, 0x63, 0x6F, 0x64, 0x65, 0x20, 0x30, 0x78, 0x25, 0x78, 0x2E, 0x0A, 0x00, 0x00, 0x00, 0x00,
};

const u8 lbl_80274590[24] = {
    0x73, 0x79, 0x73, 0x64, 0x6F, 0x6C, 0x70, 0x68, 0x69, 0x6E, 0x5F, 0x62, 0x61, 0x73, 0x65, 0x5F,
    0x6C, 0x69, 0x62, 0x72, 0x61, 0x72, 0x79, 0x00,
};

const u8 lbl_802745A8[10] = {
    0x68, 0x73, 0x64, 0x5F, 0x63, 0x6C, 0x61, 0x73, 0x73, 0x00,
};

const u8 gap_04_802745B2_rodata[2] = {
    0x00, 0x00,
};

const u8 lbl_802745B4[56] = {
    0x63, 0x6C, 0x61, 0x73, 0x73, 0x5F, 0x69, 0x6E, 0x66, 0x6F, 0x2D, 0x3E, 0x68, 0x65, 0x61, 0x64,
    0x2E, 0x6F, 0x62, 0x6A, 0x5F, 0x73, 0x69, 0x7A, 0x65, 0x20, 0x3E, 0x3D, 0x20, 0x70, 0x61, 0x72,
    0x65, 0x6E, 0x74, 0x5F, 0x69, 0x6E, 0x66, 0x6F, 0x2D, 0x3E, 0x68, 0x65, 0x61, 0x64, 0x2E, 0x6F,
    0x62, 0x6A, 0x5F, 0x73, 0x69, 0x7A, 0x65, 0x00,
};

const u8 lbl_802745EC[58] = {
    0x63, 0x6C, 0x61, 0x73, 0x73, 0x5F, 0x69, 0x6E, 0x66, 0x6F, 0x2D, 0x3E, 0x68, 0x65, 0x61, 0x64,
    0x2E, 0x69, 0x6E, 0x66, 0x6F, 0x5F, 0x73, 0x69, 0x7A, 0x65, 0x20, 0x3E, 0x3D, 0x20, 0x70, 0x61,
    0x72, 0x65, 0x6E, 0x74, 0x5F, 0x69, 0x6E, 0x66, 0x6F, 0x2D, 0x3E, 0x68, 0x65, 0x61, 0x64, 0x2E,
    0x69, 0x6E, 0x66, 0x6F, 0x5F, 0x73, 0x69, 0x7A, 0x65, 0x00,
};

const u8 gap_04_80274626_rodata[2] = {
    0x00, 0x00,
};

const u8 lbl_80274628[24] = {
    0x73, 0x79, 0x73, 0x64, 0x6F, 0x6C, 0x70, 0x68, 0x69, 0x6E, 0x5F, 0x62, 0x61, 0x73, 0x65, 0x5F,
    0x6C, 0x69, 0x62, 0x72, 0x61, 0x72, 0x79, 0x00,
};

const u8 lbl_80274640[9] = {
    0x68, 0x73, 0x64, 0x5F, 0x63, 0x6F, 0x62, 0x6A, 0x00,
};

const u8 gap_04_80274649_rodata[3] = {
    0x00, 0x00, 0x00,
};

const u8 lbl_8027464C[19] = {
    0x69, 0x6C, 0x6C, 0x65, 0x67, 0x61, 0x6C, 0x20, 0x75, 0x70, 0x20, 0x76, 0x65, 0x63, 0x74, 0x6F,
    0x72, 0x2E, 0x00,
};

const u8 gap_04_8027465F_rodata[1] = {
    0x00,
};

const u8 lbl_80274660[13] = {
    0x63, 0x6F, 0x62, 0x6A, 0x2D, 0x3E, 0x65, 0x79, 0x65, 0x70, 0x6F, 0x73, 0x00,
};

const u8 gap_04_8027466D_rodata[3] = {
    0x00, 0x00, 0x00,
};

const u8 lbl_80274670[15] = {
    0x63, 0x6F, 0x62, 0x6A, 0x2D, 0x3E, 0x69, 0x6E, 0x74, 0x65, 0x72, 0x65, 0x73, 0x74, 0x00,
};

const u8 gap_04_8027467F_rodata[1] = {
    0x00,
};

const u8 lbl_80274680[29] = {
    0x75, 0x6E, 0x6B, 0x6F, 0x77, 0x6E, 0x20, 0x74, 0x79, 0x70, 0x65, 0x20, 0x6F, 0x66, 0x20, 0x72,
    0x65, 0x6E, 0x64, 0x65, 0x72, 0x20, 0x70, 0x61, 0x73, 0x73, 0x2E, 0x0A, 0x00,
};

const u8 gap_04_8027469D_rodata[3] = {
    0x00, 0x00, 0x00,
};

const u8 lbl_802746A0[22] = {
    0x25, 0x73, 0x20, 0x69, 0x6E, 0x20, 0x25, 0x73, 0x20, 0x6F, 0x6E, 0x20, 0x6C, 0x69, 0x6E, 0x65,
    0x20, 0x25, 0x64, 0x2E, 0x0A, 0x00,
};

const u8 gap_04_802746B6_rodata[2] = {
    0x00, 0x00,
};

const u8 lbl_802746B8[22] = {
    0x61, 0x73, 0x73, 0x65, 0x72, 0x74, 0x69, 0x6F, 0x6E, 0x20, 0x22, 0x25, 0x73, 0x22, 0x20, 0x66,
    0x61, 0x69, 0x6C, 0x65, 0x64, 0x00,
};

const u8 gap_04_802746CE_rodata[2] = {
    0x00, 0x00,
};

const u8 lbl_802746D0[12] = {
    0x00, 0x00, 0x00, 0x00, 0x00, 0x00, 0x00, 0x00, 0x3F, 0x80, 0x00, 0x00,
};

const u8 lbl_802746DC[14] = {
    0x64, 0x69, 0x73, 0x70, 0x6C, 0x61, 0x79, 0x66, 0x75, 0x6E, 0x63, 0x2E, 0x63, 0x00,
};

const u8 gap_04_802746EA_rodata[2] = {
    0x00, 0x00,
};

const u8 lbl_802746EC[27] = {
    0x75, 0x6E, 0x6B, 0x6F, 0x77, 0x6E, 0x20, 0x74, 0x79, 0x70, 0x65, 0x20, 0x6F, 0x66, 0x20, 0x62,
    0x69, 0x6C, 0x6C, 0x62, 0x6F, 0x61, 0x72, 0x64, 0x2E, 0x0A, 0x00,
};

const u8 gap_04_80274707_rodata[1] = {
    0x00,
};

const u8 lbl_80274708[24] = {
    0x73, 0x79, 0x73, 0x64, 0x6F, 0x6C, 0x70, 0x68, 0x69, 0x6E, 0x5F, 0x62, 0x61, 0x73, 0x65, 0x5F,
    0x6C, 0x69, 0x62, 0x72, 0x61, 0x72, 0x79, 0x00,
};

const u8 lbl_80274720[9] = {
    0x68, 0x73, 0x64, 0x5F, 0x64, 0x6F, 0x62, 0x6A, 0x00,
};

const u8 gap_04_80274729_rodata[3] = {
    0x00, 0x00, 0x00,
};

const u8 lbl_8027472C[43] = {
    0x6D, 0x6F, 0x62, 0x6A, 0x20, 0x68, 0x61, 0x73, 0x20, 0x75, 0x6E, 0x65, 0x78, 0x70, 0x65, 0x63,
    0x74, 0x65, 0x64, 0x20, 0x62, 0x6C, 0x65, 0x6E, 0x64, 0x69, 0x6E, 0x67, 0x20, 0x66, 0x6C, 0x61,
    0x67, 0x73, 0x20, 0x28, 0x30, 0x78, 0x25, 0x78, 0x29, 0x2E, 0x00,
};

const u8 gap_04_80274757_rodata[1] = {
    0x00,
};
